new_id,Годовая выручка
0,565794562.6874112
1,575065119.4031222
2,828109986.658014
3,1357893698.5885334
4,890114638.4127274
5,362210009.97368765
6,1587740505.2482672
7,692934299.8502593
8,421055608.6917375
9,771729095.3741206
10,681529551.5488101
11,466620690.28779846
12,358409486.77466387
13,1042134357.351973
14,882916632.5821954
15,453316665.70867205
16,909917403.3158036
17,679489554.3245062
18,1129071543.074497
19,460377119.43208694
20,1021311678.6548915
21,837566523.0077715
22,436358416.863846
23,636999708.6717715
24,751577706.2286469
25,549232195.0667378
26,1423413798.2456026
27,759774733.316536
28,517823273.95329356
29,578827758.7573379
31,555586581.9415648
32,469348307.9455538
33,274431025.1381311
34,1239274334.1657662
35,1115943245.6313345
36,517785695.719405
37,626737008.9812896
38,404456292.19785273
39,1111823182.062483
40,423345309.36215544
41,364255315.6917166
42,361928250.013164
43,407510716.85528105
44,1066177340.4743978
45,1160634126.7577116
46,815354749.1795983
47,907319442.5069033
48,1036193435.2071255
49,522182649.0477787
50,665130321.3883837
51,798124740.7002035
52,815129219.0818834
54,772978392.8750505
55,496659711.22183686
56,467259532.0949841
57,664116704.4186441
58,691233119.5318012
59,362072251.8146349
60,708482518.8287446
61,304309346.00942636
62,489732161.7618817
63,513024024.0259599
64,502947900.1364603
65,485945879.12842584
66,497359803.19088084
67,345353169.33126354
68,502508815.35745525
70,657398043.5198714
71,539359921.9866312
72,873597836.4822395
73,647089026.5502701
74,1354638256.972452
75,428099846.47060305
76,829820522.3245345
78,383095797.84441745
79,963924023.0020137
80,1227863646.674319
81,431753889.60764396
82,742108841.1019628
83,692909649.7942791
84,1026739765.9867392
85,553541142.0820479
86,811279287.3912933
87,587761900.7254246
88,1222475148.6986275
89,633004533.0805653
91,704357845.3253324
93,721110428.2716764
94,635704482.0680009
95,733178326.7502106
96,606662815.837385
97,750564540.6129105
98,463590494.6792277
99,616142939.3755697
101,810298123.5214436
102,753370082.9633781
103,511987011.8692044
104,578958350.0026166
105,802378080.4021866
106,1032893843.6931703
107,560132211.9245205
108,975611126.3808006
109,272988833.1680567
110,578454175.6036627
111,1474546446.7820668
112,628942268.0711502
113,1302534048.3057048
114,891209115.4635801
115,452405757.7003504
116,470463672.4635203
117,834014372.5188452
118,1414877138.580908
119,812489909.545498
120,547852893.2749622
122,612179637.8513088
123,984788676.4490222
124,468244601.0488205
125,667253773.5303704
126,404970759.4528684
127,562399628.7727307
128,614345643.9177743
129,807362142.3940426
130,812487759.7101203
131,1225267527.327573
132,652244833.160371
133,449454838.91647464
134,844070119.558079
135,1213339987.8142836
137,820826580.6377871
138,1031536603.3342129
139,505842567.3847908
140,455084815.89286953
141,680380873.0010055
142,777372016.8566896
143,459235792.6118179
144,1160802754.2624342
145,466887929.2627937
146,524418253.4691549
147,332382047.384411
148,1197628952.7246664
149,419502938.8061533
150,1107054697.7217805
151,1170352090.8277872
152,803243033.7282457
153,508464057.8694695
154,539604561.0629036
155,1127423850.7630513
156,587304685.4207067
157,825171837.2032087
158,559250187.0190367
160,597507252.5769502
162,397012221.37018085
163,537872998.4088098
164,598436765.3194827
165,747025956.4862808
166,654190846.8896346
167,459866742.87858355
168,576295697.4363
169,582534555.596863
170,526332517.2251468
171,615619445.3831921
172,816171504.2005422
173,732158246.1974428
174,588828882.832061
175,406097747.8069288
176,955727749.0276458
177,506376513.44289297
178,752798092.3298452
179,502275514.4777118
180,1042733735.2971079
183,663627472.1353953
184,658940341.4673308
185,820482618.5574679
186,571078303.9943644
187,636421663.0070434
188,743895401.7891146
189,442728578.49231315
190,436137357.9430516
191,433297167.67579865
192,369753801.95482844
193,510757673.80599785
194,834423920.9941194
195,804609335.7337457
196,369633158.51419926
197,934507639.497986
198,488729252.65673167
199,531704704.23017204
200,543535085.3527348
201,529129555.9857629
202,443574892.5304184
203,792459019.0513852
204,504314930.4800834
205,454140757.5968819
206,582975420.9925495
207,933539919.6739597
208,1026154411.9034973
209,935268300.3400754
210,432805905.1583456
211,766901684.2222337
212,474008194.293948
213,1075525960.4806068
214,675946656.1982207
215,633051586.9983361
216,451940169.19418925
217,791774311.3955013
218,558085069.96754
219,923982921.6599361
220,753236094.2410934
222,897987788.5218669
223,1367287293.514735
224,546973909.4017491
225,866337762.3300159
226,817698140.443599
227,640352495.230523
228,942113061.8101242
229,606556770.9938296
231,403947064.81652385
232,417245871.47414225
233,731748111.6136733
234,570183534.315382
235,516116933.46768713
236,550684901.8553603
237,779374354.0569726
238,844033202.7408497
240,714409309.135493
241,241634250.4884277
242,521841025.2891597
243,886892167.738644
244,1755543319.9593706
245,516844509.43287206
246,330794315.7899699
247,624759964.9564387
248,1068654132.0476215
250,680154457.2635413
251,898771574.9038854
252,1157765103.8571973
253,658461236.1673415
254,1143834584.3623955
255,1003511055.5362997
256,1011945773.2139044
257,1092888861.0814815
258,741498624.5630313
259,691325357.8669541
260,1217214306.5777037
261,524193766.0463323
262,1483333396.3447378
263,1044239864.4111404
264,1671485876.8404498
265,627257191.4698999
266,547673997.4542447
267,705576387.6807555
268,549299276.679836
269,723713493.9551494
270,354385432.10825944
271,519095138.211718
272,734707639.131522
273,504088234.9365157
274,367323880.02519095
275,1082365021.908554
276,787796707.1489722
277,323838938.9433163
278,895631617.5820712
279,506533263.6098014
280,751506412.9072925
281,557851125.7890978
282,974811040.8884351
283,333713577.71119595
284,703854608.7583814
285,914577983.9486978
286,451087468.167105
287,692644724.1134751
288,451750826.164459
289,578611195.7386394
290,444483551.88925606
291,539285336.0383484
293,750335502.2327969
294,702648136.0119537
295,1141219597.0230482
296,435914709.3076953
297,607016229.2063774
298,1331087177.4687169
299,1476690840.8474183
300,639961548.5134304
301,707464083.0700829
302,829410131.1652437
303,336656367.9677505
304,486631053.6829436
305,404637596.86920226
306,675233508.7079058
307,525076815.4817721
309,429111687.6403559
310,343996140.63693035
311,452252780.6161115
312,674363301.6384734
313,1243215432.107607
314,596459832.7725134
315,605326603.0008223
316,416623654.24248505
317,555570775.5055723
319,727755632.4789375
320,706632224.4548037
321,1040040599.7586817
322,1034494608.1565919
323,1598821965.7366655
324,279289687.61041147
325,1065658846.3616098
326,347920914.22137916
329,1086189598.9613583
330,548666390.7259939
331,753186920.680753
332,549758552.4475095
333,486532284.71027577
335,577922714.3759474
336,601905743.473318
337,703744928.9152304
338,725000538.1458417
339,427815688.9768652
340,457682144.01696587
341,585349676.2269083
342,573980668.1874769
343,449818114.11806256
345,641403616.7920387
346,439823799.93031454
347,497342823.88309544
348,571953520.4809037
349,1153120244.2343254
350,1362283772.9554825
351,701198194.6016234
352,759819021.0655036
353,807636524.7316889
354,745500043.8936186
355,490326091.9409708
356,715474516.6536987
357,477449557.547262
358,357544312.1222519
359,410025618.25426626
360,1477783557.6427014
361,1078418498.906767
362,570835836.4904958
363,950327273.7870789
364,581175073.2476077
365,689031256.5020503
366,312665632.63396627
367,672120815.4787401
368,1000100172.1409427
369,576493925.0598477
370,677499845.0889231
371,435691322.000432
372,756443744.9791118
373,965413229.7171782
374,423509592.0271847
375,368781950.21959186
376,1145198564.612958
377,437194572.3778877
378,584680824.9970555
379,380051919.78756255
380,732082965.4064708
381,809690125.3975539
382,438631180.35699075
383,1275910079.9364798
384,453187434.46706873
385,608740057.158109
386,1629785509.203555
387,507924599.416574
388,835850705.8126242
389,449852310.077222
390,404925381.8651908
391,770409935.6057936
392,624603559.7996917
393,501070538.4908828
394,702424441.8295105
395,631306668.637852
396,309610162.6234259
397,684685038.3731539
398,437672303.125171
399,347418311.677045
400,819667541.152169
401,656576725.5558342
402,446304142.49087363
403,419274647.61783487
404,323133256.1265177
405,1175840630.3561084
406,618763967.9168826
407,888085850.91648
408,679397481.7629274
410,407876683.2331592
411,585269208.0189911
412,637957504.8708053
413,383544643.25374126
414,612578244.3929809
415,493339363.8025581
416,999257844.0391347
418,380478506.9833709
419,606052440.2630306
420,656938296.6747575
421,674774533.9330332
422,466007054.8909473
423,641086386.2268437
424,651469539.2080048
425,1009604889.5114254
426,350158180.40603745
427,2097003508.5155206
428,520252660.840766
429,537045942.144858
430,1013706526.5784009
431,418256413.4851558
432,560369389.1847308
433,705259640.0486501
434,576417696.3196715
435,1218538896.3983898
436,722044456.9929435
437,437599916.53918296
438,462075171.85482323
439,767545461.4793146
440,603494236.043558
441,689390552.4343506
442,529788971.52964276
443,1446177713.5895793
444,516617625.4406592
445,867602174.3809022
446,727228849.860277
447,465769382.6856245
448,1093702728.6734552
449,427672499.66081077
450,774706229.0375968
451,489227645.3071524
452,770097491.7988449
453,506070114.9485667
454,1713795416.6989126
455,380648487.98745227
456,613257389.4338989
457,506322348.9169826
458,345833727.67884517
459,1426959087.105579
460,594707200.487247
461,916353097.5776151
462,707278096.5048944
463,897218876.1839921
464,645326461.5524085
465,841864371.9004087
466,317992930.46529454
467,1664293770.4288218
468,871722994.4655774
469,921326639.0093476
470,1283358037.9084585
471,1278050161.5721333
472,328109983.9968678
473,558745176.5968819
474,949218217.1642089
475,521023819.4974239
476,1001527470.7780467
477,697951575.4723322
478,783156601.3538101
479,512235463.4776083
480,467342407.8122635
481,761463190.451382
482,518168669.8197638
483,800544818.1512692
484,2041277602.047713
485,470135919.1067994
486,394517831.3187797
487,557086479.2416782
488,329831541.5725945
489,542586977.5138868
490,463910766.6483664
491,434158670.557662
492,987558405.7540838
493,824227104.0983891
494,547762815.3376952
495,613113710.7763803
496,1183687779.6972656
497,456232996.1224208
498,996057757.5944332
499,1112769962.767862
500,742071112.5103488
501,583273545.6917644
502,533900051.41404235
503,743210455.4914868
504,711308578.6990876
506,460340859.36981255
507,453433330.7578706
508,668516031.7624109
509,595560990.1924857
510,843332481.5224156
511,1002165380.3588427
512,479016268.247349
513,640526005.610371
514,317316641.53039634
516,581074346.8470072
517,537458718.5360883
518,819002121.336275
519,370085631.369669
520,887802269.4030528
521,375040214.98341846
522,1407846421.9265807
523,551518299.640398
524,570582659.9751976
525,474361221.87648433
526,519593845.7157492
527,985649013.6890718
528,1544264956.2867184
529,583436502.3534632
530,873573604.6998208
531,793671358.9723603
532,474335545.73751277
533,707542534.5942657
534,874929397.1029224
535,704207269.9243824
536,443684377.7049339
537,282039410.0089741
538,601099182.7058431
539,530482608.00164276
540,442789568.32558894
541,1131009941.0106137
542,669045229.7938249
543,460630894.3572614
544,709435832.2566391
545,1040026823.264902
546,1276100422.7714036
547,1743984963.0030413
548,1211065003.730644
549,333969102.97181934
550,753020491.9450808
551,417054763.5833026
552,467636528.3614096
553,1090767135.5501313
554,475456365.161661
555,407206721.93218523
556,605168708.9505926
557,413483360.2178627
558,516021344.59142655
559,1004425680.1320461
560,386029347.7042447
561,1872045723.6496544
562,1249674941.0266933
563,572562767.3884908
564,399946391.894255
565,372627548.5002945
566,1241680213.7725184
567,477604343.1837429
568,406087552.6090562
569,542073097.5937195
570,605045949.9947486
572,657741180.7738173
573,473827962.24600726
574,309844582.31492674
575,429764759.06177485
576,929766860.1892344
577,716360174.2695398
578,799378173.6208074
579,443159789.6887173
580,864319381.0266517
581,447557727.46907485
583,667683884.2706789
584,854348124.8308207
585,917597353.176617
586,661553726.8236283
587,831953061.4685197
588,619599412.8802384
589,474676360.2236426
590,502840863.2598756
591,501247201.4707331
592,777051114.6682494
593,645974113.2856555
594,857193525.7821157
595,498200573.3563459
596,628090284.249286
597,856925727.6990561
598,995627149.033323
599,378372765.6589296
600,692476771.975517
601,432576506.0509191
602,634424878.2954857
603,403738095.2516304
604,828820727.5602285
605,415039912.2992904
606,820316802.0028437
607,514417283.73929477
608,801132445.0502455
609,924164167.8140426
610,454678544.70527875
611,540248665.6878765
612,992717866.5385722
613,576351824.9679877
614,385643586.43801385
615,589639229.3814151
616,569499196.6123749
617,1097423009.0598714
618,696929427.9209896
620,1276298621.7625422
621,374405980.2657344
623,1542431882.2756119
624,398075821.3734456
625,393127456.31502724
626,481243601.94592094
627,623212393.9464786
628,648629414.6730207
629,524026006.8762684
630,901885716.9102733
631,499586996.17929757
632,646093621.6775249
633,252930972.74236706
634,440705058.2037569
635,478276589.6441208
636,1455102340.9464135
638,423286919.0407556
639,1217924203.2574844
640,1592830928.9933584
641,585826173.4989249
642,1214451848.0219376
643,826447270.7630589
644,1433889976.081308
645,557602210.6105087
646,1074323572.3266044
647,1011062231.6333911
648,940464114.1629074
649,404504220.6272342
650,473411919.17925775
651,631220340.8954318
652,640876420.0735197
653,346691585.566867
654,795744231.0035241
655,650985491.1605161
656,1354565725.122082
657,366159113.9545932
658,483892597.2056168
659,646625404.7134405
660,1466170000.5012403
661,751011159.9650943
662,584020810.0114651
663,483010102.24960715
664,424651489.8153808
665,617685094.6835676
666,472174718.8420131
667,590714331.3240238
668,1301018544.47691
669,864265417.3113015
671,1505439313.585874
673,432297288.04584014
674,1503348580.4495091
675,628214589.1802939
676,632912626.6266817
677,1385447493.5401716
678,383561346.24937576
679,677660880.5887854
680,425804777.39447904
681,453510890.81415284
682,764334220.6046059
683,1631460189.4973066
684,741757581.9211574
685,302767691.1186538
686,499125695.9104821
687,1551623143.5810776
689,920789083.99902
690,503467331.4559086
691,624405914.8162194
692,511779003.7530918
693,906955041.9944823
695,840414817.6468143
696,459891462.50577605
697,593579631.2972546
698,566621990.9581656
699,839011015.1489178
700,1558572150.9104183
702,602058972.0946853
703,652894005.283528
704,790525285.5417747
705,802672205.6424862
706,871824233.5325
707,680654144.1817192
708,568286121.8137327
709,570198877.0757557
710,1186627469.06156
711,435223027.55844307
712,425087352.05418694
713,1440374467.973113
714,375939506.34413344
715,409105351.8282624
716,389360631.84112906
717,527698465.67728364
718,762745918.2788666
719,1184479166.50985
720,1471936771.4470255
721,1817178192.414751
722,905040290.2655568
723,360381717.8813012
724,402026312.2863321
725,890081136.3086091
726,569189772.8885542
728,469227123.23854125
729,786946756.3134223
730,416750153.8864726
731,504252394.49023616
732,891138261.8462801
733,347296219.20306987
734,387882694.19767225
735,378956995.0369035
736,1065055935.3040489
737,583949613.5213066
738,530700282.8185902
739,478925079.4655646
740,505016400.6908322
741,909686135.4011344
742,1340940240.8601136
743,656818806.2868407
744,785943322.4139162
745,885640569.1114243
746,1881810501.2321467
747,1151721372.4248388
748,518956544.5367217
749,1645977687.68536
750,288562111.2856016
751,665816925.0659188
752,625527268.5588245
753,301562421.06190705
754,526826831.6086729
755,892873718.9463726
757,1154299383.0779138
758,1138614894.7405872
759,674200861.9690596
760,1095360911.5821674
761,587388980.8947811
762,1605007910.3774984
763,810270546.0324277
764,888429123.9290154
767,522493045.34750235
768,718957481.6019822
769,1195426857.8986068
770,923325450.5200763
771,1481943367.3771086
772,1140362320.3792992
773,507935891.9827968
774,570692671.026783
775,492451958.91292727
776,792738117.4318389
777,1048415170.3046932
778,640141105.3014123
779,443400702.92417294
780,352835655.6462599
781,678061928.1260546
782,721515335.0313016
783,1070373856.4839143
784,465533582.1755986
785,581252302.5459203
786,612804604.791293
787,525540547.42906547
788,570468743.0613692
789,433888309.5946941
790,1459666713.007453
791,832721984.1091548
792,679282348.3720276
793,704893646.0411507
794,1061947282.1704254
795,332623850.5999949
796,561455235.6756084
797,287911574.1762268
798,765966431.8839952
799,610155225.6776285
800,935130942.7131218
801,509450400.97256684
802,1076206215.4989612
803,899908778.7905184
804,515001851.7890935
805,1492454184.8597143
806,565118309.1365824
807,538293059.312072
808,578429568.3715601
809,483367258.1690627
810,716235494.403794
812,970671237.2519995
813,443537152.97984135
814,370757870.5892726
815,338790274.9298136
816,1058600257.2211336
817,306266237.77639383
818,615099860.8223907
819,850893326.2659812
820,598456963.7088245
821,527596226.2604784
822,577254543.0380586
823,1863442143.4520957
824,570224974.051947
825,477709127.8058536
826,449103014.0023267
827,820754311.9120215
828,653258751.0668532
829,695087023.2044146
830,1911892246.1925693
831,732389955.6055312
832,1992192365.7178802
833,603675240.3895414
834,621693701.9212402
835,618266126.1332861
836,1392535506.5901105
837,1048511057.6624212
838,714825320.3000644
839,864768619.0954502
840,589557842.5186232
841,659371660.2986708
842,622027563.4612379
843,457336289.4162487
844,478832271.5356625
845,1615516768.5385532
846,434478454.8340638
847,328588229.9113809
848,465712990.6853368
850,811312869.2364544
851,563302207.1805061
852,780837824.5475913
853,575981443.6891644
854,726082442.7522342
855,692607955.3118535
857,976854214.4488294
858,1019483533.3533256
859,663499841.6197168
860,587411636.8527809
861,1210129695.2230756
862,439374888.88517815
863,574565324.1417706
864,410254220.81743884
865,655629179.4023367
866,663404873.737672
867,754332012.2355549
868,1487965361.9839587
869,882716722.2313914
870,670558129.9720893
871,911200470.4354132
872,965269427.6783137
873,870859243.4338628
874,494744694.3875048
875,1373107760.2930796
876,1290082283.2720132
877,758894505.0867518
878,403373221.3767153
879,411263141.1346838
880,990542109.9305992
881,436802634.58304405
882,363499347.4904294
883,1395891725.030682
884,621626766.0711942
885,754976671.8914388
886,346495974.675255
887,578593674.9561106
888,699542230.9777434
889,747824041.59417
890,1181670017.1076481
891,777196991.7717507
892,693294434.1279669
893,885397784.7284055
894,1977202572.989866
895,377684541.0080479
896,663795517.6842797
897,664948146.433655
898,536426198.0756118
899,389754677.1837281
900,1235011512.448241
901,328516867.20275307
902,407632060.20839137
903,415474889.976146
905,491061149.72968
906,558011788.2768816
907,360462325.0437431
908,541753495.0797534
909,644733437.3151311
910,832074432.1769563
911,726130978.123532
912,580120038.5512651
913,959469235.2259369
916,535495792.0532555
917,660173804.6334674
918,978257925.1172988
919,378083223.3113058
920,721471515.0906268
921,584787260.0872798
922,612967251.2942711
923,393876822.9266046
924,1071409706.7085279
925,532888456.01597553
926,353534812.4663159
927,970522595.2459427
928,567117131.150632
929,498827492.34899604
930,699496283.086457
931,697457184.292674
932,568831874.3210264
933,483160397.3595833
934,594466500.5655284
935,566603289.6509246
936,425899732.34585226
937,723993915.3978828
938,637928144.8421118
939,446616354.4375746
941,416281077.88786906
942,642740441.2791312
943,765164440.2646242
944,1205521131.0428069
945,390752201.6758571
946,387460346.7866765
947,839385019.2354985
948,837437347.3521603
949,711934240.8973637
950,316272517.7872259
951,492523794.0144286
952,381625857.7494202
953,863247749.9212925
954,568877032.8691492
955,508793932.42444843
956,1076776791.9151065
957,776437180.6010089
958,835757592.5367303
959,606444318.6306791
960,577242680.2042109
961,674653392.2896858
962,928202008.7790585
963,1025431812.6856791
964,777142460.8855703
965,1087315743.1496408
966,1112124171.6160111
967,1407277143.4859989
968,670868826.637707
969,1088974116.8745208
970,984284329.7057513
971,451922071.946053
972,426726630.2949512
974,699455395.7519608
975,1304152015.7148514
977,821097472.3771296
978,1262065987.383836
979,1885644553.9520397
980,939746047.3567218
981,853038198.2756193
982,418051693.1226445
983,732571319.7145121
984,520260571.380211
985,425998061.25873226
986,2246324047.2483606
987,1632266516.3822532
988,1062416150.0505384
989,694095677.3852366
990,1377758901.345869
991,2057855254.5222793
992,1350694012.8852859
993,1535416626.0543516
994,1160538008.4490924
995,768879659.4376659
996,617823632.9231138
997,2587418378.864619
998,1198863204.0995927
999,2109004128.7446556
1000,908151478.1429907
1001,602075119.2248455
1002,735087373.0472449
1003,1698818547.5915375
1004,673349542.688694
1005,2735131988.2198334
1006,828260022.6025515
1007,609998399.4505962
1008,2062154832.416922
1009,551688447.3150629
1010,901190372.0506845
1011,987361068.171293
1012,683838084.9536532
1013,1624003340.728188
1014,1507258801.2538471
1015,1079055850.2690482
1016,1618092951.1142726
1017,285944787.9623157
1018,967816536.0088749
1019,641940091.2032912
1020,291831289.35418403
1021,517870827.1939032
1022,556287138.0429685
1024,481507067.54035425
1025,421407502.9955595
1027,1318505341.167086
1028,717853604.5942035
1029,370360434.76190287
1030,590195408.4372281
1031,357994265.9327236
1032,480429161.5642488
1033,795443310.9768283
1034,414808230.4678014
1035,605480758.8181031
1036,481526955.9958489
1037,771347027.4313567
1039,345589164.591011
1040,1517420823.9300997
1041,635371505.5761195
1042,841552254.3146241
1043,669034251.9595665
1044,553353348.9832928
1045,428291201.36020947
1046,454525539.1605824
1047,533832337.60619223
1048,450743667.807658
1049,1245070639.1668248
1050,1850260312.3349087
1051,644807155.8526075
1052,680085801.6293553
1053,867653087.2623034
1054,956995611.1852659
1055,1678720623.2945592
1056,849536080.9063767
1057,819437090.0422987
1058,1706467441.9197373
1059,1028190893.9097083
1060,623902442.962354
1061,959844487.4291719
1062,555462679.4245524
1063,634281603.1775626
1064,681894619.2427921
1065,389286602.6334727
1066,1701794026.215203
1067,1984599498.528195
1068,976016044.2380188
1069,1508376141.1381419
1070,2239580616.540941
1071,1133163405.222417
1072,895255357.818163
1073,1639315839.749099
1074,1261620119.4588072
1075,1505451354.097454
1076,1093787367.352533
1077,1628545794.7450588
1078,820580854.5478559
1079,1475353431.0045602
1080,914335942.2485344
1081,972206904.4328617
1082,1959890230.7221963
1083,1236720947.4390752
1084,560589364.2486482
1085,558578738.220516
1086,1391265956.459032
1087,909760437.9630747
1088,1202685302.27099
1089,476537450.3024683
1090,500251966.3456655
1091,1224687445.979219
1092,1331799369.1581435
1093,902982820.4317625
1094,2465331149.462437
1095,907394203.1669159
1096,653183142.0755335
1097,638784614.6401181
1098,3383615036.8366632
1099,810476760.1426524
1100,986026767.9753103
1101,653681584.2099468
1102,1647029107.8028278
1103,575384221.6958156
1104,848036205.2781014
1105,963725459.5111647
1106,553105688.2133337
1107,372539385.7195746
1108,484583977.18175614
1109,732284622.4599239
1110,986421638.1101042
1111,1312231070.3607824
1112,663210594.336066
1113,1085745775.9575179
1115,1014772880.2387393
1116,1405862671.775595
1117,1736804773.1101427
1118,501504493.2573096
1119,566460284.9056463
1120,1276093021.9572475
1121,740882483.9871688
1122,640171481.607039
1123,1469033179.543375
1124,1051813612.3882384
1125,1169330373.219485
1126,1054669830.4377933
1127,526327995.98985946
1128,1772491932.6366656
1129,539687238.1336215
1130,656205007.7157143
1131,674049467.9807705
1132,1680250421.168144
1133,760503289.5073882
1134,817271283.5881004
1135,1085165229.4494035
1136,503088487.84654033
1137,424459993.69488436
1138,634215355.4156499
1140,462659604.67043775
1141,992035537.9335186
1142,457258528.81008244
1143,1117593871.2780204
1144,770332462.9975424
1145,736390987.5288419
1146,1308315278.8425756
1147,592353440.0706034
1148,428077251.78259975
1149,518484888.0531476
1150,594080130.6346545
1152,619495835.6997473
1153,611480451.5074863
1154,710215225.9858255
1155,373161283.0999538
1156,1003923107.1828964
1157,858048994.2843912
1158,1119592962.2747765
1159,639531110.3718907
1160,568728491.1117362
1161,782361283.5487703
1162,355900508.6282199
1163,377668766.70198786
1164,498243794.93080676
1165,505001512.4817052
1166,555262889.7656868
1167,548952301.990078
1168,393873741.2635587
1169,1130936552.7056983
1170,774955679.5456908
1171,2299563384.511655
1172,1427421824.0673215
1173,1552927784.4701197
1174,514225235.20871323
1175,1171689122.058753
1176,464938799.36882615
1178,698185596.2202777
1179,1284363820.5833569
1180,1589154766.7352407
1181,1503226209.6883688
1182,1450499468.4268084
1183,1293040110.6018622
1184,1890509613.9577808
1185,557095175.1808954
1186,1740412607.3097086
1187,1003938950.8401251
1188,725441541.3151867
1189,1299104262.2398899
1190,1176164473.1218266
1191,1549710989.279524
1192,808807177.9833932
1193,1613569718.1308858
1194,830876828.553268
1195,760266180.9377353
1196,2092811112.9881136
1197,1632172149.044976
1198,990076489.947567
1199,1609892501.8506987
1200,1007412767.3802111
1201,694523772.1843394
1202,630568090.0442014
1203,925316258.761438
1204,455324190.38461953
1205,1041535013.7873213
1206,529770236.6464725
1207,622811812.6905652
1208,1408092258.7152164
1209,1313908536.537084
1210,621198447.6360569
1211,1064256450.5589641
1212,1304207082.9426153
1213,789253002.1318021
1214,351907770.6728873
1216,1369924032.4934459
1217,1049139123.6801108
1218,458622418.3979533
1219,1075699911.3039398
1221,998787448.2030293
1222,500865137.483743
1223,650696129.4428955
1224,832542207.1956221
1225,413058495.33971804
1226,1077025802.828552
1227,1008305995.1413364
1228,483136617.0143017
1229,1117027686.4634054
1230,2133160590.5533679
1231,849454762.328891
1232,1485421228.7566917
1233,970488055.0936165
1234,1400244638.0161996
1235,1206885689.6447206
1236,1334324372.1028626
1237,725037166.7241917
1238,782193723.1687274
1239,1471437790.239375
1240,995083162.6667955
1241,796935468.9239346
1242,1701382800.6654308
1243,695846430.894948
1244,1105159237.7610655
1245,816072636.5663373
1247,659931430.0527167
1248,515000424.66265064
1249,990890692.7520922
1250,960184265.9487728
1251,666199059.5058378
1252,2115753793.716763
1253,1014605755.3992856
1254,985915897.2989699
1255,1607887690.1549075
1256,771245431.9909956
1257,1199803879.0701609
1258,499460056.6474737
1259,370935244.19633555
1260,541409635.6427344
1261,651015184.1551725
1262,1016101032.8645808
1263,969098665.3551686
1264,1231151320.094089
1265,1841395852.7523289
1266,1916592697.3977597
1267,1123475904.4251628
1268,1961725531.3972518
1269,1360916633.466503
1270,1014018439.9253336
1271,1241373445.8500884
1272,1264276723.9658496
1273,543220712.9395015
1274,1296087759.6001654
1275,663558453.8938369
1276,1099918417.8434615
1277,1860805634.9882817
1278,797643885.6732337
1279,1016360231.3813407
1280,2173103301.2543397
1281,2171989420.8951964
1282,992826662.793008
1283,488414680.95210326
1284,2196198486.87292
1285,675226953.5660343
1286,387177775.3582157
1287,1411443189.4895072
1288,429046417.59024024
1289,2153086268.8030653
1290,1637928119.8150547
1291,653173786.4479737
1292,1349044394.6651475
1293,1319688781.0285156
1294,1182601900.6990037
1295,727107699.9936846
1296,667642226.9717185
1297,633210390.6739271
1298,2102865425.928446
1299,1140055595.5456553
1300,923367142.5193049
1301,1230981666.0527313
1302,802967102.206042
1303,2045736473.8627477
1304,1131317246.1937234
1305,660566107.0622079
1306,1942690919.715671
1307,1003969660.4702184
1308,680453287.6075629
1309,1058149591.3587686
1310,918955683.7227861
1311,797540102.4154499
1312,3052364144.9942565
1313,1689060405.2952256
1314,1739739588.5764008
1315,738002136.2058556
1316,831437671.9091477
1317,946822992.2883856
1318,1311682605.5099175
1319,702361971.8083377
1320,1741848820.3646724
1321,575062107.5642726
1322,612528033.5133023
1323,2909264787.0537224
1324,2002698839.4001935
1325,1132607809.438203
1326,2488691648.660862
1327,1524727871.8854337
1328,587543765.2145975
1329,1107634797.8361104
1330,1226190100.6675475
1331,1561456691.0961514
1332,2516554295.8737316
1333,1214049713.1220171
1334,1851790824.8510778
1335,1495934885.937605
1336,1147969037.3853953
1337,1124288175.2938604
1338,1763402368.914092
1339,1988569045.3294146
1340,1612363588.1282563
1341,1115832432.8006134
1342,1254214240.2735314
1343,1310787518.8192387
1344,1527477432.2606642
1345,1332749481.3973556
1346,945518488.1492331
1347,859880157.8004155
1348,2331204709.1472178
1349,1890985520.658031
1350,2222557819.770078
1351,2374736251.8286176
1352,1442621377.971798
1353,993749346.349534
1354,647114259.903653
1355,1744933910.784378
1356,1414169656.5862288
1357,2353822320.760007
1358,1996555349.299465
1359,2114508657.6104712
1360,1506825926.6087174
1361,1522263075.1001537
1362,1440919889.5707493
1363,993161347.3946915
1364,1933414881.5488067
1365,1008865611.6468686
1366,1972012249.0252113
1367,2098917107.7424886
1368,2377506818.9644513
1369,2162305737.1585402
1370,2222824399.8198943
1371,1417521276.9029753
1372,1000253881.1936867
1373,1112590476.0545716
1374,1350051757.267632
1375,1367594204.5070353
1376,903593628.049084
1377,834496921.016568
1378,1355000589.1699991
1379,1129772296.2535033
1380,2172390937.0673437
1381,625419885.7680362
1382,823875425.3093576
1383,534155439.59245557
1384,1875880886.3127189
1385,2216560403.526267
1386,1344160792.9474657
1387,1088224304.3296516
1388,1680908637.8116398
1389,579237207.1392666
1390,1271744338.5839584
1391,1379067098.5458014
1392,1988278436.666034
1393,2446701937.77564
1394,3071087713.4475822
1395,938373168.6124861
1396,1587159310.6002297
1397,870928418.2107617
1398,587930821.6067895
1399,783993361.1511182
1400,2678707855.947994
1401,2065012646.852885
1402,2323861372.9480305
1403,1819711701.3211038
1404,628793957.3512598
1405,1684635358.89029
1406,1333003267.9146354
1407,1340110668.353562
1408,2159887986.4800143
1409,650722277.8114085
1410,1565989388.423972
1411,1499568544.8173552
1412,1843282106.5700934
1413,1483343245.6141346
1414,2648986915.690651
1415,950999965.9729114
1416,2090970458.67881
1417,2547855694.884037
1418,1791288429.3348823
1419,1188231055.8667727
1420,950582764.9174318
1421,1401963835.7916825
1422,2549245615.233126
1423,1125988454.3532264
1424,2138255492.4035294
1425,2160905554.180819
1426,1208750199.916748
1427,1509494082.6815052
1428,2428930840.9305496
1429,3521862291.584561
1430,1646118285.7566345
1431,1051542655.244427
1432,1985392699.3432627
1433,1030184490.1695669
1434,642965010.374561
1435,1272869921.8376834
1436,1622239678.1036007
1437,1546228217.9755263
1438,2213844196.69351
1439,670770030.9296466
1440,2488711431.1078577
1441,538747126.0967827
1442,2053918538.0827913
1443,1395170979.6738217
1444,874985051.0798507
1445,1657254941.9120808
1446,1147501943.1998494
1447,1709082533.3246236
1448,973547943.5358055
1449,1113388926.901057
1450,2011499842.6500347
1451,774947832.6203291
1452,1775669960.685647
1453,1805091273.6418111
1454,934748034.6599085
1455,2216545761.0706916
1456,939585892.2816887
1457,1790552951.0851183
1458,1587373509.8234847
1459,2115523883.2367654
1460,1768044083.0803304
1461,777382641.117054
1462,1530343674.5952282
1463,1184538639.9024508
1464,1604934161.84833
1465,664042658.509823
1466,1058850948.5792716
1467,1876629548.1172154
1468,668601161.0539181
1469,1052505452.2638495
1470,1114610742.9592931
1471,2142153680.8659954
1472,2182550882.8466125
1473,1078661055.4235194
1474,1735315837.929428
1475,1735601312.0329108
1476,1545237789.0432858
1477,2546022365.2017293
1478,1692139131.8225198
1479,1049803585.9058527
1480,592898944.7777448
1481,1173767280.716111
1482,1450771138.2121627
1483,1603695485.6007636
1484,863690854.475049
1485,1688325293.8540647
1486,1761120680.6348796
1487,580069860.1585227
1488,1044549709.9250501
1489,847659076.9252051
1490,1677684672.5510402
1491,487525029.5247097
1492,1613433190.5486898
1493,1669635976.2952046
1494,860904663.1186236
1495,1031345773.60489
1496,1787934283.7122924
1497,1757124390.0923367
1498,1105780869.8703964
1499,1513203264.2917988
1500,1480344142.0001752
1501,1767818432.2826276
1502,1291801607.134087
1503,1370338451.942878
1504,1865931023.430563
1505,1032940099.8069266
1506,2096850732.4054759
1507,1385190146.0462756
1508,2970092801.4902883
1509,973535411.3864437
1510,1888557042.2398877
1511,1312906223.8415148
1512,1025526271.464321
1513,1269548060.069256
1514,802882844.1399025
1515,1374557167.025705
1516,1178590170.4825776
1517,2993644316.437234
1518,1836850655.9584033
1519,1341670308.9890833
1520,915657596.5191598
1521,478069303.6242872
1522,746784295.6742105
1523,1016105149.6850833
1524,1447857389.4488244
1525,1688703030.1288
1526,1582416751.0565443
1527,599158452.2254496
1528,1093669927.0724058
1529,1014371614.7005874
1530,787984141.1091428
1531,779220820.3631486
1532,1382152274.654309
1533,1113965009.9963884
1534,596710579.9716909
1535,2131012881.9475482
1536,1129323847.2474437
1537,1987845818.8205185
1538,633280923.8410585
1539,1560555546.6675215
1540,1026678213.0885394
1541,971772611.9268848
1542,827602985.3116279
1543,1182432957.4476302
1544,934159859.24599
1545,1051398267.0178354
1546,992013599.5778143
1547,825536376.3084636
1548,2016148098.949535
1549,508989448.75421906
1550,703570718.3143836
1551,846148122.0664297
1552,1849245363.6180432
1553,800301754.2565904
1554,641468112.2243894
1555,938163934.7157007
1556,1849561444.2824845
1557,1239672956.9191923
1558,1047302057.5286376
1559,611839724.356177
1560,1350859227.5480924
1561,1027432728.8583331
1562,644615823.536522
1563,990363234.0655444
1564,1463992106.1524081
1565,996904920.8388126
1566,1023941668.2386926
1567,1428632229.7426877
1568,1089674084.850601
1569,1574251655.1404495
1570,1556254948.6908925
1571,821919852.6449573
1572,1851583403.775897
1573,1230901691.2534947
1574,2059678111.6401162
1575,1742635096.7070475
1576,660789419.8883057
1577,1310212718.958728
1578,1984626230.8691425
1579,786533493.8677082
1580,458029202.34376097
1581,429121480.52274907
1582,1053233357.7663649
1583,633634418.1936405
1584,2109532812.18531
1585,866870495.6539032
1586,612040951.9475006
1587,749680231.7367293
1589,624730410.1157656
1590,427243989.53487766
1591,903683261.0096836
1592,823420067.8443909
1593,627849829.980937
1594,477634939.177418
1595,512793988.59388185
1597,876528959.6939249
1598,1641673743.3386824
1599,976905540.7781397
1600,506356119.1299342
1601,694838606.2847254
1602,1314813468.318174
1603,543041376.6465132
1604,878429955.8505962
1605,584720773.5805118
1606,623568526.9171869
1607,621366457.865432
1608,1588915604.7271852
1609,897315505.7331746
1610,1075543377.6445472
1611,627118360.4950461
1612,1270641783.4553258
1613,324483500.1009265
1615,1105387801.472975
1616,454134096.4660993
1617,720232390.8664465
1618,924589019.5062497
1619,522997317.8101818
1620,273196446.3736003
1621,601275816.0013264
1622,335746182.4724035
1623,934196512.8072621
1624,581640453.3424484
1625,598632936.6357915
1626,1177603618.9447112
1627,364353541.94743663
1628,977246999.948005
1629,1311254485.0011861
1630,1587048060.9463573
1631,1569845896.0715775
1632,498484491.5506257
1633,458203286.43716425
1634,1051469755.3706329
1635,839678405.0755827
1636,1217795361.9360282
1637,1827272340.472403
1638,594546946.4501495
1640,1175908768.878352
1641,799053423.7833393
1642,564400721.3265893
1643,819115229.1900141
1644,874910149.9911397
1645,1416580314.170684
1646,568838521.4454207
1647,1472530064.9397948
1648,2423662377.5156865
1649,1648455102.0906696
1650,917901461.2514877
1652,1483756257.0804963
1653,986482004.9591522
1654,1472592460.1618872
1655,1379729481.1009228
1656,964447596.7472042
1657,765860717.1141938
1658,1501151778.4269962
1659,604750987.8171676
1660,1017798083.1915164
1661,790440372.7905594
1662,377334400.2459478
1663,1638639970.2794685
1664,1616556138.642936
1665,852234053.9153765
1666,1056260384.1398427
1667,555203880.6273514
1668,978537955.765734
1669,1123877409.9148397
1670,945859851.1025369
1671,1529434849.5844524
1672,931270880.7884346
1673,848388915.8839959
1674,534988374.1464077
1675,1846073315.236312
1676,918713902.0394118
1677,1022790980.3705711
1678,1893504360.0166578
1679,1183588735.5389316
1680,1969466536.8432379
1681,1376325885.1523004
1682,800063862.1953379
1683,733663636.0984508
1684,871526043.8703469
1685,894592685.1624857
1686,1375390067.2160234
1687,766585953.7121679
1688,1246114398.3180447
1689,1178111861.0138457
1690,450264174.36436874
1691,1099234403.6269464
1692,1406528541.4390414
1693,1556877232.2512066
1694,740271796.8957609
1695,932754276.1241158
1696,2111614580.602068
1697,1306110726.7224178
1698,816928505.8829646
1699,447946203.70831335
1700,898093251.9999601
1701,353222171.2948221
1702,1192732548.6491334
1703,1128306268.8197584
1704,647132463.2399555
1705,872182564.5888634
1706,922720657.7489443
1707,837840605.737771
1708,484343137.22942716
1710,513538508.07001674
1711,1513707072.3767369
1712,734528755.6265433
1713,907594000.2365602
1714,982753137.7535355
1715,809883672.9201919
1716,690714528.4982426
1717,1448885504.410234
1718,712176978.7547772
1719,1649736077.7548869
1720,715738429.7826387
1721,1204263211.2775106
1722,932894434.4903983
1723,923660040.1825103
1724,825974462.6086366
1725,1284369632.0601337
1726,1170888808.1761568
1727,405940447.24911076
1728,799064953.6318297
1729,1570733349.3105085
1730,540571346.1384461
1731,1494742497.1464548
1732,873809473.7831647
1733,999163055.521264
1734,788109692.3568208
1735,550467657.9734149
1736,2265987323.5501738
1737,1369348280.7448266
1738,359530496.44036305
1739,949301186.3779376
1740,2162107401.2173696
1741,1300278125.070433
1742,1767684485.6064498
1743,1727227583.866162
1744,660484388.6837298
1745,1510143342.3730521
1746,1166204679.6338646
1747,1921623392.6845827
1748,857457272.6506101
1749,1344360353.6060786
1750,1911431537.5435648
1751,538615701.5269705
1752,1808918100.9352152
1753,773242765.445385
1754,607481703.1862128
1755,1468697801.9861383
1756,1456180786.9333444
1757,941437627.6270931
1758,1113648853.6454554
1759,1053165819.7682215
1760,930838338.9516276
1761,858106009.4724103
1762,649614757.7999955
1763,1125269459.458707
1764,485348450.93964076
1766,584273120.9876108
1768,1790394146.3937292
1769,1361746106.7363615
1770,1884951058.0924711
1771,619581513.504822
1772,1262288819.5687451
1773,656707491.8382913
1774,572732423.5012333
1775,901615253.187751
1776,628224461.1841432
1777,652169760.0589546
1778,969206648.9494892
1779,315866032.61274576
1780,607740321.4145066
1781,1500261924.2825608
1782,847403433.5033473
1783,689985586.5529578
1784,694238634.8145714
1785,366653147.46599376
1786,1100525209.79819
1787,1063160770.5259559
1788,632832858.7656012
1789,960589831.5547774
1790,1394283108.1173742
1791,1462062758.9481027
1792,1540489098.9671793
1793,705157084.5333335
1794,2552108524.16182
1795,879153125.2155195
1796,1558394957.4324892
1797,1788087466.7376828
1798,1120348222.0045779
1799,1715235470.1017969
1800,606752924.6651062
1801,888658550.076725
1802,1615454602.658938
1803,428952950.24298495
1804,1101652215.9650974
1805,912250658.4175783
1806,2128097100.625125
1807,1378690570.8558428
1808,1030612262.5624828
1809,995203254.7636931
1810,1038952951.0312428
1811,1611444881.5876036
1812,1318226885.727706
1813,961632746.8949809
1814,1466836226.1930223
1815,1440312351.0139608
1816,2779408184.196237
1817,1207148703.5898669
1818,1010686716.3853967
1819,1738739150.5947704
1820,1047986249.4085759
1821,1095889893.0836236
1822,845217141.7794929
1823,2101202848.2568486
1824,2310768898.157764
1825,1494288976.8844047
1826,1539197223.5052428
1827,1566794294.7883272
1828,1276995425.2092187
1829,1199341321.7801273
1830,723728617.0069785
1831,1398139722.6823008
1832,719101903.5185893
1833,691684225.5609975
1834,1117151694.3993697
1835,660418151.8407896
1836,1268357394.6456788
1837,1655798103.7938852
1838,397568944.69030267
1839,1206965972.3197496
1840,1156022923.1829636
1841,1275644484.196145
1842,1768985201.786185
1843,650934743.1521242
1844,2115909382.1380289
1845,1591004908.8327415
1846,665323888.9599068
1847,796524330.4591957
1848,1724959481.6789396
1849,1656105878.5332437
1850,924266315.6723926
1851,1714952016.5996914
1852,1495949031.908194
1853,1029557424.2812871
1854,1694496371.5718954
1855,1764514955.9931178
1856,1156916326.821671
1857,1773841709.3582458
1858,2567654865.138653
1859,946062149.3604261
1860,1674434953.0903256
1861,2418290767.321808
1862,1271882755.9148111
1863,929510467.140067
1864,769076567.1847093
1865,1235563560.9309895
1866,606579643.2819802
1867,2294427497.655609
1868,1063267363.4716817
1869,1522743432.9460099
1870,708676943.2643378
1871,963515830.9224939
1872,1014126713.0760677
1873,937765154.6141636
1874,817605337.6673495
1875,620531226.8388125
1876,1410580684.11129
1877,1005183947.827528
1878,496391701.6018168
1879,1139511418.984211
1880,1060341483.8636456
1881,1198621323.3191552
1882,1750574363.4534602
1883,1692416359.5685399
1884,1756012516.9347434
1885,2410750994.6860766
1886,913654303.8595147
1887,1696214671.8289306
1888,2701714306.7405424
1889,2822967730.5891013
1890,1176988614.3868806
1891,1551471486.1138766
1892,1588627707.6773462
1893,1581078389.8788927
1894,1553631428.3353045
1895,3301059857.66324
1896,1225704585.4844983
1897,1368260833.5059114
1898,787238940.6248887
1899,1007034723.2531174
1900,1294131742.7389712
1901,1684623847.9905615
1902,1669285841.0715408
1903,1591840166.7965
1904,915130787.7666302
1905,1561602043.7434127
1906,636150349.5649188
1907,801541442.6011236
1908,773466968.7173883
1909,3174550818.6867456
1910,1278942160.2489645
1911,674500996.2070622
1912,1972367596.3721387
1913,1417610396.3885298
1914,1108454815.7722974
1915,1009857099.5978187
1916,801026672.6869328
1917,975180759.4258709
1918,799832782.4795004
1919,1086168596.0034614
1920,1733869585.8942137
1921,791463292.7173927
1922,1502232124.240981
1923,1303524555.6962624
1924,1346308717.3096707
1925,543034968.8955767
1926,2659114274.9706373
1927,1145146304.7318125
1928,1996317824.935529
1929,1485647766.8776968
1930,1063380371.1643966
1931,510864130.8825656
1932,461330738.94396776
1933,1221783042.4245691
1934,715120406.8961195
1935,1740456644.0958588
1936,806710179.7330394
1937,424333429.13458717
1938,305264673.31608856
1939,1497020128.125778
1940,468478425.38629836
1941,481950179.8441941
1942,1920015541.264904
1943,2577301710.6880655
1944,2194264770.9642324
1945,2498696044.026609
1946,1589128870.2617326
1947,1636964887.7492275
1948,2396673498.0259957
1949,1309251110.3588328
1950,2346405729.945956
1951,2179378558.0414925
1952,1192575926.8718386
1953,1359220483.6820025
1954,2188285747.732161
1955,1904022261.811461
1956,2256990204.910765
1957,1989937879.2658615
1958,1689012590.3766747
1959,1630884479.639208
1960,1711465758.4942675
1961,2001210395.701488
1962,1737685782.758093
1963,2657890786.762848
1964,1876670532.0526447
1965,2905666877.07832
1966,1888863711.5830357
1967,1547672210.5972779
1968,2827094271.470424
1969,1960638581.1889052
1970,3615513667.3696933
1971,2392048638.3397665
1972,1496932004.545344
1973,1481339349.9157944
1974,1678905747.1473777
1975,1076142559.423815
1976,2307665704.727896
1977,1632500246.876902
1978,2118627686.4737258
1979,2628214735.9254827
1980,1263084048.8688564
1981,2001424617.3553855
1982,1447285246.5406733
1983,484437636.35598373
1984,1752744052.401542
1985,2434781208.2285876
1986,2268128662.604281
1987,1896806351.476125
1988,1275227676.7781506
1989,2487026160.237359
1991,1939627071.0501466
1992,3017286197.4983697
1993,2090270325.2927363
1994,2167390593.8878303
1995,673167699.4548814
1996,2353888017.5657907
1997,1296559254.8289027
1998,2940026785.8755913
1999,1615546173.2378247
2000,1790603674.9639466
2001,2208354784.617709
2002,1377941518.1946874
2003,2826118882.613752
2004,2447836852.855041
2005,940405178.3418875
2006,3194167093.9047055
2007,1798065617.2814608
2008,2094413890.6689548
2009,2321760755.559337
2010,3571971609.8736644
2011,1706036913.1487267
2012,1979375499.8290608
2013,1499011856.2396858
2014,1574346468.478729
2015,1396531815.9792123
2016,978230855.4040104
2017,1363356939.4994047
2018,791810809.9319493
2019,835019997.9326385
2020,824169615.651961
2021,888455607.3612139
2023,627607108.6832267
2024,686343817.2848592
2025,518333442.5293365
2027,620510958.6008701
2029,1250549652.1471448
2030,873647932.7277732
2032,1542890153.974326
2033,1493288825.8921409
2034,367486445.68500125
2035,805997813.9845848
2036,642401227.9743676
2037,1430642790.0822487
2038,928104801.2752678
2039,2787870924.6518135
2040,1366494327.6715736
2041,2064421069.8395948
2042,1278435090.233454
2043,1459461291.498007
2044,1759329339.5335557
2045,1318803510.8405738
2046,646226762.8279836
2047,1020603240.9482886
2048,2599406874.5682945
2049,1398894078.272698
2050,937760962.4916729
2051,1764433324.4876394
2052,1510676404.5095375
2053,1597152127.3199034
2054,1742741817.2133172
2055,1468840470.8562562
2056,449450266.0047436
2057,2498922263.516259
2058,1881177756.4165926
2059,1439664751.2137985
2060,1238207214.7343163
2061,1301122873.3668003
2062,702911572.4673733
2063,1590817120.7816925
2064,1822130802.9127655
2065,1103158403.2445424
2066,1239049296.6925566
2067,732627662.5945423
2068,1001043395.9203471
2069,1293488545.7572114
2070,1957385007.2954895
2071,473581209.47574276
2072,1834724558.4178376
2073,1730700389.5988936
2074,1122619427.5643678
2075,1922834407.3180656
2076,780096364.9950696
2077,1894652472.933844
2078,1186059288.7718914
2079,2654627623.944103
2080,1552766107.4647348
2081,1025313391.0300179
2082,1067735863.5184402
2083,824534097.5165819
2084,1975766535.917967
2085,2525792876.212512
2086,1763760431.4535444
2087,943461845.5764949
2088,2062726450.8533854
2089,1795118361.290539
2090,1774226828.3221407
2091,1227553480.030619
2092,1235942346.933034
2093,1409955554.585598
2094,1382514988.7114153
2095,1928154109.8178513
2096,1350157013.0848942
2097,688884802.1090153
2098,1179251406.01883
2099,924422317.5959091
2100,868595171.1117545
2101,932654422.8028027
2102,728765748.9210514
2103,492157137.46207774
2104,756934895.8729444
2105,1326874853.8151186
2106,730618592.4056966
2107,1099190653.5250232
2108,432572882.3628855
2109,752092281.2815675
2110,1244707188.8209453
2111,923411776.4202448
2112,1765672414.6604557
2113,474686125.6873137
2114,964015484.2036713
2115,627503019.9410568
2116,1059869419.3275553
2117,435398979.43374103
2118,1252000582.3293924
2119,1067198972.4359088
2120,640042336.3099182
2121,538151622.1573435
2122,650884657.277736
2123,740671854.9683177
2124,734416938.3708048
2125,442084182.42634505
2126,1939902363.9236598
2127,856233030.5887966
2128,576614162.9552628
2129,1685666028.0869942
2130,1083071077.9745994
2131,1428258227.1148765
2132,1390174188.9489527
2133,1982823077.3668125
2134,369727919.7038474
2135,531772366.79534054
2136,451744365.0840731
2137,599396851.6931655
2138,843804911.2206006
2139,678238432.3952215
2140,610781086.3715961
2141,889069863.5656068
2142,992543758.1799608
2143,654958433.6830294
2144,681299176.0668124
2145,1216377266.1176677
2146,1081159785.682195
2147,773161311.2358036
2148,969289867.5097082
2149,1431894325.4214516
2150,1484272126.2624815
2151,1802898747.727579
2152,1378726932.6720667
2153,987642600.5739089
2154,1383109071.400008
2155,901967487.7220417
2156,597267730.5505465
2157,1164238543.1901083
2158,850065472.8414161
2159,1210129732.3946853
2160,1241274395.18604
2161,679492820.151451
2162,832987266.1692207
2163,896202227.2306361
2164,1532889012.060215
2165,1189934516.8689063
2166,1091575994.8853364
2167,387305845.52415466
2168,1241543741.6703467
2169,348134992.0970241
2170,2462333903.5940137
2171,2111888919.8706186
2172,1521753916.5974984
2173,946844106.3506092
2174,578329713.7078859
2175,964284486.0694315
2176,1042024355.8903441
2177,1231262530.5556
2178,1239805696.53945
2179,656645553.7743306
2180,1879397545.0091286
2181,1349077169.4385455
2182,901805473.7852305
2183,935251879.4845101
2184,1375342737.3750815
2185,1363318199.2848816
2186,1571925058.31489
2187,1171445624.7179615
2188,1332200663.2981262
2189,1380673724.522517
2190,1708192300.3884306
2191,1015975873.0433657
2192,608914792.3068633
2193,1759805862.6320176
2194,2342142492.236383
2195,1015152439.0341847
2196,1613938412.4063332
2197,1205334791.1640558
2198,1080526802.1399431
2199,2003877642.3197792
2200,808975103.5874256
2201,2555658796.6773715
2202,1760159812.2968917
2203,1468998228.8654823
2204,1038032862.6893547
2205,1033754786.541954
2206,982288008.0896239
2207,2173469324.5811024
2208,1624262108.2940383
2209,1231366027.7952101
2210,2868784319.651413
2211,764085158.7217091
2212,1588490435.2195938
2213,1127782920.3798478
2214,1548205576.3024862
2215,1422023646.437941
2216,1438004215.6923401
2217,765454316.504607
2218,2110937651.2915168
2219,1118164947.766667
2220,987289185.9532
2221,1021470721.7516991
2222,1147306883.4371595
2223,836964142.2771999
2224,2191072981.3663797
2225,694026948.4687029
2226,875124381.247386
2227,1395319825.7069838
2228,2127772136.5645237
2229,1529976931.277115
2230,1320203714.8329973
2231,1135336288.7158868
2232,1738902098.2149618
2233,1476855122.06507
2234,1683974749.7230759
2235,2089505203.7113285
2236,2265412732.5485873
2237,2226626747.1301804
2238,1984261077.0035806
2239,2367472863.4738736
2240,1724080500.256137
2241,906445426.7897708
2242,2219834508.603847
2243,1236363989.932785
2244,1108917478.7455351
2245,1122565571.119816
2246,2282362302.3183017
2247,2244782016.4989614
2248,1230276983.8336577
2249,1614660966.9595108
2250,1526811345.24682
2251,1909857308.4091315
2252,1385313554.109458
2253,2079777146.0525558
2254,2574426150.260978
2255,1656006305.6851676
2256,1897454950.2619207
2257,1708649926.7675185
2258,1313040122.836546
2259,1558438110.4434516
2260,2482485321.626037
2261,1724891514.0043483
2262,1788677501.5023901
2263,1531342274.9018404
2264,1854222162.6268873
2265,1316350561.4883637
2266,980394568.9289815
2267,1530734129.2870688
2268,1443625442.2193544
2269,2156135067.1958814
2270,1547811919.7155766
2271,2916498912.8266654
2272,1701520482.3687193
2273,1982143186.1888528
2274,2396119997.4925632
2275,1658255056.4412935
2276,2009387485.8275228
2277,2398599650.9419203
2278,837206722.4099714
2279,917210766.695605
2280,558201909.3238978
2281,1282825206.7036135
2282,407864772.6434793
2283,967222813.4760848
2284,1067235651.026075
2285,538546068.5402848
2286,966422777.25007
2287,435014809.37840414
2288,939127639.0328939
2289,1296150547.56176
2290,613861886.4709635
2291,564334450.5860168
2292,807020468.2255601
2293,984853415.4001629
2294,509946960.1219306
2295,1198695479.7152522
2296,581734739.9809669
2297,404335384.23880917
2298,1708482738.4754698
2299,756202744.3446344
2300,1988734210.5819871
2301,709737675.1718892
2302,1024002868.9482781
2303,704406650.0854012
2304,685871341.4791788
2305,477089983.854409
2306,792926056.8557435
2307,550238504.7214227
2308,548697416.7633659
2309,513049886.5418143
2310,916373336.6601671
2311,1365532604.054932
2312,1703795985.692965
2313,677366455.9569116
2314,930187900.7819129
2315,1341727657.2802517
2317,926116616.0042076
2318,1520828469.859651
2319,604137939.7228863
2320,1186531038.8813634
2321,1413059836.2459733
2322,1251916273.0575557
2323,1823756738.6622837
2324,800874394.0888622
2325,1240647249.0459943
2326,1359755316.366094
2327,2140338044.6158626
2328,1315480160.0842843
2329,750765040.401879
2330,629759043.4885671
2331,561622479.9230841
2332,711167081.2991147
2333,471109025.2891362
2334,1033130006.2040702
2335,1400484476.0672507
2336,877679853.5263441
2337,891567491.9325354
2338,642212554.2128699
2339,790010726.3522383
2340,1459490790.1717792
2341,362697733.6308546
2342,660631884.9050326
2343,480903368.37916213
2344,875565854.15949
2345,630087990.4753561
2346,656091490.8773081
2347,604581706.6394068
2348,778253908.7469478
2349,1612436124.427998
2350,885760636.4087226
2351,1113057437.3548
2352,553273409.1608317
2353,411421718.42353946
2354,954709517.4592563
2355,709793930.7321192
2356,994908472.5857899
2357,800557128.0205666
2358,360836209.66400963
2359,624831030.6200469
2360,417762691.2132577
2361,545987556.0598805
2362,267726584.07139692
2363,833576842.3238131
2364,863865987.8131611
2365,1103885777.7323203
2366,945421837.8535438
2367,391481916.2271099
2368,805902987.4753582
2369,328199206.75065744
2370,346926241.12506247
2371,538504411.2266078
2372,580048534.7007568
2373,893823182.7180283
2374,1426096516.221357
2375,343671013.8858989
2376,287811318.3780168
2377,313113587.78850985
2378,1122645881.4746017
2379,643784763.5147123
2380,1077634110.2825744
2381,649852067.4131557
2382,1237257327.6476796
2383,943561372.6043173
2384,710762716.4659107
2385,853420950.7678905
2386,926263345.4890779
2387,420275321.5281284
2388,670090024.8889735
2389,428561126.8599997
2390,606347966.3828061
2391,841119463.273066
2392,792852921.6479928
2393,622608147.0438833
2394,508402176.91585875
2395,1291567632.7790272
2396,1592116266.18816
2397,621815578.7580785
2398,912189881.2075683
2399,858350462.7005273
2400,945342727.7953112
2401,517000326.0218032
2402,607507055.9510006
2403,1508402872.382863
2404,962333554.1232308
2405,886075625.515939
2406,930017427.0292724
2407,1159273314.5317812
2408,694383362.4814961
2409,518417458.5214553
2410,1454992400.0946107
2411,430688780.720513
2412,498817762.63745964
2413,629571442.7613834
2414,1384568190.6353061
2415,445018973.83433133
2416,503366213.5283378
2417,704716146.1693618
2418,1192558183.1180675
2419,988730952.9079614
2420,295067813.59106004
2421,1446340581.8912475
2422,1014111221.4274001
2423,755928772.8459581
2424,465559627.6281218
2425,942268113.9621195
2426,449242717.8929509
2427,543001151.7545162
2428,1536238165.177519
2429,1387749163.0439982
2430,1436963104.0154138
2431,736266963.44027
2432,801137947.9641745
2433,635251275.0275612
2434,1017138661.2889242
2435,1078597950.2109911
2436,566360122.1807165
2437,764744353.8233184
2438,815109410.4532237
2439,883864308.0718018
2440,436101447.77827287
2441,513571852.42536634
2442,478705928.284366
2443,475609532.6907613
2444,336877090.96229076
2445,567864144.2164557
2446,558891122.7012384
2447,342304941.76747596
2448,363240641.08189595
2449,455352299.8554357
2450,453418319.54774684
2451,629420454.6996678
2452,610587693.4752277
2453,300643344.8908568
2454,368166203.518849
2455,1083203044.759554
2456,1520971881.2164638
2457,538430204.9962094
2458,464070873.56411237
2459,1184333713.6093068
2460,588111641.8000884
2461,367676751.8382412
2462,328841000.4308626
2463,571077742.0972097
2464,691917805.3706765
2465,2087539395.9262283
2466,992843376.5261316
2467,385755527.5793965
2468,789266677.9604956
2469,1485766860.2245593
2470,1560764675.7226493
2471,1118245553.1691604
2472,1235099532.3499367
2473,968901995.0978166
2474,1291518596.7879474
2475,888069958.0053582
2476,977264680.1303265
2477,1847596172.3616686
2478,1216225639.6029508
2479,740149610.9247124
2480,707168626.7032542
2481,754358458.8181101
2482,1209443715.5995684
2483,1074425541.0971515
2484,666366868.2097169
2485,988278077.3182265
2486,1009447919.9193107
2487,572376300.4200122
2488,1425609175.6649373
2489,530977775.8589999
2490,1739021102.824413
2491,500129421.35049224
2492,1113925554.2830877
2493,944817882.6879783
2494,2152251021.8400335
2495,946499951.1544216
2496,632367602.154121
2497,799967395.140031
2498,594005194.9184207
2499,1145164390.9396114
2500,438884968.1052774
2501,823342373.3659456
2502,997173392.1502125
2503,705559112.5230639
2504,918664515.5945971
2505,822759148.7093682
2506,1130549518.81728
2507,763591915.4010779
2508,792543578.1897291
2509,1132815799.783658
2510,1455918704.2991767
2511,591269982.6137203
2512,1326658994.099749
2513,529455612.3580516
2514,406783851.16555274
2515,684349213.0237787
2516,910083582.6492622
2517,1440923707.1083355
2518,472795988.7761203
2519,536320289.3603586
2520,1321438023.1053047
2521,1184198877.0649962
2522,591102389.5587233
2523,1103107447.2399187
2524,971815180.7889872
2525,972666573.1204269
2526,1306021753.1455672
2527,981475976.5158875
2528,1107895486.5831382
2529,429523951.35734314
2530,1020252769.8862777
2531,661941007.1205893
2532,1267548598.6428418
2533,801330715.7277011
2534,1367727978.4393976
2535,808111625.3089285
2536,702879171.1294072
2537,1007058283.5949876
2538,589025905.4059091
2539,1503028871.7049828
2540,754621502.0660092
2541,1193834247.3657265
2542,605982826.4857244
2543,827677871.6254424
2544,452420702.54990757
2545,1970653882.8139791
2546,402200740.3711412
2547,443486041.8038502
2548,462757990.8949128
2549,795165992.2693516
2550,712727768.9176066
2551,559600968.0980372
2552,856128096.5098459
2553,1787988454.9875548
2554,459837428.7907276
2555,1400602095.8774056
2556,1822560492.0116076
2557,1159750720.3578258
2558,710561605.8954505
2559,2264892649.7929826
2560,964985381.318868
2561,832842197.2748607
2562,671876269.1599331
2563,1161238535.9892163
2564,640156187.3964275
2565,786417057.2999533
2566,1038008656.380421
2567,865875601.8221889
2568,1204259438.4156957
2570,1321468521.8627365
2572,1132452032.0153477
2573,409459873.74037707
2574,802252899.170658
2575,784937165.6763738
2576,967895292.8397031
2577,980281860.1400124
2578,608088096.8188734
2579,1356181192.0248613
2580,826705496.8188653
2581,1058785099.236418
2582,1076535962.250229
2583,746328874.9997331
2584,749667877.1068853
2585,1385424526.799304
2586,1399499586.619559
2587,924076350.8901632
2588,1430945391.855722
2589,734024327.1195111
2590,1923639527.298656
2591,487601796.2277218
2592,1057017609.2414584
2593,1336173080.815079
2594,1008563143.725946
2595,962809466.8489275
2596,870983961.7893806
2597,381433864.9803025
2598,704344004.0336471
2599,757567165.714677
2600,744438141.2750173
2601,644438725.1902088
2602,842705208.6266112
2603,1614283334.5228584
2604,1460467221.8348908
2605,1012385820.2701906
2606,574954759.9249816
2607,558413138.2037185
2608,795485880.5397196
2609,380243302.83306265
2610,1001699907.3676203
2611,648225553.5305296
2612,476280060.7351023
2613,793320465.0091382
2614,616736983.364033
2615,386841035.38169086
2616,493008309.7324876
2617,313168039.0179977
2618,806435880.3706446
2619,706673085.6241562
2620,472653489.5482947
2621,405622744.4842057
2622,626012847.7927625
2623,672776731.3326248
2624,657925195.9923035
2625,429859064.0093947
2626,560148103.9526895
2627,466400101.1179513
2628,491712874.1170854
2629,511789290.0237519
2630,1128627729.1080608
2631,1381843932.2400641
2632,540859950.6282804
2633,453872611.88785887
2634,490918505.62365794
2635,1183708549.1302545
2636,1320984236.653545
2637,264297122.78267255
2638,1235595110.139895
2639,1049175871.9863505
2640,526495024.46905446
2641,471695978.82669663
2642,607182663.5725667
2643,932807047.4970565
2644,337789837.549548
2645,628861437.7724326
2646,737883648.8778551
2647,444272972.45732516
2648,752869216.611703
2649,761211762.7632831
2650,392734928.74123865
2651,755653712.0748249
2652,807325670.5356052
2653,468252055.1033766
2654,1222147822.7523744
2655,715615558.0698258
2656,435048372.88918287
2657,570375917.2775311
2658,628208899.138233
2659,505198636.8253161
2660,793722817.12262
2661,766544515.0834665
2662,833069518.5049874
2663,598942157.2474698
2664,720989691.530215
2665,516355419.6035255
2666,522538652.0453928
2667,685429894.0893437
2668,726123664.9606767
2669,1912185763.2870278
2670,349206066.3968244
2671,1038377036.7115691
2672,657735289.1917696
2673,401855962.27674794
2674,610595568.1850574
2675,322900210.6830058
2676,1233390166.1031005
2677,488302172.1464191
2678,772823739.9076973
2679,1200385706.6167526
2680,1139762180.1581335
2681,662879889.8157365
2682,741029671.1163251
2683,1569868257.9311414
2684,1260095982.3951185
2685,548739372.7931678
2686,419943738.0898333
2687,1052296820.9675937
2688,499301774.853158
2689,793026918.0609406
2690,992776119.4247671
2691,988579424.7450467
2692,818530016.7208078
2693,569551080.5855474
2694,458763064.5996028
2695,520471110.33241636
2696,719755062.5671928
2697,1125039933.413003
2698,384218508.4720855
2699,651678503.4925604
2700,522511837.192155
2701,809452758.3056902
2702,589564961.8442042
2703,588084818.7816256
2704,1262134026.6838357
2705,577595792.2406325
2706,690426626.7430418
2707,470208488.3757367
2708,597112250.199999
2709,978274971.1128855
2710,749507595.7585292
2711,1781720321.33643
2712,1648210463.164757
2713,606185656.9197228
2714,533205225.7477228
2715,377429702.7468789
2716,1365824507.6585536
2717,1504207835.236527
2718,1218090088.748438
2719,309414169.9253077
2720,518442563.37564844
2721,538068527.5045551
2722,786271534.3094214
2723,493560198.8417177
2724,968358099.4824445
2725,1342796639.671036
2726,472586119.28287435
2727,426229085.43412155
2728,806701569.303799
2729,478229928.34667885
2730,843132372.7086837
2731,2287685626.1631317
2732,755691727.1693662
2733,916256286.3865973
2734,558259370.4041457
2735,855145121.4127878
2736,481651453.8300494
2737,276781148.2233017
2738,474292871.9066423
2739,338568945.7137876
2740,615744898.9583025
2741,548658806.7008115
2742,1507503400.8436863
2743,531819455.8675471
2744,887642466.0756614
2745,851741000.1019682
2746,562564081.0133861
2747,746163235.5513114
2748,300372049.0460251
2749,1043943116.4915937
2750,282471927.70539355
2751,631496869.7318069
2752,825125751.7624916
2753,800515554.4992777
2754,445191368.527591
2755,1314849666.8207345
2756,542504712.2682415
2757,515879949.2258109
2758,594004388.2086847
2759,571028580.2903615
2760,493565814.0015519
2761,358721677.0597304
2762,380494208.9930564
2763,655646756.8291593
2764,546169568.8320786
2765,257687900.9032616
2766,1333298593.6267087
2767,1449361381.3188517
2768,860997791.1843647
2769,742433241.4807849
2770,392164817.453205
2771,399310675.09506494
2772,569342728.3236161
2773,493857263.270049
2774,432857818.81374353
2775,434665010.12704295
2776,416415908.33036447
2777,617878593.8838096
2778,766080637.6907144
2779,824099870.1211953
2780,743303068.8925004
2781,463836972.7699961
2782,752792689.8345925
2783,606582020.8528802
2784,953533601.5853587
2785,1158348973.8569999
2786,857177964.1428214
2787,435937105.5228176
2788,735581157.5540229
2789,354510840.50645375
2790,1384963154.9731886
2791,1612800157.444904
2792,462701666.06665784
2793,886045310.9600368
2794,1510322810.094336
2795,508132564.02363646
2796,655793356.4456062
2797,1412356082.7212524
2798,1467781501.7373018
2799,385779556.13581157
2800,555636977.3137503
2801,721922945.2545031
2802,418801008.61032933
2803,680363536.38046
2804,1073921171.5462704
2805,533126555.92341673
2806,626380690.3147554
2807,1384676304.2011747
2808,1005450141.6951866
2809,1221398011.267066
2810,1084379099.0880957
2811,924196852.4663825
2812,1448781713.4983954
2813,467808030.42993593
2814,678860530.5418948
2815,640338049.9200805
2816,713725770.511875
2817,497642690.1100903
2818,573440994.6282933
2819,1642794053.895898
2820,1081464461.3864765
2821,957480500.5071476
2822,511406082.24739444
2823,1512274946.593763
2824,700385776.5772824
2825,928293478.8685484
2826,657174199.063347
2827,732430056.7336563
2828,728067778.9478712
2829,706130342.0190367
2830,573691497.6907777
2831,440510487.1658189
2832,971463447.7344236
2833,477071095.0526837
2834,357305136.5754907
2835,904317883.6876409
2836,1444280003.5375047
2837,861028878.1001308
2838,720685970.0822469
2839,602795208.4943546
2840,1186330746.2721272
2841,507641245.47614163
2842,1139445736.8982608
2843,568170535.1741289
2844,694758222.279989
2845,708299207.447077
2846,805278978.7855625
2847,384982248.01229906
2848,780242270.4708945
2849,574473023.158595
2850,591160726.5822085
2851,690755913.9701248
2852,411165688.0436801
2853,828330833.2219695
2854,1148791738.9394455
2855,827457786.597
2856,1178626060.3978899
2857,553033366.9611871
2858,863893109.9379508
2859,1514898126.5700731
2860,724708294.9478437
2861,1299687272.8490877
2862,768736836.1594763
2863,669323272.0293893
2864,735355775.0195792
2865,937326163.7761598
2866,2158574204.206993
2867,1020282638.8783387
2868,736685179.8928595
2869,906138543.0547609
2870,859805232.635902
2872,694741372.894789
2873,715581214.7208109
2874,1283944105.775716
2875,548249001.7359527
2876,1510691514.5305498
2877,845990872.927453
2878,1128458138.3255703
2879,880831841.0903381
2880,632763659.9717503
2881,1197126825.8068705
2882,1261484719.7727988
2883,1412009615.3112676
2884,751460261.7192516
2885,740171744.0786178
2886,1012368561.2014253
2887,832261208.2243955
2888,484033251.8264214
2889,544588458.9521095
2890,310950897.1214155
2891,791959784.4294828
2892,1361523112.0290315
2893,1572263759.0667503
2894,550621122.3903263
2895,623299851.828652
2896,430815217.6825452
2897,647494263.0983312
2898,451936815.5450964
2899,1076514015.5475562
2900,662612203.9260132
2901,900317109.1385767
2902,1346746180.4550939
2903,780681867.6078746
2904,422355625.1491691
2905,320551969.76024336
2906,414850773.98288727
2907,283027530.7559568
2908,331097095.4648523
2909,1956030564.1097221
2910,911680273.7800828
2911,765105403.7622312
2912,381525917.6324001
2913,600201738.7240995
2914,841973289.4847447
2915,614643669.667284
2916,593643156.2537448
2917,396437406.2892943
2918,1020999396.6737331
2919,396053601.31557286
2920,1338765167.9102297
2921,349069477.3464476
2922,351933946.73707575
2923,421048698.94983727
2924,406836650.11881405
2925,261004256.5899296
2926,440368729.6878521
2927,510293155.03630525
2928,629575445.7716113
2929,419205477.6211731
2930,516906035.1686146
2931,832750971.7607203
2932,681861157.8124288
2933,388927163.2118074
2934,992214426.1931311
2935,480088898.1419712
2936,470425284.9260516
2937,823098965.3677335
2938,793390371.8447993
2939,640931199.0685288
2940,433030523.2083387
2941,562390323.5922067
2942,568061982.3223367
2943,1092798748.7628353
2944,524907027.2420589
2945,714112471.8429573
2946,345755145.3575125
2948,400057942.4459408
2949,501595290.0796474
2950,745628285.3609066
2951,947966098.3005847
2952,517071517.7083589
2953,404473245.89507127
2954,332115557.2288438
2955,902511887.0869083
2956,531691394.62510127
2957,456194321.23941594
2958,686173822.6035751
2959,1149822705.3440151
2960,626592470.9345214
2961,600197651.592806
2962,714847364.6197076
2963,793525330.5922145
2964,1016694681.6463429
2965,735738431.0276266
2966,597534691.4408214
2967,429449687.503278
2968,1317306771.6326342
2969,497846987.9535323
2970,543900719.6606792
2971,562009881.9113772
2972,1486220784.619448
2974,519759896.5329677
2975,955399068.1118261
2976,623474510.2004049
2977,1101951940.3068252
2978,1092265097.196615
2979,1014418122.1507466
2980,1023156879.8471894
2981,657368218.3733857
2982,463993472.1798991
2983,868860608.4392549
2984,451128074.2457965
2985,1449287792.63205
2986,1065176061.8051608
2987,1137116002.0043116
2988,566023858.9364314
2989,440509459.97952974
2990,737078552.8672597
2991,430584073.4753573
2992,454775131.8891604
2993,702360813.8279951
2994,1382206286.023994
2995,430559896.4970261
2996,788477448.2619507
2997,553831063.5126902
2998,369227637.0616827
2999,226100962.09085783
3000,334867717.4521865
3001,881014754.1780757
3002,553841384.598253
3003,536412432.34331703
3004,551673519.2930033
3005,515305375.43398553
3006,480496950.2271292
3007,525376208.92643386
3008,793854664.6332622
3009,494122764.273874
3010,528986899.57649434
3011,1621160768.5329046
3012,1073489253.9919685
3013,1108948363.1272254
3014,708921864.2198625
3015,583551493.3724341
3016,299067183.9202626
3017,534729678.2781802
3018,1116637984.729799
3019,880398391.6067202
3020,459938165.9628418
3021,925482759.9215125
3022,553276672.3504516
3023,435607346.8013818
3024,873857009.7282118
3025,470085535.62762684
3026,448223587.54048806
3027,389193255.5142472
3028,426719794.59692806
3029,522934925.19705445
3030,702581477.2932975
3031,569163605.0179917
3032,869277817.4860821
3033,910573538.6516843
3034,869206873.8630159
3035,603757747.1295738
3036,363544408.8217855
3037,603566861.5592206
3038,444054625.68061274
3039,675783357.8386855
3040,441760651.35060316
3041,561013710.5648675
3042,799751473.9201982
3043,828156669.2239108
3044,936935968.8063848
3045,619964330.256839
3046,881890037.7578486
3047,374546520.3559283
3048,487480861.0892143
3049,497580830.2977072
3050,749734676.6408242
3051,1699685128.6900103
3052,483092139.5737122
3053,561541430.5419334
3054,316201494.8600133
3055,576952709.1465688
3056,547887906.7431064
3057,363268835.4078247
3058,511554845.5923858
3059,666082666.5520481
3060,677334563.4413326
3061,1241040698.0786831
3062,298288156.247709
3063,626218969.3782691
3064,870075966.6451635
3065,1189113035.581721
3066,1043854559.9828942
3067,1337393078.1660995
3068,866373865.6676923
3069,1746808577.2564068
3070,673954388.5717924
3071,1184915782.4329104
3072,1028473998.1639307
3073,819912239.4838161
3074,485070988.2569103
3075,1117400635.2564695
3076,708831247.0546325
3077,780487926.1545932
3078,370384904.8758034
3079,1266048167.7733057
3080,412220348.9718922
3081,1157631334.909355
3082,496509730.199516
3083,698175798.7252173
3084,832469797.3802503
3085,630385718.3796947
3086,419800539.2654235
3087,1484438742.628974
3088,830092171.7923639
3089,503696755.42200285
3090,851622481.5060254
3091,625563339.2016112
3092,649669796.7587409
3093,956546539.425058
3094,779078859.3432459
3095,412781219.96966636
3096,527814057.7226773
3097,576793938.702995
3098,286130445.15969086
3099,1001389512.586383
3100,852356508.3839831
3101,858150833.6754992
3102,450241412.9273784
3103,458112709.5932523
3104,488246303.22955
3105,1021340891.6268685
3106,453554957.57748246
3107,673194407.1985805
3108,1149561242.6952279
3109,527771018.333237
3110,766914144.2951403
3111,703348938.4812682
3112,798571674.6082006
3113,581850903.3541014
3114,510967560.6403729
3115,437814399.54745924
3116,564723687.1452942
3117,523242218.7230121
3118,692613145.5572433
3119,1202466411.4756932
3120,703684714.2927847
3121,809464738.9134367
3122,880734903.0451316
3123,474895482.2835836
3124,485500435.2026115
3125,476792870.02228904
3126,673057646.1262801
3127,393625888.1209849
3128,462813720.8358843
3129,590192168.4799026
3130,863825306.4492646
3131,812607330.1148618
3132,1014031854.8456222
3133,1086303515.3848097
3134,493727206.0731982
3135,704663461.9484226
3136,828071575.2160788
3137,1004615329.4606862
3138,989448954.8207012
3139,343550335.6088323
3140,1126947139.5604274
3141,374928768.0386184
3142,380133199.6521807
3143,582539903.0818294
3144,534976372.028677
3145,265740781.02332714
3146,782551404.9224837
3147,590353455.1927134
3148,707436105.4838402
3149,817194731.1625035
3150,198052322.29893848
3151,766964292.4763684
3152,491882379.5330703
3153,1360998380.4094527
3154,385511458.24162406
3155,354322078.3276816
3156,338111350.76901174
3157,595724711.4074185
3158,522640803.44043815
3159,688095390.1244627
3160,498808110.99533695
3161,354915574.9056534
3162,475472662.4042116
3163,553968671.9846456
3164,1210077916.1516633
3165,460099546.24938685
3166,762555167.2978306
3167,924897001.8753139
3168,834410949.1413903
3169,607164455.1157423
3170,383173663.15137756
3171,312956700.4243388
3172,2364539827.0166965
3173,506733282.35854304
3174,301353764.74642795
3175,344047516.0878329
3176,713179121.0726092
3177,366077491.42331797
3178,777669002.56189
3179,499606033.0198075
3180,498559301.28284895
3181,441182365.1613946
3182,1130428743.0809338
3183,448638356.7112955
3184,236155557.0776777
3185,490466552.11631763
3186,679129769.295728
3187,1097442024.4375396
3188,1034055151.0445908
3189,516707119.25663066
3190,517113825.2339822
3191,671255746.3594272
3192,612199032.4533656
3193,380230730.3962838
3194,1036681055.500849
3195,363062366.2667941
3196,629245192.6674799
3197,767815179.3066031
3198,739542599.32009
3199,397055299.8748918
3200,852041407.4011205
3201,538275931.4977027
3202,588321333.7378668
3203,691779963.1021647
3204,474864549.8035388
3205,547798286.6988527
3206,477595306.06167734
3207,1051182299.1345581
3208,682638816.8899424
3209,614285469.8191856
3210,435673344.48963964
3211,603867307.5905081
3212,327062690.20772445
3213,529647138.32508016
3215,1366290019.0237892
3216,693747283.9633826
3217,1249237363.2063043
3218,833783485.2340292
3219,798571018.784222
3220,1178540408.4270463
3221,651217783.7552506
3222,934800499.2524498
3223,990670493.6717131
3224,814782494.9122304
3225,777318865.6769048
3226,1519738260.8258722
3227,678628101.6935339
3228,515033265.5763602
3229,543140317.298519
3230,1481308123.004764
3231,524517947.81506866
3232,611766672.9767475
3233,591508770.201577
3234,943485380.2707971
3235,804084000.4674624
3236,590483823.0461134
3237,415414114.4789836
3238,396245636.80676967
3239,386303188.8839428
3240,297536151.3160662
3241,1137659208.141354
3242,558414400.018304
3243,907650877.2131418
3244,537689042.6163574
3245,900555296.6761898
3246,387801228.35712975
3247,486659929.93113685
3248,1283296318.8724902
3249,1342069860.5019693
3250,310201484.2152929
3251,830462199.6339326
3252,853758354.0541611
3253,552457807.5398804
3254,471078248.4045113
3255,483181200.5390022
3256,725770383.6157435
3257,412782250.1244035
3258,511927302.99876773
3259,948722410.890904
3260,826634833.764416
3261,812973570.4656408
3262,371614862.49304396
3263,978740267.2506295
3264,1404505684.424447
3265,857858788.4447638
3266,380409641.42164266
3267,414004665.96446687
3268,285961727.1245845
3269,494794454.42300177
3270,483999543.34537774
3271,362899148.36453843
3272,551972560.5296587
3273,617057427.7542129
3274,632686785.2278137
3275,1691138453.139681
3276,513828866.28365666
3277,418423246.0790246
3278,613151934.9890273
3279,350349295.0507312
3280,380032983.256799
3282,368246996.0730461
3283,650227929.2360398
3284,331871112.92385083
3285,627805704.5143325
3286,503074426.60703677
3287,465860669.8757691
3288,510663039.21030384
3289,625834743.3073364
3290,608657623.2395042
3291,1091504501.7830255
3292,677713531.1545684
3293,772555606.6080898
3294,395247528.36012185
3295,749913344.7422645
3296,1039121934.7811232
3297,1305942516.5456345
3298,596181988.9377905
3299,899689363.3004887
3300,457376830.9041233
3301,605717850.4316664
3302,619322754.1195871
3303,586133216.919766
3304,382367925.9589052
3305,995053709.9685289
3306,322336999.4417059
3307,804680874.0441872
3308,319620411.64949673
3309,513512340.9084496
3310,504482972.802044
3311,1051294350.148188
3312,559234547.5127991
3313,477016474.65224415
3314,576511984.6562808
3315,1243300207.2040079
3316,366254942.55362165
3317,415730555.1044444
3318,315361273.150306
3319,979334090.9064357
3320,339857574.2227456
3321,679251730.7082335
3322,381120000.64772755
3323,972521368.5143315
3324,665194958.6837691
3325,356745531.22860295
3326,828645518.919815
3327,832884833.6017213
3328,492380912.485424
3329,624378716.7913597
3330,1287793457.8827047
3331,1341836230.5649362
3332,675075336.6705718
3333,905871355.9161029
3334,372230743.4433581
3335,412626332.6467924
3336,385200840.5824203
3337,443874466.6556265
3338,545389439.9261627
3339,610752107.6371405
3340,483158787.3996594
3341,543464279.50498
3342,978624422.3730478
3343,281599899.18084055
3344,1076390816.365897
3345,432028412.41955996
3346,778683874.0310292
3347,748019095.1085443
3348,292800766.8783405
3349,875146926.2357745
3350,547325645.8189055
3351,746380218.2841697
3352,553684185.121389
3353,701256208.4358677
3354,421418350.3744111
3355,316670389.51059747
3356,696971868.02175
3357,621885982.7564194
3358,478084443.42064
3359,362438287.009433
3360,1091320918.436675
3361,1161381701.9872937
3362,1482297372.5439854
3363,580288917.9328514
3364,685910968.0765258
3365,540684449.8765857
3366,398025534.12609434
3367,327747744.4709681
3368,1353986504.460258
3369,873927395.9645623
3370,591056433.6405783
3371,1279365066.6167097
3372,674220134.0680912
3373,683373229.6583462
3374,1362805210.252869
3375,854705669.5775082
3376,656835597.8057481
3377,432983486.32339877
3378,408051418.80438894
3379,594909996.0777823
3380,486417289.2571411
3381,577310309.9661309
3382,526483095.3428063
3383,396991639.8378293
3384,730005434.3221104
3385,713782465.5164816
3386,767164619.1957662
3387,1302444801.6092606
3388,391980510.2454589
3389,722890336.011086
3390,283899395.58091146
3391,299139722.59585583
3392,536197760.39472914
3393,329898365.7636497
3394,376512135.21830547
3395,534828283.52153397
3396,1525162560.3834136
3398,508887778.30049646
3399,523730629.3571473
3400,686006406.7018056
3401,985830728.9384255
3402,1150256337.9921641
3403,483071296.68961006
3404,512776660.2530336
3405,675843390.2053983
3406,977792323.3175317
3407,399454440.607475
3408,382138679.49216795
3409,393667662.65967125
3411,789604404.6434492
3412,659116851.0070382
3413,546559875.266353
3414,317600467.9940119
3415,482528454.24355674
3416,522069025.07841426
3417,1379456455.6017294
3418,1396352283.8955762
3419,1262087695.8297281
3420,403461069.10203594
3421,817414677.5170106
3422,456232882.64546496
3423,426022442.77217406
3424,585828819.5610341
3425,306440716.42237276
3426,363772610.12479895
3427,1097891528.390823
3428,394643976.88963205
3429,316871616.76650465
3430,351171274.87978464
3431,611053308.4474541
3432,406329420.34717536
3433,907569707.4660745
3434,358870990.96451217
3435,763543816.4297745
3436,1369147138.7893267
3438,338126155.3337796
3439,916807332.1057587
3440,443177079.9576359
3441,525647253.94123966
3442,826448341.3950438
3443,541059480.489744
3444,430560165.6928599
3445,1096013091.0856352
3446,441234435.3890304
3447,1435102078.0790129
3448,565605290.7799395
3449,355516040.8476871
3450,570025517.4711906
3451,535111626.16406053
3452,525654267.7473536
3453,567726522.788254
3454,628829448.6063715
3455,1054002730.3306775
3456,486623813.5517833
3457,486180785.2345723
3458,551466302.7034699
3460,406607207.66492856
3461,1503265156.299688
3462,434060845.13103753
3463,371508119.1516907
3464,383774771.8507559
3466,367603987.8492756
3467,718982848.8418788
3468,685199941.0995455
3469,420208086.5864243
3470,393269309.3671856
3471,1013526539.5338877
3472,792516498.7467917
3473,834709897.054149
3474,761566634.2542698
3475,547715697.0156373
3476,603789863.8224452
3477,814421941.1305153
3478,481910222.54313165
3479,269285024.7051495
3480,847444481.3225513
3481,620593655.1022379
3482,884694807.9162717
3483,556068760.6039543
3484,453262277.3785534
3485,644627698.1478012
3486,626608115.6577101
3487,960077275.0525316
3488,311346732.9968331
3489,504173157.44761103
3490,590725232.8643297
3491,1380033859.554146
3492,1286873055.4850035
3493,363758920.2050849
3494,383357041.86746156
3495,430022507.40716445
3496,337816562.4028357
3497,816278055.1841233
3498,473040544.6914293
3499,1365946590.627074
3500,452672196.99749404
3501,766803219.511381
3502,1173631547.9693174
3503,677373724.4957825
3504,648356270.5542794
3505,1405924425.7656407
3506,483425947.950831
3507,1263911712.9426286
3508,440452341.63241524
3509,447315688.37927574
3510,747025001.3775324
3511,781448117.647037
3512,450528443.8643717
3513,953373455.7352191
3514,1257546232.1441085
3515,341937843.5686357
3516,958815165.6694579
3517,795522516.1155447
3518,565900839.0896423
3519,533324853.0857782
3520,645421234.116075
3521,406589254.79077214
3522,1351577447.6981695
3523,657670867.2475073
3524,376690106.4561243
3525,293482119.37008417
3526,388239695.0199536
3527,472248411.24335945
3528,448272364.38193953
3529,552898036.443511
3530,445801576.89136654
3531,579338714.0693021
3532,620012001.9926375
3533,858943088.6038347
3534,836912508.0695949
3535,968566535.7064937
3536,1033216091.5226593
3537,1003970753.3441681
3538,725253125.4407231
3539,329095800.1005177
3540,406132236.2981426
3541,408249410.18796617
3542,399265224.8687706
3543,1234164143.752258
3544,600407238.3377266
3545,645197312.6267235
3546,256796364.4340991
3547,834076544.5037714
3548,312855472.19229037
3549,339297558.4641183
3550,296233082.13143927
3551,896380147.6116376
3552,430471788.97778636
3553,493420554.48725605
3554,867294272.2146778
3555,578614951.5956837
3556,1176717284.6778855
3557,637939148.7878625
3558,1045669746.8594357
3559,813160190.5676008
3561,797555748.0940881
3562,548530312.6005843
3563,848570706.5384657
3564,496619851.93071926
3565,675862632.7903066
3566,549832765.1476954
3567,577099108.5882969
3568,590746095.2263862
3569,839497856.008949
3570,1155278480.2406545
3571,813829777.1934576
3572,547128578.4362057
3573,413941420.90519273
3574,444783605.36533225
3575,515993732.9384525
3576,699174571.3624879
3577,596497044.327764
3578,872925713.2590085
3579,535748712.4510498
3580,592741071.8007464
3581,465267696.69893813
3582,1474461611.4648874
3583,547939114.7538816
3584,376761679.69702613
3585,838066020.0771594
3586,768225751.8892506
3587,888643549.2887062
3588,402863629.5301939
3589,491462964.07677937
3590,1392177663.380603
3591,488914452.397105
3592,326738769.64132464
3593,349530459.7220719
3594,822727204.3846965
3595,560220119.060763
3596,475653199.0806898
3597,1348499079.8751798
3598,822564960.5262188
3600,518084534.8371198
3601,632812309.0084363
3602,738682677.5723249
3603,306318202.9401856
3604,401244704.5660989
3605,1171699388.7756581
3606,802515891.35553
3607,686954048.4900833
3608,278659324.85806674
3609,465035254.81367594
3610,509572774.0174715
3611,380457268.5147673
3612,805421167.1260124
3613,643106535.317985
3614,508346361.889707
3615,676242580.9147576
3616,646302174.0925039
3617,739479568.9674928
3618,878513393.601144
3619,648844063.2335534
3620,801165143.0258124
3621,461112106.841858
3622,545383709.2415845
3625,769757936.6246308
3626,707083295.0503058
3627,615682681.791373
3628,432350678.1426127
3629,479231947.78481364
3630,888370893.9874327
3631,1065291438.8900795
3632,435631777.75759816
3633,956466683.3422941
3634,883438942.6793073
3635,663115240.7271
3636,468178913.0475361
3637,664434026.0312396
3638,958138854.9353158
3639,1144027324.9116805
3640,507639703.5331417
3641,585536990.9825587
3642,1419275463.9452553
3643,514841845.9474281
3644,602065748.5000869
3645,796704518.4623578
3646,541245868.7495291
3647,432668864.99970245
3648,457190465.15210086
3649,760303409.4763794
3650,1361260013.2481205
3651,1626342844.6884503
3652,553819975.1990404
3653,662097589.5384847
3654,691727710.11094
3655,481116371.49692446
3656,516022879.61963534
3657,457445551.7986733
3658,555739920.8868955
3659,848520015.308218
3660,477669408.1191676
3661,991165034.0389078
3662,951134803.5271684
3663,976159278.3514562
3664,1472496485.5868049
3665,467237436.2279636
3666,1041937870.6905082
3667,567109146.7916652
3668,611563277.3319362
3669,1532804305.165759
3670,775096041.5669674
3671,370459489.38839525
3672,323102223.06482625
3673,477576914.4102291
3674,487827658.6648196
3675,558198244.8507726
3676,507320894.50412375
3677,424002427.37039614
3678,417810983.2688194
3679,311428022.57027394
3680,634065606.9986782
3681,648999798.4058106
3682,566859194.320839
3683,365247560.8350913
3684,659663056.562596
3685,329153360.1656685
3686,650173207.7840836
3687,1216718975.3820562
3688,410277632.8875249
3689,823996802.3179014
3690,751116812.0283277
3691,493435071.9991816
3692,923226738.4726758
3693,458171644.67577904
3694,616972940.8207924
3695,1018777391.2114217
3696,892832169.1543496
3697,826873165.9104623
3698,720861145.0645915
3699,802887595.2690998
3700,999560909.0266786
3701,300795487.5818286
3702,465022280.3659394
3703,467957655.5122362
3704,1092814552.69981
3705,521306884.95879674
3706,528917516.86062443
3707,993860316.3906745
3708,2257970661.8233595
3709,595232165.7930648
3710,658339336.1393197
3711,754472136.8438112
3712,734354712.3431222
3713,547980668.5706893
3714,353778611.6749599
3715,794392404.317916
3716,394097251.60721654
3717,1246061403.7393985
3718,587757669.1104724
3719,454095877.4034065
3720,283701196.7101399
3721,745786959.6531333
3722,462493481.82629704
3723,749400623.7003671
3724,727049961.6212224
3725,1365060148.0021355
3726,703635444.6743891
3727,532894225.53170043
3728,389101722.1450124
3729,338204060.9008644
3730,506217180.1088867
3731,453584721.66281456
3732,275486849.32451296
3733,776165087.4665184
3734,499652803.5195267
3735,655035944.4543664
3736,438676243.7798064
3737,261457627.77334905
3738,490114995.4343304
3739,522565805.79302573
3740,477427552.8353648
3741,488975815.9418295
3742,1007922359.8207763
3743,1262071525.3985147
3744,545499808.10585
3745,1212158795.5036514
3746,1558042717.6421945
3747,546154142.6040473
3748,747676872.8741726
3750,641095266.9756874
3751,273938203.5367865
3752,406229645.5494722
3753,1494996993.371966
3754,392091124.4554968
3755,720182996.5273756
3756,707239043.2669902
3757,502788991.4835092
3758,549667872.3763275
3759,587886651.8494568
3760,322462624.2056251
3761,618956238.7079443
3762,1247097403.732703
3763,773829113.182009
3764,487402162.8064603
3765,661342543.447231
3766,580247692.5133876
3767,410834589.59622335
3768,499006642.9304671
3769,1081969918.135565
3770,582272675.4336236
3771,1114255390.7475576
3772,617961558.4412425
3773,1049775500.1983175
3774,519402289.7111169
3775,480602686.91121864
3776,559506847.8863382
3777,722172963.5288813
3778,596998714.7369878
3779,662479508.3482021
3780,338613641.96998286
3781,1376170491.0687637
3782,1273678786.8103733
3783,556072561.8312895
3784,762650456.2732428
3785,737555324.3944119
3786,873712312.4927295
3787,732891497.4191923
3788,349746936.6326258
3789,505526133.61885244
3790,1534341096.7129176
3791,312268794.55709845
3792,894171360.3976668
3793,653844384.9266443
3794,786967517.296299
3795,677754486.7200372
3796,432383987.70043635
3797,615601892.1987317
3798,575376186.4845287
3799,539095730.3713037
3800,577002303.5056878
3801,636927349.6825548
3802,720161036.0650815
3803,1261583061.256456
3804,760476587.1910822
3805,1058820173.4734857
3806,601251261.3737315
3807,685487329.4264561
3808,970190080.3159189
3809,670989016.870303
3810,408161046.6510562
3811,744511194.6883909
3812,384761714.9750104
3813,454037935.68304825
3815,808329656.2276335
3816,1432906148.805836
3817,414517741.6178534
3818,1009327852.4917223
3819,1353328010.2503233
3820,989193167.5047382
3822,418889020.9484278
3823,749438663.5823711
3824,704221452.9747099
3825,334719121.859717
3826,719550473.7339622
3827,639314786.3152571
3828,765147871.222427
3829,340532718.6982839
3830,609533327.298019
3831,1078273519.2117012
3832,673935150.0305425
3833,647382286.0896225
3834,1344925260.0058813
3835,597520805.0214108
3836,714913805.8036648
3837,1040981378.0610199
3838,932659693.4395273
3839,311200387.7462316
3841,1245220595.1868773
3842,659153822.9512115
3843,641011391.5800877
3844,1877155297.2741315
3845,449915744.02133644
3846,532418164.20599985
3847,1836210770.4923975
3848,447225158.182917
3849,551247281.1602192
3850,1193495737.89516
3851,302351519.3185559
3852,647553067.9551152
3853,514707771.2346205
3854,677467992.4900187
3855,444456869.0226322
3856,584571256.427049
3857,507299194.90464145
3858,642210042.592438
3859,604679512.0070021
3860,605356827.8406963
3861,624765231.4392729
3862,558809794.6676387
3863,515318201.3285343
3864,629567505.2149714
3865,619494412.8165271
3866,570710618.6111974
3867,671676886.2823292
3868,430331967.9769274
3869,657185658.3689744
3870,549730092.1157501
3871,631151654.8757277
3872,874571543.706602
3873,342190695.6438135
3874,885865531.6673976
3875,1018361460.6209171
3876,884708343.9850295
3877,1248019023.3906596
3878,1600220794.3477967
3879,987339424.9912492
3880,470962430.1913913
3881,1427113703.7023244
3882,293798687.6402763
3883,652755790.6553084
3884,663560598.3558774
3885,368294215.05453014
3886,808889199.000807
3887,690334267.3216954
3888,397713450.1106091
3890,435808891.2556547
3891,354002553.62845784
3892,351299402.1210893
3893,798508049.4315667
3894,1282249445.8021066
3895,461083741.8138149
3896,655332536.1028204
3897,571243188.6716398
3898,421897304.0964978
3899,541874085.369963
3900,725619182.1237617
3901,503773877.1417645
3902,870461669.3005269
3903,894824244.8618875
3904,488426278.6250483
3905,284329972.72810984
3906,448255555.8171209
3907,487677760.8972421
3908,546785922.839726
3909,624230907.6025367
3910,259913665.9125753
3911,648306206.7906121
3912,744447484.8147084
3913,421565806.9084391
3914,362124195.07861954
3915,462482560.95697916
3916,304636086.8917444
3917,682419250.9997973
3918,870082951.8601573
3919,723776824.9734532
3920,2290765096.9090586
3921,560454741.1083708
3922,469763104.029467
3923,362229660.5769989
3924,602092343.780367
3925,452987922.4115797
3926,666530406.4520856
3927,572716136.8930745
3928,437352892.9673858
3929,687575572.7499611
3930,585525851.1752335
3931,397347975.50305474
3932,569785029.6897119
3933,423424791.7512293
3934,464655775.93061095
3935,580489841.1675258
3936,1415516958.258165
3937,673865996.1508251
3938,934623257.1144619
3939,812664743.864113
3940,539989761.3925363
3941,495589961.56574607
3942,364593903.11595273
3943,766668351.1270549
3944,775994914.042508
3945,814911147.725682
3946,454013405.86012894
3947,612625245.6652045
3948,350273657.84719473
3949,297381115.8347335
3950,802925930.9215355
3951,870883351.8424698
3952,506439656.5856025
3953,942027620.5846763
3954,852128428.9592767
3955,826081106.5591087
3956,496926256.5280213
3957,420186929.8018379
3958,472023542.78671414
3959,406522264.2850983
3960,546442299.3365749
3961,731511824.8527684
3962,508887658.1419002
3963,351363936.9985118
3964,1541916782.5534503
3965,518911300.5094981
3966,440216927.9597173
3967,396015252.0945486
3968,1299429335.222533
3969,630751228.690588
3970,269186177.54080564
3971,527726882.22610927
3972,373201195.9073045
3973,579532262.6757812
3974,670552029.3695508
3975,899254508.278598
3976,1291766674.0542197
3977,775246085.7612088
3979,848024660.5151905
3980,478475397.495281
3981,302799351.8324451
3982,610980357.6118171
3983,782649468.4838995
3984,489882545.2953085
3985,672073766.4284999
3986,409492932.6532256
3987,361759274.5361595
3988,345842311.91531146
3989,462607509.793604
3990,467938443.35332006
3991,771369796.0761763
3992,840828167.2912909
3993,548982199.2827634
3994,420625591.0807354
3995,1000029629.3199952
3996,1182192760.3736641
3997,750595350.1984768
3998,539085104.1625413
3999,522114423.7104799
4000,598720275.3929079
4001,953464134.0732462
4002,322972588.3368264
4003,277248791.22381216
4004,388346004.55552024
4005,823515424.617475
4006,682459824.5538982
4007,785740240.5224628
4008,643031228.5177008
4009,546607801.74598
4010,588435472.893231
4011,999806174.6382695
4012,509578840.69680554
4013,457862222.8906164
4014,400581209.8935864
4015,314318206.8321321
4016,756286713.0293316
4017,638064489.2067276
4018,497718755.2065166
4019,370693814.65713
4020,773426570.1911176
4021,774203851.6802169
4022,500891791.96934795
4023,946751111.9541999
4024,654648782.9729459
4025,457872080.3410704
4026,1077401061.054267
4027,1078068776.8858798
4028,792138524.804641
4029,1020022773.113432
4030,363817168.4593946
4031,379846252.89946765
4032,480843989.5478309
4033,571203212.1796544
4034,716311198.5693405
4035,497460270.1386719
4036,417636936.75648475
4037,407522033.58059126
4038,1390392444.9672961
4039,767285496.4056195
4040,443312029.9588173
4041,922006267.0525686
4042,929588243.5333136
4043,1007326635.8703346
4044,351519777.91038036
4045,954171056.6467508
4046,848592984.8398668
4047,455109279.7657045
4048,499944504.41595
4049,444691030.1678042
4052,753783533.9874351
4053,538686624.4023403
4054,391533436.78932774
4055,483615531.1771175
4056,1185641838.1407855
4057,759949274.0561359
4058,1031291098.8765999
4059,698860061.8872126
4060,359686487.1320431
4061,533619051.2965126
4062,608658568.4811591
4063,885634805.0969582
4064,630527986.019397
4065,1016424546.1257153
4066,636860889.211285
4067,1037538590.6108512
4068,534986412.15772915
4069,526017605.5426562
4070,500069942.611305
4071,656778962.0602125
4072,1132759865.4420571
4073,577064329.9265925
4075,542019327.2457807
4076,776144191.1076099
4077,1143916914.488443
4078,916792220.9555646
4079,471467199.7654307
4080,929290982.6217535
4081,1266711180.3605425
4082,726172725.0091575
4083,889046253.8391782
4084,449729417.1445701
4085,278961729.09725714
4086,776588574.5234716
4087,444370805.2649123
4088,462090009.59271234
4089,496042308.61279434
4090,672001290.2970281
4091,1034237846.2813162
4092,522846863.95385927
4093,758230483.3646579
4094,199870815.3346808
4095,331717149.9547581
4096,1093991591.8295176
4097,453752713.0725359
4098,486191392.1116983
4099,951631800.8696619
4100,814410210.1254131
4101,646189861.4038926
4102,488893618.12577957
4103,400223402.5540652
4104,728372895.1596956
4105,1040239381.2639533
4106,686246110.8272439
4107,563365975.6596153
4108,618568563.1135619
4109,528163098.4487857
4110,852865012.0771251
4111,326381014.36237615
4112,690785130.2756873
4113,961712900.1698258
4114,684261067.8075231
4115,470539568.2124025
4117,472825439.1737499
4118,476411158.55928856
4119,420622309.9576791
4120,1772372232.9108613
4122,959184744.7610896
4123,382629129.4259701
4124,1374837622.385656
4125,1262646750.4066048
4126,816279348.5686209
4127,364271270.3749663
4128,642959464.1816665
4129,943283167.5989441
4130,867867634.2170353
4131,768122720.8949254
4132,868508191.5643047
4133,486537695.3229546
4134,337084298.82316965
4135,548766205.99424
4136,872748607.4432406
4138,2275507534.533065
4139,537535996.3297067
4141,615095334.1046909
4142,433340742.6153832
4143,506262680.1654377
4144,359824139.36507356
4145,451679324.1849881
4146,533389520.49822426
4147,1488584373.106055
4148,620608886.1752146
4149,1143558785.3236012
4150,1032878435.7313482
4151,558363597.052518
4152,449252957.3897602
4153,510615659.4281703
4154,432973389.9152738
4155,543506189.3347262
4156,809511568.9090501
4157,389759832.2055615
4158,793895995.4941641
4159,1059439613.7786028
4160,699299027.6441581
4161,464446533.04413974
4162,871236950.8568919
4163,627457805.5167089
4164,889460947.9094117
4165,586362595.1282542
4166,817760246.4907261
4167,734595684.0892639
4168,927311117.1566466
4169,416158445.88020605
4170,1386960245.8616707
4171,488498304.17944056
4172,363179103.53086185
4173,343466129.83412164
4174,953752034.303166
4175,780882264.7003571
4176,809193954.4354659
4177,806073606.9722061
4178,729571225.5455161
4179,733079005.9033904
4180,411468757.5986541
4181,402733684.4525973
4182,791203684.9202093
4183,640772547.6409684
4185,906127937.0139745
4186,938603309.9856179
4187,632369198.0508919
4188,985758307.8278013
4189,580744896.499633
4190,618691888.4724032
4191,848293423.6556481
4192,633272068.1113632
4193,467439215.3020003
4194,1705962815.6033287
4195,869424094.6680236
4196,872506784.8365405
4197,569615101.392163
4198,504117465.1676298
4199,406714632.52980083
4200,695741597.6412971
4201,397262167.8465391
4202,599677134.1418699
4203,1696276219.6395006
4205,761271724.8149973
4206,546184580.9017695
4207,442226055.676077
4208,823222668.9037789
4209,998766819.7875203
4210,1075564895.0541182
4211,738808936.3454822
4212,329044734.2916619
4213,513784764.58766544
4214,429674270.2044628
4215,707944116.7585565
4216,654535555.6842649
4217,502998383.20621073
4218,1181279670.1324742
4219,704484249.2082907
4220,543554679.2966621
4221,1672173404.8162076
4222,728191323.4896772
4223,589478450.1333812
4224,703917231.9983041
4225,450157292.42638916
4226,796259366.2040503
4227,379780285.22220606
4228,504290180.49012244
4229,569836620.8597975
4230,620915712.926131
4231,438953876.9621165
4232,694800164.6241401
4233,974360877.3553169
4234,620843468.402513
4235,404102273.7936065
4236,295973257.3002835
4237,797965958.4290454
4238,932399541.7967634
4239,665402020.2842519
4240,650320814.5411414
4241,1271861710.0363517
4243,499735763.29979676
4244,821476738.1518779
4245,541264070.1435493
4246,589474208.8712094
4247,678356616.7202212
4248,293321382.9439348
4249,452708586.6140322
4250,872509204.1021582
4251,324489736.3615763
4252,706743132.3809916
4253,1498518442.3599916
4254,679833538.4339664
4255,874916009.688489
4256,643006786.7584743
4257,496452254.5526894
4258,1771272712.7463822
4259,1081059299.8180692
4260,425335353.8845167
4261,1109218415.642219
4262,952980745.6154684
4263,525302782.7404809
4264,820505529.8327129
4265,515751030.66907346
4266,628638721.0042472
4267,489532773.8401028
4268,892560834.0687832
4269,630540301.2669775
4270,296592076.8782201
4271,368702609.8062518
4272,465892980.53293425
4273,802282200.6847786
4274,1021429140.4091387
4275,1116384489.8068478
4276,1190645899.1382346
4277,226076062.35213822
4278,750002552.3384324
4279,527723446.08462995
4280,674616836.6170691
4281,532862591.18985957
4282,488963114.2717157
4283,560210346.859958
4284,606054795.0032905
4285,1169803732.486089
4286,554376302.718292
4287,619473215.4239888
4288,473387035.0589765
4289,378642144.4829563
4290,380098221.586782
4291,300999751.2948995
4292,504534652.0899621
4293,506989995.35806143
4294,742232479.4495267
4295,483467387.93276936
4296,682137467.0816158
4297,1177077969.5910792
4298,636191813.4422846
4299,412154291.44433624
4300,589154000.6436667
4301,421644523.06514096
4302,783088356.3106016
4303,382959810.109714
4304,466284363.3913182
4305,612989821.8384897
4306,691625894.3401581
4307,408521173.6161345
4308,530424382.9016024
4309,381202533.195423
4310,533857567.2179159
4311,357395877.399333
4312,461351730.7384059
4313,1576866398.3098223
4314,580525627.1438813
4316,722252805.4799861
4317,463529583.93910444
4318,1031242626.1666168
4319,590914130.8613802
4320,1044925436.2512378
4321,455989211.79380095
4322,745693405.7442349
4323,1073307610.3163557
4324,376870614.2151287
4325,486644215.2135041
4326,683726071.6409609
4327,813512881.8476638
4328,992418102.0978597
4329,590385659.5742401
4330,620409286.2741642
4331,804817759.4793941
4332,451234373.78012574
4333,455383892.3764888
4334,603580076.9455086
4335,537864513.4526507
4336,659418901.874744
4337,478210380.0092526
4338,303145169.88259274
4339,738688252.9492587
4340,400462328.1488212
4341,457685026.78384244
4342,918119192.9587867
4343,493550944.8175947
4344,586215547.117593
4345,701539265.7151234
4346,1293410418.0530372
4347,519095358.02435637
4348,272278113.49738485
4349,539164282.1205965
4350,947157265.9805564
4352,288913114.7614317
4353,467040711.90858036
4355,447180353.06177074
4357,901015460.0970619
4358,453165263.46284914
4359,464489042.88430405
4360,555719016.334612
4361,341782051.3524789
4362,591583875.4082093
4363,368624919.3164297
4364,911423231.9558572
4365,391791602.23734
4366,448671277.3341671
4367,564323836.4423436
4368,381381995.5067277
4370,1019419281.6301504
4371,839953919.0285761
4373,1107640092.9249709
4374,549411248.7255464
4375,1291058941.6269457
4376,408122904.2560022
4377,414039356.83961004
4378,294693780.42320585
4379,485636084.6777067
4380,436160889.44569594
4381,531935603.54658866
4382,1957908865.651002
4383,627040345.0225317
4384,466211176.1731824
4385,365743102.5702257
4386,485252369.0822252
4387,506451226.8935481
4388,379483416.80833626
4389,676874171.2789174
4390,598737437.6415457
4391,619566676.4283588
4393,658851640.1774966
4394,807076925.7336392
4395,1056218216.3567469
4396,549683943.8322407
4397,467157524.2205273
4398,595282837.011988
4399,682020101.0073346
4402,1073436174.8897151
4403,568932991.2435185
4405,519028953.24290925
4407,662498360.290495
4408,558223614.1261431
4409,213501188.3172779
4410,600623590.8838474
4411,330849632.7292273
4412,794014614.1409966
4414,480150338.36482203
4415,734102453.9222052
4416,512420215.1553565
4417,608934281.0893503
4418,315397119.59568495
4419,935210969.1226056
4420,411901767.4333407
4421,665438693.0998006
4422,433619219.3449508
4423,322906395.0158592
4424,523321599.8269377
4425,372218834.2831094
4426,703116145.8835263
4427,481050168.4875111
4428,450851717.05703336
4429,504629552.65451616
4430,675633573.8722942
4431,664263363.8648261
4433,612082495.5860531
4435,653689558.9061981
4437,1828374255.555038
4438,410358109.64643323
4439,512868116.7907495
4440,1339650429.210618
4441,1176944645.311142
4442,838684697.4503816
4444,438822787.8692144
4445,1523190904.2976477
4446,946060478.9843676
4447,639381409.7864584
4448,530262462.9215205
4449,375395233.7108393
4450,448127926.76714087
4451,1023032831.3326524
4452,773512966.021082
4453,1429165778.9097924
4454,956256218.0257866
4455,1771329325.733091
4457,414612713.1515585
4458,844284959.3109279
4459,1053316490.6427385
4460,558604183.0525253
4461,635594522.173258
4462,520023790.0948961
4463,836213777.969478
4464,559754505.7338831
4465,1138312980.807564
4467,1411037077.7656317
4468,1288602544.988962
4469,1493522270.041843
4471,476946133.02990127
4472,1521077095.8121176
4473,994778425.4346435
4474,1315429080.7665253
4475,835656036.2824967
4476,444745219.4362005
4477,502447891.5446232
4478,1911561295.5820777
4479,2146407719.1155858
4480,617402268.1914442
4483,625783172.4476465
4485,986675044.240763
4486,368221320.0225392
4487,634086326.6931891
4488,1784040220.4947453
4489,562170781.7666764
4490,1435051847.633909
4491,1311832096.3089006
4492,1325076448.8886507
4493,373419496.3687851
4494,532082256.8691817
4498,1050019142.7446315
4499,1151733235.522402
4500,2362733889.28811
4501,1098567508.2055368
4502,1344417202.2387383
4503,415303863.0574802
4505,1008408671.1684594
4506,1776732548.1783245
4509,703463690.6364397
4510,1281373743.487961
4512,1452234554.5681448
4513,706885714.5287615
4514,467263987.573011
4515,662163326.2664125
4516,640454601.8689083
4518,1116825304.361337
4519,1333366783.4668996
4520,659997590.7589478
4521,1921498134.394408
4522,1867748881.1412504
4523,499159166.3242667
4524,1604405208.3698
4525,814768371.1404623
4526,1241478248.5909762
4527,327694266.4170804
4528,495131202.9677418
4529,293770969.2787163
4530,389095526.64283
4531,539736152.0419669
4532,1021350997.4835606
4533,1083658693.2980258
4534,1385573251.5540931
4535,312371192.1885016
4536,1697625348.4564073
4537,696958374.371287
4538,784995854.6280485
4539,1130481791.8657207
4540,484403032.57085085
4541,1545879896.776122
4542,1816709292.1956122
4543,588154106.8852699
4544,660030051.3194535
4545,1044208083.8375169
4546,570130032.8254975
4547,1080907223.8641813
4548,536567755.657656
4549,1690904900.978359
4550,866602442.5821013
4552,1270425625.3793197
4554,637339857.5755764
4555,653557811.9860348
4556,1404175228.4436197
4559,1010242397.7454871
4560,760361556.3437486
4561,1241866532.5849288
4563,1001443653.8767768
4564,1536078222.3745837
4565,1002764440.2364312
4566,871119295.5917403
4567,1658101294.6941154
4568,1407961599.217882
4569,1170307720.2059023
4570,1298822629.7432485
4572,1255856931.6417303
4573,1577292238.3435502
4576,1537305765.687708
4577,1091797399.0197144
4580,930521591.40513
4583,1105704189.0831459
4584,988765382.0541171
4585,749999075.7131335
4587,1833708038.6714766
4588,1273601264.1092951
4589,839522306.7644006
4590,1971213777.1590674
4591,1997184745.9195228
4592,607028650.6256146
4593,1095034236.782209
4594,519581737.8176421
4595,564779434.5968415
4597,302485041.18284076
4598,348705742.9528122
4599,811195488.4108423
4600,664725857.5238936
4601,1096341431.4142575
4602,412766056.9402182
4603,472037283.5571273
4604,683002243.3975067
4605,758202314.360468
4606,485759674.4463312
4607,565797391.6011703
4609,491078724.2566385
4610,653084030.8408128
4611,1046063651.6862633
4612,902400461.906356
4614,1165256735.3806581
4615,477127746.46081537
4616,741482907.4715109
4618,853375808.4057641
4619,1083050848.938469
4620,817621103.9008822
4621,435789838.54082555
4622,530245414.96464753
4623,847218524.5090443
4624,836621149.4793572
4625,608677794.0411313
4626,476043408.78227
4627,612685745.3852323
4628,421802473.17129576
4629,835931002.3952734
4630,727856967.9264612
4631,410301726.8429239
4632,341553063.65564424
4633,494816065.08864695
4634,641774307.8067855
4635,421352706.46506727
4636,524054292.06910354
4637,674825249.9824841
4638,1717557625.331106
4639,925098575.0953513
4640,419034716.87973416
4641,467255382.89432955
4642,751693723.8902484
4643,532963897.22881377
4645,561902869.6913698
4647,682193220.0316268
4648,590374830.6974473
4649,571446754.7169695
4650,475663758.8044405
4651,556472494.015676
4652,473999613.13767654
4653,405416559.2179502
4654,1670662875.0463853
4655,1582436513.1883602
4656,497504523.3980435
4657,607429637.0204072
4658,682897394.4963279
4659,484280315.6354474
4660,303497271.8617872
4661,1238541190.2010076
4662,389761154.7664271
4663,400075251.5796909
4664,332419799.7914735
4665,415413402.29995936
4666,814082930.369645
4667,813658251.0538536
4668,480437238.59950775
4669,742463424.1134856
4670,985102065.6573774
4671,621642519.3438674
4672,821773843.5667412
4673,361439143.6983835
4674,429130238.73992187
4676,324286220.3284266
4677,360520895.97839564
4678,422889142.175876
4679,392592477.1398416
4680,288659030.64279264
4681,848481436.4599853
4682,279703922.6115003
4683,329906756.99447596
4684,628140462.052604
4685,490308024.3177546
4686,590053537.7302481
4687,1777108950.3670356
4688,751904596.0866251
4689,334738549.00784856
4690,1068074713.1406103
4692,379814664.79757476
4693,697929876.8855268
4694,586997952.7661594
4695,866554963.6455986
4696,862536399.6537975
4697,691888521.294045
4698,445691378.9765433
4699,863759983.5526723
4700,830809658.7094971
4701,634821245.9858893
4702,878651641.6028321
4703,504692279.4709304
4704,409956250.46285117
4705,1080863344.6581938
4706,314566409.5724012
4707,384579879.466183
4708,1042420157.5471722
4709,1793880957.5579674
4710,684906356.1183512
4711,1608879954.0908937
4712,865963787.0105263
4713,655913544.7997702
4714,414962111.0356643
4715,557590824.2508907
4716,358555520.6166049
4717,395999458.61275226
4718,534721152.22211885
4719,492507788.8845401
4720,444132868.0116292
4721,633561929.0833327
4722,516920178.7404574
4723,1037954006.518969
4724,1258839824.1486917
4725,473387720.3186463
4726,661898002.4439721
4727,284786084.7751888
4728,905919844.8375627
4729,413464434.9392249
4730,415952808.91506016
4731,636017187.7346497
4732,620828941.1385965
4733,751383538.3714924
4734,837733119.3284231
4735,425004091.28154176
4736,641014944.2279029
4737,783513976.247795
4738,372351694.87771636
4739,1092119124.8302546
4740,368698110.4645127
4741,524720636.8571213
4742,626460505.1324762
4743,355518264.2410132
4744,458977002.1920992
4745,670855981.2657454
4746,540822403.2946618
4747,883187389.5150814
4748,513188160.3424103
4749,332174588.2390867
4750,1190021719.5590103
4751,432792443.9135038
4752,396996897.8204985
4753,255138845.18768144
4754,725926646.0598682
4755,698393122.5342488
4756,346500369.3795685
4757,748244141.33191
4758,684176846.0911489
4759,269678211.9538221
4760,772704618.3499663
4761,321107004.6258976
4762,512801490.5564107
4763,447164322.90925115
4764,1045565347.9985752
4765,498976694.9752952
4766,1071996889.4352975
4767,512227079.4054038
4768,371235120.80326825
4769,608681141.0354272
4770,230032477.20292187
4771,597629825.519192
4772,936774882.8613349
4773,394865229.06646466
4774,250755347.26965243
4775,655371636.7485437
4776,430422961.9322801
4777,416508818.5276473
4778,787897268.5934747
4779,1131583247.7597446
4780,734930505.938018
4781,903598477.6110666
4782,763134228.3771778
4783,458063344.10187227
4784,593623815.8942453
4785,538040353.7571898
4786,834675315.8170478
4787,918989978.8615748
4788,946292896.3592595
4789,503916433.54989374
4790,613107928.7598501
4791,802243711.2902021
4792,1382024946.5442681
4793,629028221.7824144
4794,883280938.8148068
4795,262087267.66534853
4796,292703982.4408179
4797,402489199.41474324
4798,644280838.8425074
4799,573345077.6769537
4800,815725879.0576515
4801,679937461.1997024
4802,765415262.7280186
4803,1052538803.3380935
4804,800289782.6485326
4805,338436873.3357578
4806,510976782.7149031
4807,571227453.1700342
4808,818379116.8267897
4809,486947293.8889194
4810,514547899.9633686
4811,1115600724.8566563
4812,883597506.5961549
4813,1049015522.8961741
4814,1059544634.1614789
4815,1496541295.0998478
4816,1773542612.6029477
4817,995025012.6854581
4818,290765973.18580437
4819,786173596.2821845
4820,1219963968.8802946
4821,1521127985.6081836
4822,448857321.1847315
4823,667351193.3965824
4824,360336437.8721767
4825,969824188.5878997
4827,500332847.710014
4828,478540236.3185308
4829,717996898.0332986
4830,342345242.68254316
4831,682413632.449004
4832,813269734.3482124
4833,943898822.2252401
4834,577604278.2410676
4835,427593508.6124997
4836,521446156.58931816
4837,652937906.759221
4838,348732567.1076529
4839,455663529.29249865
4840,394640909.5731491
4841,874593827.2536759
4842,385212082.36502963
4843,727834379.818621
4844,726013280.35154
4845,548942571.2504518
4847,1709349679.6591716
4848,636738391.3234427
4849,834464041.549116
4850,874272297.4114232
4851,839969433.9654379
4852,752658735.6277974
4853,777007161.6620499
4854,466103637.41237146
4855,1032505106.8465586
4856,1195963856.3351169
4857,998709368.3825635
4858,632752303.4441772
4859,445639393.12515336
4860,625209132.739651
4861,733275225.8629997
4862,572211910.0781866
4863,240280316.547023
4864,479018514.3225645
4865,801692863.3570627
4866,504432500.9076357
4867,713257078.4838865
4868,534494018.20369774
4869,394437895.48302174
4870,529265457.2083956
4871,753341625.1180648
4872,1199989462.189919
4873,901746057.6947688
4874,1009682570.963867
4875,566296263.121866
4876,803937773.9141926
4877,666151620.0887362
4878,1057557376.2718911
4879,484995928.0549051
4881,441945202.6386151
4882,382274229.86392045
4883,401820780.58216304
4884,1462785947.329544
4885,534344474.4993575
4886,774378369.3772478
4887,552995478.4133604
4888,533055351.61693394
4889,634180005.4387906
4890,572724274.5801378
4891,674032136.5001911
4893,1298284088.4089253
4894,558962896.5875556
4895,919067887.8781453
4896,397684673.4632881
4897,806986361.7746767
4898,485931387.4492421
4899,631009474.5994246
4900,751714446.1716483
4901,965794296.1985126
4902,498644099.3703918
4903,549686989.2356688
4904,1229549085.6341665
4905,475996187.83554184
4906,524142797.99686855
4907,1181945509.6582818
4908,399250573.85153776
4909,1908417710.3744411
4910,954699545.2703974
4911,725572138.1631867
4912,934658644.7026296
4913,475415774.9593683
4914,1227535785.2387114
4915,1382149644.4352202
4918,739319360.4533303
4919,1062837446.1234254
4920,344154302.01993203
4921,1517036855.8005526
4922,454154721.2875747
4923,721256697.2467821
4924,761928573.7956911
4925,737669104.1725138
4926,538816314.1533203
4927,769480784.1487429
4928,587525880.9823672
4929,446229765.76986253
4930,371245720.85082746
4931,391142672.4651265
4932,378918315.1352139
4933,504590565.80817664
4934,387656379.07757413
4935,1283977110.5571234
4936,857047551.0297469
4937,430164530.5178737
4939,1901343349.3224998
4940,694718945.8390456
4941,1372171751.984286
4942,1782896520.3381934
4943,2626367032.4686384
4944,1612552612.0408192
4945,1112389798.6084223
4946,805992927.4920543
4947,1693678914.8808951
4948,1711278274.7245274
4949,790797836.9692278
4950,839178172.2578166
4952,476996880.15349
4953,1006622170.8719501
4954,523109922.7496696
4955,795072816.9663167
4956,485038951.77589226
4957,1329451592.7596722
4958,631277092.0265533
4959,874047026.9947923
4960,670963566.8362266
4962,758506180.146271
4963,645869774.3753159
4964,1021155518.5192586
4967,677256252.4369979
4968,934392160.8433626
4969,2317765156.557914
4970,1046426407.822806
4971,562852725.2748334
4972,551043938.6931335
4973,440681074.2864226
4974,505277361.59637046
4975,474011345.2120465
4976,857231283.8143299
4977,542150177.2459433
4978,594102763.4737076
4979,390012870.46895295
4980,349546508.7816176
4981,515580397.89282507
4982,1075310182.1025426
4983,467199484.4527046
4984,1200548702.35247
4986,729949162.2756412
4987,872372208.2475123
4988,642589547.8873451
4990,530458102.48891515
4991,487695332.6986774
4992,346303406.7337337
4993,356808435.76540196
4994,656917942.9304556
4995,441497923.27264476
4996,421644613.398965
4997,377821504.6741436
4998,374109276.56442153
4999,1027916158.002002
5001,963818023.3062932
5002,680334963.4164915
5003,409763929.34958816
5004,272222385.1214395
5005,945240339.2104621
5006,629157266.9461021
5007,649714414.1620775
5008,1156259221.6680698
5009,531679289.4070749
5010,707715413.8733006
5011,487394662.6447752
5012,520558149.9184163
5013,746063892.5139053
5014,673969942.3411453
5015,732833324.8698205
5016,1070341820.81369
5017,385865235.0568358
5018,814461631.9718579
5019,421402862.0383811
5020,765181586.0602432
5021,1129842984.728827
5022,827367205.8149198
5023,1310800601.2264993
5025,1629470022.651695
5027,1061636067.6489174
5029,573443867.2435576
5031,916929603.3598893
5032,1118931986.846203
5033,457551486.40470177
5034,505659416.2619777
5035,632052411.0150052
5036,317331373.7786081
5037,312901738.1872435
5038,490638790.17385805
5039,925278071.4355162
5040,664554717.3579888
5041,485908748.2846986
5042,1317641851.611856
5043,455707732.80312085
5044,1128293033.8668025
5045,326197080.58425474
5047,673925554.7549975
5049,1165634066.183506
5050,932272386.3831365
5051,2016947948.9559982
5052,1491184203.4487922
5053,929922849.9270597
5054,952827976.6742594
5055,636399981.6894203
5056,1201169150.073213
5057,505702974.6985519
5058,367709252.69394886
5059,513770374.4671043
5060,332828820.0650526
5061,439928289.3199089
5062,519411167.0426607
5063,381724238.85972255
5064,504945868.9533719
5065,490688812.99499243
5066,1103657203.9553185
5067,385978458.6158786
5068,430954865.9562016
5070,372351507.49874985
5071,542419596.5155382
5072,519174365.18088496
5073,608756101.2894541
5074,588512564.8793203
5075,1010101297.302731
5076,486385900.5550381
5077,384031202.52210873
5078,308741915.1427209
5079,318174594.2536562
5081,893921097.0841863
5082,461595700.95941
5083,576445727.0493544
5084,709020494.3468531
5085,894597303.8071223
5086,520225408.0530977
5087,1200956193.9258115
5088,569071044.4701095
5089,859274134.6387072
5092,886440337.3383465
5093,399574885.5654248
5094,1000489684.2791392
5095,573678794.732775
5096,424901496.63278383
5097,1670582992.8739119
5098,404451983.74561983
5099,530518162.6592828
5101,574154382.917551
5102,1962518899.9229832
5103,469814222.18330204
5104,1389161174.7023108
5105,387039589.5518615
5106,601023724.0948902
5107,496593259.5108273
5108,539104385.7587858
5109,497757046.97341883
5110,603044444.3311398
5111,790920295.123945
5112,740321104.3394754
5113,1183906484.673727
5114,340108894.5783446
5115,1197042788.6230626
5116,2597226080.34243
5117,624815319.4433756
5118,399888417.7014719
5119,644067444.9915926
5120,1054330147.6760607
5122,905553334.4000807
5123,752231506.2516729
5124,710809199.9191655
5125,537673789.7322369
5126,205019836.98474917
5127,1017612805.7114781
5128,884635223.977704
5129,455987947.9544146
5130,1237592831.6182864
5131,344092179.1401011
5132,557587663.9581888
5133,654905574.0144681
5134,622302185.4423301
5135,809968306.8878646
5136,887668336.0107504
5137,310547684.49167
5138,556031123.426574
5139,341173823.27298576
5140,411316796.0333274
5141,307970080.33187073
5142,477539783.4980563
5143,386429050.59507763
5144,383731058.2382155
5145,440896082.1196848
5146,857404849.8853205
5147,450403324.9872799
5148,834866736.3778496
5149,371505721.945171
5150,900248260.1248112
5151,630973194.7964079
5152,568277005.1913283
5153,369323592.779005
5154,1221483748.0171227
5155,352857954.03669155
5156,448070199.5175146
5157,345193655.97442526
5158,846048548.0392113
5159,487628841.38347876
5160,398835798.28252715
5162,478077439.16335624
5163,1408420745.4074998
5164,336424859.31629145
5165,889632290.2040831
5166,1413937394.7676854
5167,859570811.2882009
5168,655581666.1556699
5169,757028504.2494737
5170,998820798.9463763
5171,1215519006.6292815
5172,1173906230.38184
5173,293878618.11450195
5174,661606364.416499
5175,1491129765.881179
5176,1222539982.792536
5177,521947748.78185576
5179,1494659243.364665
5180,811676104.3750956
5181,1029610185.3593179
5182,264312071.75348267
5183,587938095.867605
5184,472748055.34911513
5185,787237627.7026328
5186,558575786.4031636
5187,559939839.5050992
5188,811259974.5688972
5189,440419257.90316504
5190,1095277602.3978593
5191,904413885.2137648
5192,399374443.380855
5193,1033204153.0553164
5194,883674873.1277914
5195,609981675.1907566
5196,973055420.104666
5197,374234340.172743
5198,548770446.9433465
5199,879997174.5957775
5200,709104181.354734
5202,648736597.3329619
5203,780687368.2055633
5204,407157151.31544936
5206,1489582879.5254798
5207,1100498782.5917408
5208,708661367.117824
5209,620628599.2454536
5210,725833820.1056523
5211,1032209835.423882
5212,562502271.0798302
5213,1020456457.6240023
5214,572626130.3767854
5215,515611145.8203968
5216,744118431.9207001
5217,645949665.1327927
5218,774337982.5328944
5219,372845078.23175615
5220,1184683642.947103
5221,378510751.15830666
5222,456371425.9445142
5223,568572099.7242997
5224,512792147.7373911
5225,545052722.627022
5226,564713883.7615746
5227,1011711381.2172254
5228,304859144.6615673
5229,492331421.9375839
5230,648423105.2642097
5231,1119243402.3609896
5232,504921319.32520545
5233,799154104.0243756
5234,671651326.408764
5235,490568436.26436675
5236,561806973.0573622
5237,772906464.5853767
5238,517768144.2135675
5239,355417840.0133188
5240,366707965.51700485
5241,839137514.8500563
5242,459445334.6259703
5243,509568012.9265007
5244,496936119.74429613
5245,601420373.9897004
5247,445354248.5428951
5248,1386770750.129009
5249,542967943.450416
5250,469914903.92762315
5251,403166016.61224127
5252,688826469.8306335
5253,436558793.81891054
5255,371696288.6289143
5256,510423567.9370007
5257,467187200.14608014
5258,362952138.8114912
5259,464126116.42340255
5260,341642098.10521346
5261,482713837.93944645
5262,930585092.8512542
5263,792399561.7112683
5264,796266410.3007369
5265,515614601.23236644
5266,865824242.2519991
5267,2408985142.4097567
5268,1662764443.0058851
5269,869092335.5927217
5270,566473387.6815078
5271,326129425.5768774
5272,1204390441.0961633
5273,1733669174.4565716
5274,1469803207.891012
5276,1360692748.6327686
5277,745945477.3697201
5278,584659496.2401773
5279,653956036.8972507
5280,630655587.2469083
5281,1833775694.8539915
5282,667085776.6588216
5283,690074545.7719401
5284,1168633885.4961188
5285,451822559.633905
5286,582729170.0471177
5287,346063659.61598396
5288,308573425.002947
5289,324107367.85075796
5290,345457885.97312105
5291,378391918.5622038
5292,508428589.5572125
5293,312658592.5800097
5294,418326604.8651235
5296,611979914.6559502
5297,399282848.1650934
5298,1804489178.482663
5299,672183939.8200635
5301,656526701.913249
5302,903249444.997182
5303,1409524769.8730075
5304,515287058.45104754
5305,783962156.8032902
5306,554382056.1868818
5307,1006208140.0040754
5308,324104233.74562395
5309,507300086.07477784
5310,355339963.55483425
5311,490813153.7437342
5312,499183264.10438406
5313,478926639.5163381
5314,314125558.54657686
5315,554112519.4742222
5316,576876223.4666854
5317,614125987.523519
5318,1020414007.3404092
5319,1056738146.3285515
5320,1956232029.6438048
5321,877355726.0229464
5322,717576851.2742321
5323,894980732.3904401
5324,1110351728.6054375
5325,713972622.5576785
5327,430653660.1629809
5328,929533877.1150352
5329,465926475.3407226
5330,574463008.256752
5331,331542063.2984059
5332,791829296.6984786
5333,507348744.6887406
5334,399606067.2262479
5335,460580116.0321079
5336,353229781.55609405
5337,278510596.93955904
5338,373532696.64785
5339,428666327.8714864
5340,607860976.7001936
5341,662429266.7190633
5342,770001759.7860674
5343,546348034.6546218
5344,817875982.8285434
5345,1054521683.207896
5346,706067905.6173278
5347,749999795.738546
5349,687610867.7932342
5350,557053709.5978026
5351,224099597.3602694
5352,1860790952.779592
5353,420021851.7160081
5354,934606767.9364332
5355,459748513.6350023
5356,498397249.1870055
5357,778179754.1522521
5358,356979488.5619515
5359,651706860.9318967
5360,1055609088.1372834
5361,627048178.0621649
5362,414877410.32818913
5363,862681217.1960595
5364,694028315.3753501
5365,575412876.834729
5366,615437934.3964032
5367,635053451.5494715
5368,512762311.7628741
5369,359189612.84489465
5370,367872604.9830272
5371,1026503270.5643246
5372,542539168.5875382
5373,204781173.93943405
5374,578240887.4446046
5375,778379971.0792259
5376,401128311.835666
5377,478072520.41242325
5378,400871879.2337443
5379,1304889812.1107557
5380,416679987.81713104
5381,832132708.8491654
5382,311092425.51538616
5383,794220597.8820055
5384,410508742.6144244
5385,371549981.8584854
5386,446673712.105349
5387,545514185.1444539
5388,283402435.5505088
5389,1307933773.712801
5390,381016785.1845619
5391,375858476.2234093
5392,370247241.0337474
5393,731300782.067456
5394,513021670.42334825
5395,540707300.7572733
5397,407101486.7714065
5398,540409206.98778
5399,430028659.70593655
5400,548970829.1469382
5401,1078520990.6561325
5402,670480023.2273349
5403,1006295013.5757856
5404,695245949.5942495
5405,393337680.2067595
5406,513128142.6834797
5407,459561057.3126668
5408,567646453.6705222
5409,492340556.54100204
5410,567481891.8270369
5411,327298206.6562598
5412,945262338.7080586
5413,359557084.63889694
5414,352273001.8840749
5415,471421582.9116752
5416,904951518.6596721
5417,1183914060.5308983
5418,455826224.0485269
5419,1546128781.791709
5420,538266465.1295483
5421,478485308.5972157
5422,1109437511.7194984
5423,1034961071.3654752
5424,432162288.1643641
5425,623596110.133281
5426,710284375.6793636
5427,544691258.252132
5428,237986980.14153317
5429,577457478.4211694
5430,1188426866.3558338
5431,674373644.3205528
5432,1062612706.3849906
5433,1404101500.5926137
5434,375538955.31376916
5435,783575108.9050664
5436,790779680.081453
5437,670924472.7715509
5438,467241693.5526021
5439,449044540.42991334
5440,642459873.3445055
5441,806988755.8853828
5442,1193542579.1360595
5443,536348596.6252499
5444,432109034.0781285
5445,211873515.2997176
5446,440180078.71366835
5448,1071877522.4067433
5450,1215684630.4465473
5452,525419558.4341028
5453,454668388.2419417
5454,523943069.2647896
5455,548398458.538828
5456,743737092.2814013
5457,2931508631.296097
5458,549950857.9454333
5459,927920492.6431277
5460,334863145.7697926
5461,1465565780.5397146
5462,453738133.53006226
5463,1589959273.1372354
5464,716883430.7231425
5465,1754123294.848884
5466,405813927.9838252
5467,366832541.1196859
5468,256646296.22195846
5470,728996954.1380448
5471,582266223.5774634
5472,1432323077.894365
5473,532857795.00777745
5474,726677905.716407
5475,894092370.7557878
5477,472654715.0112498
5478,327368735.05490685
5479,773097269.3189868
5480,589164913.5966547
5481,394520336.31953245
5482,1227582005.7910657
5483,1064306370.2000115
5485,405929268.92581326
5486,605531588.5785313
5487,994662733.6549525
5488,722373494.4298236
5489,680009655.9091538
5490,647783367.9438546
5491,1003018870.3087014
5493,835428583.3828976
5494,595256520.7887173
5495,483497085.50770515
5496,805784739.4983703
5497,478597298.5736985
5498,441036187.828792
5499,1049101507.8460319
5501,391628054.7097816
5502,482525983.5221435
5503,341408431.36144173
5504,782550588.3189139
5505,883850072.54373
5506,749716841.9001266
5507,721630911.7944466
5509,580516454.1381358
5510,1900824785.3114898
5511,409006271.9621084
5512,669579735.1523471
5513,558622190.7251927
5514,535505377.3321671
5515,484814763.1425402
5516,577679320.6055951
5517,430202041.9233638
5518,496737300.02700573
5519,1346535680.118404
5520,1569466219.1950762
5521,870867054.3976371
5522,408784510.44469774
5523,887536012.8445389
5525,400747831.1176058
5526,919761721.5089107
5527,2095980813.6096697
5528,1148466477.9392014
5529,1111615905.2135804
5530,1582019655.6980734
5531,638759236.571551
5532,411709145.6431697
5533,1091636684.332618
5534,563220951.2210599
5535,1024468303.1463307
5536,2220048243.462193
5537,604419774.0116497
5538,646239533.0461411
5539,620697724.3605326
5540,388775368.64341676
5541,608153759.4843327
5542,250263047.84166268
5543,487780085.7121665
5544,362344732.75705063
5545,500696989.8108283
5546,887051249.3616421
5547,649387113.6361842
5548,972780355.8962073
5549,571740913.0974257
5550,744325115.9699886
5551,1113291290.3602977
5552,874622556.4220961
5553,430931626.1650924
5554,1267048924.4611893
5555,729997236.8591195
5556,400268846.66489404
5557,639872602.0266368
5558,495650323.870752
5559,441050060.0230657
5560,514231700.2032352
5561,489735092.72591734
5562,1045750303.5728344
5563,507439568.4905388
5565,265999401.58841458
5566,393087960.3799044
5567,580221601.7114575
5568,801443733.2172657
5569,587719573.0715374
5570,480277515.3298223
5571,408684293.4822104
5573,693858150.7293788
5574,939783263.2770851
5575,880793452.373556
5576,1082226705.3753808
5577,632526723.8501818
5578,333495939.2605708
5579,1691040868.9648132
5580,545306340.6138973
5581,510694136.61258584
5582,564008321.4275792
5583,804606220.3427327
5584,401083787.1031788
5585,483094994.0145009
5586,701795446.2883247
5587,608330412.4575214
5588,288103470.9685663
5589,368606528.30771214
5590,1018833161.8996444
5591,539624284.8907546
5592,448936649.60732776
5593,876362558.0079323
5594,621192275.6317633
5595,355738293.51740897
5596,580544718.2985893
5597,484146381.394021
5598,579963741.3062438
5599,653421827.5345877
5600,371765506.2879674
5602,1373750830.2540977
5603,848002798.668087
5604,1284813067.6179614
5605,435511217.0439724
5606,702198599.525816
5607,549735712.6732856
5608,604558905.5265144
5609,1148180918.0229173
5610,999289815.666542
5611,759294971.7120965
5612,529566766.25561595
5613,891483065.6561087
5614,414747755.39411134
5617,712539409.410604
5618,735501658.5865916
5619,794028590.8855989
5620,568799780.9143909
5621,699355668.365811
5622,529297141.33654845
5623,380975736.55053145
5624,1397198840.0478716
5625,906822944.112053
5626,585495293.2065966
5627,795492481.601086
5628,656118234.5979459
5629,336143042.9928894
5630,422847520.8797356
5632,724409528.6466296
5633,568084393.9359932
5634,611738458.8639774
5635,252040978.3686074
5636,961330749.32353
5637,426340154.99472517
5638,583087740.7917358
5639,602969150.6442293
5640,581366763.28866
5641,756449949.8499072
5642,531962543.6983334
5643,593798363.3107152
5644,422399016.71507376
5645,559167067.9981239
5646,538494452.3654386
5647,540206105.8441074
5648,492241403.924177
5649,467137269.5227922
5650,1047283852.4164398
5651,711642717.4210087
5652,350863600.6493466
5654,478931203.9597783
5655,670058006.655307
5656,717227251.9760984
5657,495235206.24366504
5658,448393008.6139099
5659,544637214.6376247
5661,1392138763.4287012
5662,723818999.468065
5663,234751540.42528763
5664,770187131.0041425
5665,1136574133.5822427
5666,1780134764.4977427
5667,1439654544.930757
5668,1097781200.293702
5669,318100323.4189104
5670,406702800.6383301
5671,626238612.0488302
5672,1179969426.653667
5673,425500892.93132746
5674,493851893.47037417
5675,892277175.8695534
5676,544581614.0286083
5677,637625093.7297318
5678,245152612.01726952
5679,477652460.89409965
5680,348518644.0880215
5682,620449328.8836144
5683,455432213.64892626
5684,485786294.6222026
5685,650211505.6846755
5686,740480008.7318993
5687,365897076.4340488
5688,572585785.6669008
5689,575126375.5003366
5690,1015979470.3549857
5691,1095552345.590388
5692,1073818814.4928517
5693,959484496.7769765
5694,993326645.4171041
5695,798081756.757076
5696,529868076.9553427
5697,1233433497.2922661
5698,538494644.9753493
5699,331467265.9800228
5700,566737192.4366932
5701,769276033.5428839
5702,1047088576.7866821
5703,668499820.3558838
5704,377474883.58190066
5705,422208016.3362668
5706,1375709824.5547762
5708,668081768.2914554
5709,540400412.762393
5710,488240572.7286052
5711,570890995.5871447
5712,1049886686.2330447
5713,484849158.96333474
5714,366097542.80994135
5715,452342609.3722142
5716,385229223.84295774
5717,349935955.3680401
5718,652073624.0255805
5719,472187797.0830483
5720,1198891662.9035683
5721,227928012.08815274
5722,625695008.2296599
5723,460977932.7340517
5724,337717191.2045816
5725,413341946.1398131
5726,681722818.1651345
5727,873780019.8100216
5728,512037361.39485097
5729,1390596147.8088875
5730,402962818.2381144
5731,346158780.14754343
5732,755492834.1144261
5733,1244708909.096725
5734,724739582.702093
5735,582023884.1015441
5736,701067282.1065384
5737,761007728.5560211
5738,575295603.9895264
5739,591652690.0847336
5740,1257669813.795644
5741,971625532.472906
5743,583741687.566239
5744,286041043.9654107
5745,722929542.2580746
5746,669694110.2938957
5747,1148301548.2947211
5748,829410625.936883
5749,489619677.6876935
5750,499303117.94284165
5751,867008849.1685019
5752,752714862.7825981
5753,497445465.422113
5754,556268377.9969783
5755,877607057.1934625
5756,213042620.84593087
5757,373279549.0558822
5758,299992612.32290447
5759,760758031.9838828
5760,452702945.0266716
5761,1109434338.839897
5762,533020272.16078764
5763,640476497.5690818
5764,418071921.94886905
5765,477569760.27802294
5766,800187225.4088979
5767,349792489.42601734
5768,383123247.95690554
5769,581887431.0685894
5770,634076214.8297294
5771,487409088.2003906
5772,266779525.7720793
5773,711522774.3993247
5774,643518798.6729182
5775,246944772.75744775
5776,912497862.7900801
5777,1554278559.4481373
5778,1174262243.7797954
5779,903879183.1404307
5780,426080345.42585754
5781,448811290.2488102
5782,740893967.7931584
5783,527810235.67749053
5785,398767214.14597726
5786,587797283.6365143
5787,717443070.4854215
5788,482669516.54669917
5790,803433552.3664252
5791,573400070.4646208
5792,441447540.1351875
5793,576560007.6196938
5794,674477279.6622851
5795,993960700.1359116
5796,708330025.915867
5797,494467829.57189965
5798,679950986.1756533
5799,596536137.6835244
5800,502427357.02422434
5801,401138980.467999
5802,467605198.85294116
5803,672590968.0207212
5804,466346953.7403882
5805,568479515.4436815
5806,493144253.8304371
5807,384111302.4591464
5808,630674909.7040316
5809,937106903.0347977
5810,783106502.6192043
5811,305833933.91158456
5812,462701069.6942286
5813,381006509.98223126
5814,347406288.08057046
5815,589449004.867272
5816,429258909.835641
5817,476366178.7917336
5818,274064501.71203315
5819,521225050.9843192
5820,507123211.9404205
5821,987833024.9950612
5822,702837780.5337673
5823,1037543009.6946727
5824,528608195.64136773
5826,679042395.214881
5827,699307779.5983926
5828,393817747.4134029
5829,693488616.3835378
5830,305625405.2740451
5831,539378157.7015432
5832,720946715.3068296
5833,878853129.317364
5834,1100994141.7062747
5835,415339198.94230175
5836,414730052.24690986
5837,518275220.1303332
5838,536894466.3283823
5839,463843220.62323403
5840,452345829.5701185
5841,654257031.7352632
5842,360562160.98685414
5843,1058183813.9385271
5844,324962559.94893867
5845,765551252.9040494
5846,775907883.9087598
5847,630313941.2234856
5848,398586224.1047862
5849,630622857.0108508
5850,468226423.7641203
5851,581343289.2404182
5852,767848584.3578565
5853,393388713.2126355
5854,617463843.5579929
5855,761511714.7739685
5856,529502396.48044074
5857,361476389.93120855
5858,384688252.2732429
5859,950686263.1136426
5861,518291055.5598113
5862,770967460.3172352
5863,1602996983.4335678
5864,551782506.8296599
5865,605280293.8055322
5866,436675376.72799146
5867,528356744.4591037
5868,552891350.2486113
5869,319089285.1111476
5870,258392809.11020473
5871,528187768.3371251
5872,566946138.1498668
5873,835434673.0897677
5874,873448549.4385722
5875,1712384262.4329054
5876,426028944.90506834
5877,741759426.4918613
5878,422487530.19996816
5879,415392110.2108611
5880,476067657.14307773
5881,752508132.0095615
5882,570830626.3176107
5883,691565667.6205765
5884,434154315.73356456
5885,398892853.6715283
5886,576808312.2047689
5887,391505820.03249335
5888,644197773.3022244
5889,1084545130.834237
5890,382847899.1030241
5891,477494471.8502536
5894,796419028.2945275
5895,336311224.1024846
5896,407645048.6837893
5897,819924060.3569804
5898,479894510.4891176
5899,492981005.287421
5900,284417790.96205735
5901,537711238.8717525
5902,518965634.51407623
5903,1089157726.1852734
5904,503610066.55273765
5905,417069297.4993508
5906,232170978.56897336
5907,456390323.4998553
5908,472815544.2247235
5909,399344410.77771246
5910,588704459.6495707
5911,950291465.2758381
5912,706501912.2338642
5913,736560146.7455155
5914,512646698.4685894
5915,1509854761.11842
5916,401098113.9122537
5917,835840748.6271297
5918,733858741.5395445
5919,478354595.4802766
5920,500713855.61447936
5921,524788490.5753252
5922,901075217.2442961
5923,391477654.3688675
5924,293160189.12331074
5926,1071725179.0384092
5927,956160915.5398123
5928,542259615.7357898
5929,444175360.68226546
5931,756368580.0892723
5932,391739703.47658694
5933,556142120.4067453
5934,623963040.937716
5935,340083356.6536375
5936,357416752.1164766
5937,852348198.8027303
5938,517744835.5819735
5939,758470764.5395736
5940,624142620.5579114
5941,529739191.1035397
5942,1453313044.309065
5943,1681730308.6419244
5944,482445098.59687084
5945,477703616.80600524
5946,437267608.95822495
5947,282832552.6231289
5948,423638255.57306075
5949,1196735031.606018
5950,292912435.115966
5951,799194206.7722458
5952,284328683.12824476
5953,679556466.8655354
5954,585348841.4564953
5955,584541805.7776818
5956,421388461.7947622
5957,631007661.823595
5958,2021577847.751313
5959,1344030562.2361581
5960,452401146.6311679
5961,2352100929.595328
5963,578228519.7294161
5964,890530894.8916198
5965,793935995.7867273
5966,796183268.267037
5967,349526003.9647587
5968,432457796.4969961
5969,555719831.7279471
5970,723641507.5497807
5971,420422692.19485986
5972,936768938.232056
5973,454841313.09399617
5974,493888073.80881125
5976,408325087.49006236
5977,1141271082.7730277
5979,711659186.8253868
5980,755508350.5535748
5981,1489697191.0647888
5982,1551206331.7744439
5983,424139049.15132535
5984,836469561.4640975
5985,469880510.8621656
5986,464251192.10447705
5987,444823583.7818979
5988,699824691.7112293
5989,1529443436.8708081
5990,456846528.88957095
5991,325822927.3839555
5992,408499839.33706003
5993,595918585.8076999
5995,415724606.07109267
5996,481906729.8975478
5997,449876535.67925096
6000,844104371.5651054
6001,935327055.8551826
6002,468985305.30739325
6005,454688833.5721252
6006,535545950.7887735
6007,1446280752.7024019
6008,483612726.00318694
6009,464719274.5400854
6010,887232545.6648792
6011,539090804.4583783
6012,960853175.3467366
6013,721988657.1977808
6014,762672518.2188482
6015,534865638.62323725
6016,390523091.5391839
6017,1336910711.0358737
6018,506074960.5517747
6019,367727809.88261074
6020,751754077.8089525
6021,735903932.3164874
6022,437806465.1304847
6023,815486961.9348738
6024,1227474168.8766975
6025,560632447.4287271
6026,444793030.52092284
6027,658556936.3544753
6028,636427365.5674744
6029,817933752.9232674
6030,394639501.1752576
6031,747788887.6481035
6032,447825608.60900307
6033,435987988.82280487
6034,354202641.9034919
6035,579896168.2199061
6036,417371203.60569364
6037,711114570.6325929
6038,581631158.2046916
6039,970364980.1590651
6040,562769302.9995321
6041,496714431.2074538
6042,1208052966.7121246
6043,410451821.75724566
6044,667910982.821939
6045,1169714093.947274
6046,530352150.6157331
6047,370191865.33614725
6048,534911721.9685543
6049,842199738.1426046
6050,463020100.8989373
6051,764278780.4546348
6052,1424750341.0304043
6053,559444736.8351609
6054,576740815.1147171
6055,639258797.3113661
6056,784589084.6993034
6057,713079991.333254
6058,1311569450.5740054
6059,1017692369.923785
6060,1102643114.3372114
6061,464077393.25971794
6062,721403101.2430828
6063,405529815.1373968
6064,562361947.9541001
6065,690661296.9085016
6066,459595601.50534195
6067,449436459.58536464
6068,583281134.1481748
6069,547280091.1361473
6070,466502462.7679168
6072,644261012.4006674
6073,721611718.8925126
6074,412207641.1283517
6075,640286300.581458
6076,535781520.6341649
6077,416209683.55243874
6078,464036532.2428314
6079,968158764.0689347
6081,1348695024.2131143
6082,534872865.534682
6083,439020441.4738779
6084,581210353.0053127
6085,510688338.7124143
6086,1243731150.3257155
6087,1516084663.6547704
6088,473464566.00466084
6089,685414309.9911957
6090,898958982.3616073
6091,661923038.5812595
6092,431437323.31179285
6093,606026716.4535183
6094,450288284.8873249
6095,363498418.05960345
6096,593398732.6780362
6097,316959701.84484684
6098,477895518.0646887
6100,538467866.5158633
6102,351494556.67928755
6103,591841087.8111733
6104,823665773.7050858
6105,866767106.2900114
6106,804096515.2700986
6107,466616882.2871281
6110,412936834.1595477
6111,564692161.5959661
6112,628381706.2835327
6113,243940424.97139013
6114,289434282.85485876
6116,775203526.5714499
6117,481474627.8863733
6118,569106539.1293969
6119,1016330355.5172197
6120,838577121.9205936
6121,425159900.7719534
6122,648548820.4827352
6124,346867764.0764195
6125,1347179321.7670531
6126,611555408.009304
6127,487906697.97934353
6128,1267443910.540313
6129,327543366.02666694
6130,630804005.633429
6131,956368160.5996114
6133,477944805.33259284
6134,714800135.1167226
6135,1492407873.785167
6136,888887821.7351787
6137,389316525.823291
6138,1046254741.3690819
6139,394312758.6345306
6140,798490363.5384609
6141,579322485.0945108
6142,878851877.7042358
6143,606313312.9211814
6144,750857338.0456135
6145,681932485.2300112
6146,504269846.4581014
6147,2151462029.0330796
6148,675800472.5954541
6149,746421434.6864588
6150,893274435.7990234
6151,474736272.6140765
6152,1593716457.632258
6153,429798025.99221563
6154,313169586.49946535
6155,443977334.3263413
6156,525574501.7225623
6157,492362766.582636
6158,648327513.1610571
6159,1083924168.8233855
6160,613555640.5039978
6161,966720327.9334457
6162,468521721.9261585
6165,394501234.9856666
6166,698316884.1283637
6167,385189070.1293124
6168,918168787.3735085
6169,435764590.4727774
6170,677446806.7358309
6171,632449675.8156488
6172,556973502.7135032
6173,952552776.6019902
6174,766842083.153469
6175,338561897.6480223
6176,689683091.995924
6177,739461215.4257755
6178,645024922.0163518
6179,626075607.2994757
6180,530119028.9452831
6181,979466295.893094
6183,759305292.7295485
6184,517172209.5238712
6185,422496237.1309235
6186,781260913.9533744
6187,635157053.9938314
6189,408027557.27480906
6190,822051500.3828981
6191,709937436.9735465
6192,737881634.2085943
6193,862277809.6191782
6194,779737766.5799444
6195,470219693.6060659
6196,592552021.2129025
6197,1158182466.626348
6198,561931797.2121228
6199,573710014.3949772
6200,1318037535.4204555
6201,584582555.2096114
6202,623296897.5211209
6203,645674227.4278537
6204,1149851463.790595
6205,682477667.2560588
6206,630296601.2888141
6207,899916465.5258014
6208,924902123.5206357
6209,688125475.5783302
6210,561143474.2589773
6211,777586190.387924
6212,655895617.4637889
6213,945610182.6154206
6214,765383233.5283061
6215,400748421.2745259
6216,652397950.2910962
6217,951150258.9658431
6218,547336240.3556869
6219,679686396.5763967
6221,629550116.8587664
6222,663688739.1299227
6223,551038720.0402696
6224,519657021.1646395
6225,607028123.92004
6226,825539240.404067
6227,548786189.2209674
6228,802227636.051135
6229,447410459.4299042
6230,434638798.1742844
6231,1004534304.3425967
6232,1036036297.7125636
6233,645760860.6266713
6234,517485386.0376496
6235,448857685.7010169
6236,684548356.1088533
6237,500865825.3937327
6238,473363687.77277607
6239,638015768.2006208
6240,695839454.9802752
6241,776958511.9442457
6242,369074802.11899954
6243,787854088.875968
6244,745322916.6696602
6245,550924240.8448377
6246,817705147.2628492
6247,955507470.9724607
6248,1357784333.7110302
6249,358252925.7978659
6250,510007806.7504485
6251,620524336.402376
6252,803714255.5724661
6253,894192136.5994138
6254,480947340.81100136
6255,767883117.5824852
6256,900779460.9976306
6257,1310479149.7104237
6258,597212405.1010349
6260,1509756664.7449415
6261,661910334.6354902
6262,1368565123.8996239
6263,484031671.18392515
6264,1196260805.578792
6265,734960304.1145475
6266,904639125.8613875
6267,1751305973.7955108
6268,752780305.9886665
6269,922636229.4568439
6270,674207935.3594707
6271,1074134739.4123282
6272,866699083.0476635
6273,672198364.6885705
6274,1140428787.5205152
6275,378265204.64611536
6276,536028396.32874477
6277,542174626.0381421
6278,715696346.8119187
6279,894455172.7717851
6280,839080999.4967457
6281,686704195.6883924
6282,531593809.40301025
6283,624135813.404953
6284,601638724.2930863
6285,829035752.808912
6286,375095481.7600213
6287,1506522897.0932724
6288,670727181.4141531
6289,664374895.3340654
6290,872943843.1949269
6291,377971981.4575689
6292,572858768.7946246
6293,556305539.8908813
6294,1051781766.9498383
6295,380011056.8500528
6296,578376815.7426684
6298,1169819198.476929
6299,378884379.1491439
6300,670926916.1425458
6301,847631130.1043241
6302,1429165869.2531178
6303,589922231.5648383
6304,522492798.5290071
6306,543539954.037411
6307,693795645.6737492
6308,368115880.6398385
6309,460876676.56130636
6310,457848400.56149507
6311,505059718.9028201
6312,449898550.448381
6313,734112473.510552
6314,641357020.7340864
6315,1403312958.0075097
6316,696797005.7306008
6317,445577461.7578808
6318,750150101.6754527
6319,230901605.39051652
6320,349578706.5874991
6321,1135073619.2332335
6322,772728940.3841525
6323,771237485.8750535
6324,1052946206.463586
6325,855849948.3397193
6326,709729233.9549521
6327,479783169.4128583
6328,384989191.02491176
6329,1566477043.1114237
6330,701353030.7634856
6331,303862248.8540566
6332,556584090.2548734
6333,314624612.2909207
6334,1013118782.7192999
6335,266112778.6221163
6336,911122191.7181238
6337,479487887.7914803
6338,292518755.00225407
6339,1088454054.773615
6340,295760253.85462886
6341,602115425.9310328
6342,493614544.4512089
6343,420313548.54914564
6344,519293005.29672796
6345,899501607.1764257
6346,1009869245.3152442
6347,461832956.38102233
6348,737111154.2391388
6349,510302055.82184964
6350,631707834.1077799
6352,935305687.8289816
6353,608545110.7036266
6354,408921450.5343263
6355,584532522.1555337
6356,724991700.3862681
6357,599137979.686075
6359,468407644.16274345
6360,933675135.79548
6362,385710525.4110067
6363,561995148.9256866
6364,608322321.866353
6365,632608366.6884127
6366,632390439.9176157
6367,651647720.7195174
6369,792100212.6251589
6370,543260956.266905
6371,477787494.02394325
6372,818927685.3060777
6373,645697178.5294212
6374,780983952.6037545
6375,334803245.01907367
6376,551196712.8242646
6377,526577111.3611556
6378,714361924.133006
6379,528423128.50505877
6380,711565423.5782156
6381,474796619.37740993
6382,519531830.87831485
6383,459427329.4064795
6384,903491032.8398414
6385,522702623.60186243
6386,379020349.6230978
6387,868798033.391706
6388,1424265396.148034
6389,1484741912.4531226
6390,523471677.93222004
6391,1243976110.3759387
6392,697658567.9980198
6393,421447331.31192994
6394,1180095408.4911437
6395,544280053.4242524
6396,902321214.5033048
6397,922768091.5005695
6398,732675223.3158766
6399,577609318.4389056
6400,686048372.2016888
6401,1275771876.9886162
6402,602107226.2405838
6403,628688006.4563237
6404,2984335209.1897345
6405,285776186.7766199
6406,579538956.8057933
6407,572338299.2931298
6408,555675714.3424603
6409,1014654608.0595218
6410,331421692.31592476
6412,567031005.6955738
6413,526545590.94032246
6414,834239746.5608876
6415,720628091.652359
6416,722043108.4287472
6417,497608079.7193049
6418,325539920.3646797
6419,631757167.1885862
6420,498968446.90603006
6421,1026686642.6617318
6422,731216406.8459655
6423,404099830.5184276
6424,280707943.46755695
6425,402583463.62547284
6426,661380866.6409788
6427,972348514.171355
6428,679444883.5151347
6429,432134518.00807244
6430,474142009.26267403
6431,351026449.5531728
6432,908104969.4913656
6433,1177474112.4146707
6434,1110742416.087692
6435,414097757.7553167
6436,1290701158.912872
6437,1473198722.462754
6438,489248602.9287819
6439,726676016.7029161
6440,648885756.5273322
6441,299011263.07364845
6442,550243715.2362009
6444,700540635.0088189
6445,998589820.9926523
6446,665327309.765561
6447,1300205597.5044367
6448,705020950.4201634
6449,323107208.2966003
6450,565248212.2875065
6451,949383332.1504765
6452,456171317.18041205
6453,346045437.6647025
6454,517317638.1399317
6455,391829844.2395467
6456,1218745366.2128887
6457,1045458928.9362428
6458,346726196.2294914
6459,887937431.25018
6460,375649033.4497486
6463,1094428560.2789938
6464,558818946.0567489
6465,730385348.8480403
6466,996920250.6382674
6467,836717806.2281215
6468,391873364.6930249
6469,699418098.8559701
6472,668686278.8033638
6473,372623838.23841745
6474,676699375.8979385
6475,360420762.49950224
6476,627170630.2049484
6477,334908122.8082658
6478,395893333.0827807
6479,396591302.4916923
6480,282759182.01433533
6481,390695538.26710933
6482,651079464.6133428
6483,677548127.4665056
6485,730151827.1819086
6486,800641500.4782493
6487,2674917574.863849
6488,620702180.1834959
6489,756691969.4600794
6490,836548016.3699397
6491,355781002.98162913
6492,1380723268.5670724
6493,561373135.0877097
6494,1712086662.894359
6495,526081344.8336904
6496,687147032.5149959
6497,595138340.1134164
6498,334177466.46012384
6499,573346655.4761478
6500,362422739.1644812
6501,473159147.4069616
6503,862305753.3254485
6504,1087345280.7755206
6505,1470931335.9318666
6506,426586123.971157
6507,381981539.2626492
6508,442864672.19354767
6509,464997774.8199524
6510,665067431.9774395
6512,392727637.0493525
6513,1390613888.9261684
6514,718545023.6623248
6515,552265277.7683078
6517,865385632.4311835
6518,511834724.55583465
6519,613129747.0999722
6520,1054354033.0513523
6522,480472790.53603196
6523,634679203.2638098
6524,1308186278.5708063
6525,505582444.07095003
6526,545228446.432574
6527,529908157.48841316
6528,672394196.5627308
6529,1111324295.0486586
6530,1365810314.4208698
6531,1422628797.6256995
6532,1056686583.887237
6533,636784822.2229886
6534,610846672.2629105
6535,622310189.3519386
6536,576188271.4481201
6537,680637263.5952575
6538,502866709.44544846
6539,797529298.887764
6540,1058322317.9360845
6541,1050991890.7107621
6542,723190817.5454402
6543,550053076.7078295
6544,1163539945.0263565
6547,434842816.63519394
6548,665555325.298655
6549,973979644.2447867
6550,252068160.47194612
6551,949850938.0388803
6552,783941734.0244242
6553,658322236.2175845
6554,466041843.45894825
6555,440919919.5316634
6556,840910238.8703146
6557,569508431.3402313
6558,722465347.5960855
6559,1103450390.3951247
6560,426757392.5488727
6561,456396460.1594296
6562,1670603433.0074387
6563,581370925.4983027
6564,865765139.6808487
6565,680605089.4860537
6566,530189407.0212113
6567,781980582.9310662
6568,666201228.0160102
6569,488590909.8476793
6570,732381668.2027034
6571,1403922607.6857483
6572,925512018.9001744
6573,806986906.4612348
6574,809743036.6101155
6575,700719432.7106899
6576,515298153.45994115
6577,588640084.1016066
6578,682168485.346773
6579,1000950918.7969339
6580,1522137790.093391
6581,1124012026.0690117
6582,476448632.70835114
6583,485068094.49361587
6584,673490187.8301839
6586,576568907.1619167
6588,510565683.90913606
6589,596351889.1795607
6590,654246334.0398655
6591,464479262.157449
6592,417763202.5261031
6594,737003397.7569743
6596,939542258.7556384
6597,920115964.4102812
6598,488406201.538016
6599,512512631.92495275
6600,359745712.187864
6601,598999380.5644125
6602,862709222.9593451
6603,602886038.9024708
6604,660546584.2985119
6605,575740482.6594226
6606,894515780.7666849
6607,628464228.0233939
6608,474404784.4045459
6609,388470709.1610725
6610,498801104.4578577
6611,518134813.82818973
6612,501783620.56992984
6613,372370023.2601155
6614,395184413.95108765
6615,1097120804.1253784
6616,1162160715.596505
6617,431953041.40364987
6618,391692250.7379332
6619,573408902.3798387
6620,540491023.2940999
6621,407570234.1847142
6622,819887130.2954531
6623,996541323.9704497
6624,635395626.6842189
6625,611230318.3808353
6626,980226731.961065
6627,991579195.8865899
6628,760376142.9396254
6629,696829419.139781
6630,1142714408.623482
6631,590411260.491585
6632,1103092299.107435
6633,1293925047.162413
6634,550264004.1073571
6635,389632383.64708173
6636,621826941.651458
6637,724386906.1606771
6638,550547357.4999528
6639,467168788.8856114
6640,818161497.9820242
6641,387649037.2532229
6642,443047390.01237607
6643,422715202.0797019
6644,429566622.1553054
6645,539390842.9404131
6646,483236311.0032499
6647,471136969.0297198
6648,277505759.8122472
6649,508090264.2145861
6650,305315177.2153789
6651,456881522.4974604
6652,531153516.8587426
6653,535665803.49650776
6654,1009142228.9223602
6655,657201201.9277472
6656,600311203.0002337
6657,717348976.4180996
6658,525312178.0807401
6659,644309153.9284375
6660,836551757.1653249
6661,1065622639.240101
6662,377949005.0005893
6663,963057009.294772
6664,861566721.022207
6665,1099495296.6185956
6666,898652695.4989218
6667,490400055.836097
6668,484166503.2117859
6669,612970101.1315547
6670,739644160.986918
6671,761490600.9797628
6672,842896806.8084884
6673,456035140.50643766
6674,299805690.4329758
6675,511591309.4480816
6676,732426710.3852113
6677,1030443149.6373571
6678,808627158.0910116
6679,1011595392.2295703
6681,572346721.6074512
6682,912205445.9135003
6683,505455077.2312726
6684,898069143.0452628
6685,1417391462.626844
6686,836968839.0589136
6687,587516594.5874109
6688,721844588.1509967
6689,565799495.0968221
6690,522083955.0087361
6691,841285517.8334025
6692,431675783.9447436
6693,585577042.0506902
6694,866577669.0308326
6695,656734236.832008
6696,421833489.10815513
6697,566748065.4270186
6698,553278012.2447153
6699,585154826.604957
6700,658785518.6475581
6701,688946948.7973036
6702,509401315.6841177
6703,385252612.5530484
6704,955172143.7408968
6705,291648944.60788965
6706,751151049.1141062
6707,457814589.1671854
6708,655647289.7236797
6709,522876047.3029692
6710,362494779.3188363
6711,1125942175.3614488
6712,983857210.3237809
6713,710578961.6205262
6714,560585225.632143
6715,919118019.8130662
6716,546783710.7963295
6717,557716470.11551
6718,994280816.2837645
6719,716966044.0483501
6720,345628660.8549877
6721,445292914.04828084
6723,367870890.68854123
6724,654802561.9777943
6725,299400536.88426876
6726,338511184.2493799
6728,1502883724.3681376
6729,876213508.4767542
6730,471729642.4843443
6731,704026693.0971215
6732,544344138.3935485
6733,490350811.51842034
6734,455186720.84654075
6736,735070294.3497328
6737,406223943.9029134
6738,386708769.96990585
6739,987969701.0791506
6740,486401063.043286
6741,429186599.1367722
6742,368213913.30564004
6743,761068069.7084702
6744,901492040.6135279
6745,1178749741.609704
6746,453044460.0444992
6747,716406639.9819568
6748,539815950.095915
6749,655127436.2784804
6750,352855129.02328247
6751,1183918098.4694984
6752,488264045.2918676
6753,742343374.0378169
6754,863803088.2602923
6755,1051937230.7582148
6757,810652114.3746558
6758,702895631.3377626
6759,753652938.3141601
6760,634649067.6127089
6761,865302165.8428571
6762,1328686860.5181007
6763,811159380.2798047
6764,945581761.2509394
6765,478160506.053449
6766,1255230709.9861314
6767,1353154106.025749
6768,460690134.3315686
6769,757509886.5696617
6770,792391623.3721058
6771,679398858.757583
6772,890624366.8589633
6773,558649895.664348
6774,307570193.64980865
6775,461180394.86203253
6776,889282934.4094121
6777,433850856.55683464
6778,566879835.7567173
6779,540574686.7326792
6780,1405575395.5413215
6781,1000295589.4017953
6782,450963112.73771214
6783,658999831.1798645
6784,640429970.32683
6785,487398872.863091
6786,945681138.1704316
6787,476578033.53514177
6788,577956922.9888221
6790,539707193.8798972
6791,668746803.1400973
6792,683044513.2161636
6793,468331268.35911506
6795,939915176.7502991
6796,427079711.1793171
6797,622796103.1774197
6798,761711175.1632098
6799,1783534869.448979
6802,599503731.571425
6803,1533504882.0027337
6804,858663417.4338348
6805,1063444518.4304781
6806,564373544.97205
6807,694802318.0151944
6808,504657956.75998586
6809,688461261.4511924
6810,653714554.053623
6811,786674370.2982482
6812,989324077.2508581
6813,808513904.7303145
6814,1077387376.8639004
6815,851724855.2958745
6816,1355493113.3451748
6817,374875296.2660431
6818,370438523.8970772
6819,950278181.9048104
6820,399472632.9654078
6821,495991505.36584294
6822,1376174440.9647086
6823,601840975.2275717
6824,797982570.9515376
6825,842581294.8035545
6826,321829706.5795649
6827,722361992.590503
6828,413820009.4415969
6829,439121025.09693384
6830,1129096963.0023835
6831,491479209.62431484
6832,357618579.27864695
6833,621209762.035248
6834,488568682.5355315
6835,938397159.496222
6836,1838424764.4907358
6837,585794724.7065767
6838,600091534.772777
6839,1977513820.318799
6841,493191446.982828
6842,773167546.6884844
6843,460805654.1407371
6844,544283027.2041779
6845,1015659202.9093955
6846,2466705166.1599994
6847,1194298799.8403878
6848,506625775.7224813
6849,786774014.9269843
6850,367482860.6405408
6851,1056744185.7328513
6852,396124698.72843426
6853,411408726.71230483
6854,836615441.2197487
6855,639488375.9954405
6856,779986233.8347012
6857,444524951.08522063
6858,969624804.8967205
6859,686530611.0353327
6860,541421667.4753412
6861,607588085.1733283
6862,877858470.9608278
6863,1087393471.8050904
6864,1031429607.2131695
6865,487048315.75851095
6866,2216490733.172506
6867,458727767.9354314
6868,766903807.0483217
6869,443062710.1984199
6870,870574993.2063491
6871,1268082795.2060192
6872,1059225324.066
6873,743140457.3657566
6874,809576953.0707678
6875,537203290.4052544
6876,603256568.4929322
6877,459265178.3252387
6878,463351157.59397405
6879,500312224.6641935
6880,534090482.2005229
6881,338846419.3455937
6882,442311208.5955937
6883,525395863.77088773
6884,602479640.6789316
6885,432768315.8140028
6886,910905013.6409756
6887,428054129.30201894
6888,920021440.6679976
6889,304863368.26933146
6890,395172356.58094066
6891,709029654.2813538
6892,648764666.9791411
6893,1506183484.8760781
6894,1099730707.813304
6895,568356441.9722601
6896,755165053.0042291
6897,468568216.48676413
6898,487574975.9261786
6899,359170468.39195323
6900,1072077531.5337276
6901,542487335.2274345
6902,414308259.4431395
6903,540780809.0675008
6904,898097166.5065234
6905,621780999.0524775
6906,442603884.53854954
6907,309710861.2999279
6908,1301216421.9456384
6909,291973728.23040694
6910,572461134.6765549
6911,827169734.1508069
6912,296003325.98862123
6913,545248348.8300283
6914,292845550.8438904
6915,1005332402.3024759
6916,522068084.783501
6917,619564227.2299701
6919,535177871.0023459
6921,551487684.523233
6922,610301502.6412003
6924,584176163.2771081
6925,529523538.3047138
6926,710195946.812948
6927,596517497.3822669
6928,1425596301.5272715
6929,940025621.847548
6930,1737355244.2206745
6931,1640976107.5729678
6932,623995339.0717535
6933,884542400.2963951
6934,473324996.93531394
6936,395464260.87166995
6937,530693572.47128105
6938,393415349.01522934
6939,429832733.44669145
6940,1564678500.12854
6941,351234021.7601704
6943,1014556035.4846052
6944,405373658.38508546
6945,836956958.9307129
6946,425429031.925843
6947,413177508.4345531
6948,294285006.24252224
6949,600932649.7850208
6950,807181601.8234391
6951,414926982.08896434
6952,740366860.0585746
6953,705464089.2646072
6954,753387170.0272332
6955,831262099.6171138
6956,733659248.3323137
6957,890634042.7175765
6959,866575379.805957
6960,1000586456.2532759
6961,648485224.2691252
6962,2088218808.3106844
6963,702486508.9675211
6964,747119685.8538773
6965,521056998.5252487
6966,518629874.3075393
6967,599570064.1779172
6968,840741364.1472979
6969,491783801.73884594
6970,457336480.4928577
6971,974347647.1895815
6972,553784141.1604637
6973,405334604.55627984
6974,402893837.8845886
6975,239634909.6329612
6976,642403024.7063845
6977,711314407.3153971
6978,422968068.6888842
6979,352604940.34640753
6980,405433040.0644325
6981,365401787.2720463
6982,659469912.9126114
6984,926486964.0487305
6985,1508738050.3223925
6986,842803458.932591
6987,753490682.2960877
6988,520270996.90536356
6989,617830137.0260692
6990,496927276.9154972
6991,455919497.7918673
6992,691234373.0429899
6993,517327895.7388219
6994,504918392.807107
6995,921112426.1518439
6996,763635368.2091229
6997,844698457.7297602
6998,463438142.7646853
6999,668971439.3814996
7000,938527603.537411
7001,397957850.664295
7002,587688598.9717554
7003,878889088.9042307
7004,676240173.9601201
7005,603330612.7995663
7006,770588071.963566
7007,442325138.11664015
7008,859308206.305136
7009,453059770.2127875
7010,469791118.54058254
7011,1195585815.8285708
7013,404635520.98417294
7014,559004742.6408818
7015,612323952.2677805
7016,258479638.64204302
7017,820704468.7301328
7018,557326578.0063353
7019,424914031.5618216
7020,668453871.5383315
7021,394362094.7856873
7023,543550767.8876414
7024,1133904257.9217012
7025,851118563.6773529
7026,414189629.63304055
7027,534957871.31164205
7030,592638950.0666002
7031,606086162.0645878
7032,587043347.9121416
7033,816580007.4634767
7034,797779402.3043655
7035,686214135.9954723
7036,557936810.8722553
7037,575654575.5658181
7038,664153695.4979298
7039,633584680.8333231
7040,599992463.6885623
7041,632598443.9050872
7042,1054472320.6172956
7043,388396381.5738031
7044,466859946.6743345
7045,369797854.4177787
7046,885351394.662897
7048,695444089.2599937
7049,1040166838.0972825
7050,477690023.56298137
7051,671760051.4105382
7053,467222048.57478225
7054,538784210.3746485
7055,1058432822.440515
7056,331621055.07876784
7057,966324283.0057057
7058,612788905.7710123
7059,542190480.2166429
7060,515648098.983861
7061,455735548.2952197
7062,591897292.620036
7063,369209590.08102643
7064,797997329.2722812
7065,458177370.9590565
7066,872217527.2060268
7067,443226835.3252966
7068,448139782.02043587
7069,406405490.21120834
7070,432665174.03125995
7071,460112272.11213684
7072,1448224879.7167664
7073,478432532.25980276
7074,1027043947.3272885
7075,209748029.24894473
7076,516683151.406847
7077,521520239.20320284
7078,617862306.5668604
7079,624231349.407443
7080,355590865.27245563
7081,720086673.6208147
7082,569588526.1508882
7084,539493833.2005744
7086,583954508.6886032
7087,582410627.880205
7088,948430647.5231053
7089,262207231.6918645
7090,663626423.664699
7091,267107399.7794144
7094,690637387.9505684
7095,729224848.978739
7096,439764253.87754554
7097,944578774.7738768
7098,397692496.0633181
7099,303618697.14907396
7100,1524175316.7091267
7101,526071649.5245964
7102,1139143250.622593
7103,802917628.2392693
7104,1311340459.6714845
7105,498182942.39260876
7106,737352194.2608941
7107,808324017.6548839
7108,1102479897.5399673
7109,508954915.13469386
7110,998476695.0544327
7111,844320893.5806264
7112,427979077.4058111
7113,688169244.8638157
7114,640152110.0833478
7115,897106732.9014097
7116,416992867.0784272
7117,1041815221.3108323
7118,807007040.8713511
7119,371852610.16412497
7120,529737918.8149088
7121,507114861.35626423
7122,917469045.2524652
7123,879716537.8065624
7124,432455745.3757717
7125,874361995.2171761
7126,682660456.3427675
7128,635066198.9238609
7129,1003698609.6587789
7130,548009876.4148154
7131,737413979.7591318
7132,985617186.4068816
7133,585132655.3568702
7134,857956673.6291988
7135,565510896.4775783
7136,535339121.3617112
7137,580001713.2463346
7138,672400952.2378441
7139,786890910.2062291
7140,444135436.36894286
7141,404451815.8747856
7142,299536340.82761997
7143,586736195.038536
7144,519240564.71442854
7145,391762487.7744491
7146,639655372.5692289
7147,525712173.9138624
7148,621098072.9788157
7149,1127916476.4464457
7150,1664352774.056858
7152,517868607.2862592
7153,422697541.8850658
7154,575858189.4671808
7155,806441783.2947742
7156,930112580.1014895
7157,537909948.3037479
7158,1419803310.544827
7159,792987734.8472509
7160,378216216.0935012
7161,644992419.2070125
7162,443247763.04145765
7163,362186584.41219735
7164,384677233.0404602
7166,524964537.50510085
7167,1076730711.3139944
7168,546307133.5364177
7169,1768023896.154602
7170,544473856.1750902
7171,953473934.881011
7172,646664756.0881898
7173,389157094.77477115
7174,506060640.39066976
7175,451708543.0801978
7176,580969243.5430809
7177,695279914.0050374
7178,591910885.2368942
7179,562142715.0632643
7180,682055734.007061
7182,698901744.077652
7183,667562342.9127096
7184,1308159838.72936
7185,896924848.4171517
7186,399991493.97985613
7187,830118439.0287966
7188,842242698.5172054
7189,315814277.27259934
7190,563989256.8402144
7191,383728969.13082534
7192,836489748.6838859
7193,1234691134.996353
7194,430444944.4903569
7195,1274182333.9153478
7196,1319825682.6973724
7197,1143717210.4164445
7198,1074372664.0972486
7199,1000203210.6367326
7200,1572516305.6387038
7201,1128395839.1383052
7202,505106744.8487334
7203,657918127.6191198
7205,814917798.306724
7206,470558857.8543344
7207,1183921300.2960272
7208,453775404.94006956
7209,449594791.933788
7210,890653864.8859154
7211,813593576.049784
7212,394837839.4054498
7213,1363438216.5597925
7214,716621348.295951
7215,661464449.1585078
7216,711937417.6954505
7217,663554660.3965987
7218,692686344.5266494
7219,1122792181.7451198
7220,1244868182.853434
7221,464609363.13045555
7222,515606650.1538129
7223,1257216869.8877056
7224,660675934.8774966
7226,655524279.2685014
7227,1845985171.0136738
7228,600163251.4912593
7229,898984685.784488
7230,1190631825.1323464
7231,417216312.4872033
7232,465470870.3992335
7233,491084344.49234134
7234,1349703579.761306
7235,702420411.874057
7236,643127569.6363416
7237,749567553.1694458
7238,901251202.8342493
7239,401578074.3199469
7240,382308027.3171516
7241,531030972.77464586
7242,748244274.9347804
7243,309922921.7584926
7244,516599671.4244553
7245,416678623.1956033
7246,940141169.7723923
7247,585712608.8473855
7248,477066379.3840922
7249,417861864.79200906
7250,520635130.7176938
7251,1641859744.682203
7252,1157327302.4576359
7253,728946786.6583837
7254,1105621367.5167341
7255,439178151.4353013
7256,659623665.5474076
7257,406833750.14790326
7258,668653143.6580276
7259,1154888181.0319366
7260,635915134.9996259
7261,1244367624.5096474
7262,418821594.2942074
7263,825330644.1037745
7264,360679850.46349055
7265,471163005.13764775
7266,726941718.9273597
7267,548038275.9282767
7268,1203091536.3160462
7269,641154381.5314002
7270,1335700604.3313527
7271,1147563013.8539517
7272,584655363.462586
7274,485559355.7683611
7275,892657042.9619453
7276,550728747.8448554
7277,455008216.43799376
7278,458980054.6806747
7279,650460641.4854604
7280,475240883.6350203
7281,620156681.6226934
7282,399682383.3504183
7283,609229186.016385
7284,597720310.287874
7285,1235259592.0011117
7287,1219272522.6609864
7288,523223539.849695
7289,703002959.5243765
7290,497882684.87946075
7291,667417750.441811
7292,1173630987.377923
7293,626159900.0523522
7294,844972689.5357186
7295,774404011.2764448
7296,600068778.1798031
7297,598593899.1910872
7298,965157750.944017
7299,589064378.8919513
7300,375762727.312893
7301,638670260.7358904
7302,726134767.5495465
7304,617928402.4454607
7305,673514093.3800409
7306,908578577.4282918
7307,378592823.2685117
7308,372630635.32051075
7309,609582662.1742545
7310,674679885.4889398
7311,527628601.3058339
7312,383899744.34773445
7313,613692341.7768539
7314,668954966.9851031
7315,700887774.5179734
7316,1198114739.2950156
7317,531735877.5892116
7318,1052626237.3246464
7320,649178049.6598389
7321,780227191.0218904
7322,396843548.69006985
7323,633171459.2858375
7324,424816079.8118491
7325,368849456.24411935
7326,1002251794.5445338
7328,432008310.72046775
7329,566737252.2815737
7330,355387880.21084464
7331,831635677.1626725
7333,1641719351.6903257
7335,611886650.445649
7336,457242146.10401726
7337,483160785.0783101
7338,1016142191.5075263
7339,653963566.4784912
7340,997498270.6066093
7341,564221825.8186883
7342,677041920.7211258
7343,375907117.88964987
7344,677282540.5215144
7345,492994978.7629931
7346,958913739.4916947
7347,864368021.3284922
7348,671482026.0580189
7349,557604148.2200692
7350,342288736.8269878
7351,456435430.8656653
7352,971365711.8231319
7353,309819908.2486526
7354,1334938505.8035574
7355,643683534.6942424
7356,738338280.3364226
7357,783761060.2912467
7358,301951288.43564785
7359,549259162.3193955
7360,1589192397.3233159
7361,474849376.5949192
7362,864633831.4595371
7363,514987579.854095
7364,496460414.3431748
7365,2013908059.5421805
7366,437961950.98192334
7367,636697629.0746151
7369,1590118907.5093765
7370,1366506244.5344734
7371,703262301.5604442
7372,572134660.040402
7374,415006880.32995397
7375,1363151210.8110933
7376,741084600.4865311
7377,536511636.76992285
7378,1069219554.7535057
7380,369010842.71188086
7381,670627714.7195759
7382,468079344.1263838
7383,447189445.54037905
7385,676706123.1835445
7386,446555976.08688945
7387,501499983.62101096
7388,683558149.9615959
7389,575751912.9365786
7390,420885639.0816552
7391,549357095.24603
7392,602859840.4056654
7393,594004079.4220212
7394,695500324.3423779
7395,653755554.4368188
7397,653772300.7952378
7398,460491183.27962714
7399,905562223.2692472
7400,511923972.17748964
7401,837109570.8234624
7402,594147656.5742362
7403,453137598.83344275
7404,595926254.7936474
7405,414817757.6902175
7406,449929284.1730899
7407,465294972.31110126
7409,1154197343.345769
7410,1313936696.1342428
7411,566857032.3941067
7413,816690043.8572379
7414,445045490.1609198
7415,888393001.5304979
7416,537813583.8897159
7417,612735360.9157549
7418,518351770.3206007
7419,441239589.0652256
7420,895026554.9733574
7422,789970034.285402
7423,520523568.93488854
7424,1450898609.525545
7425,595616810.0160182
7426,1176953494.3443038
7427,938905639.1847535
7428,817622641.1089966
7429,674244541.9093306
7430,771910870.9747187
7431,348857971.9132018
7432,358146985.7403662
7433,771587670.5030556
7434,583594975.1468122
7435,538279564.8903757
7436,478772636.9488901
7437,251470094.4567005
7438,447153661.2151152
7439,494292866.1903574
7440,495012803.0018963
7441,383266040.4919424
7442,413990171.4915648
7444,1768827970.0150476
7445,689846204.6892089
7446,552562884.6093272
7447,289507469.2921941
7448,615809659.4813834
7449,453699876.7751274
7450,611931686.3865932
7451,721452183.7054183
7452,482517652.92909545
7453,466430351.76772326
7454,444137486.7881641
7455,675997126.6959437
7456,933300673.2843115
7457,615457524.9976676
7458,538838681.3438843
7460,559832585.1283997
7461,1058722006.3166533
7462,646022968.3113027
7463,545602222.3504368
7464,531718783.3452902
7465,467761558.4142049
7467,579438747.4819274
7469,623170724.021486
7470,663136702.4345214
7471,685940648.4958067
7472,1018800286.1798409
7473,870701976.3973036
7474,490381426.4581987
7475,334698267.26991993
7476,1131288293.6262069
7477,750660850.111328
7478,453123461.7939588
7479,523198739.80820554
7481,424525544.46482533
7482,1133075175.2637355
7483,1132640949.084977
7484,1683374383.3218076
7485,681986487.3775389
7486,664302278.9299489
7487,553757247.2489265
7488,723734609.5599835
7489,281321834.1583685
7490,388413559.0664175
7491,612448787.0423334
7492,1155849858.6064992
7493,488862559.1936228
7494,911768544.0826777
7495,324727478.69304353
7496,988676114.7475729
7497,690105139.3486946
7498,487068715.00895965
7499,605245206.2738729
7500,794817654.194106
7501,433528797.4542877
7502,857277691.5225983
7503,742423507.2266834
7504,745107272.2122247
7505,819492131.8758249
7506,623090728.1008232
7507,281621361.18376535
7508,614012553.14613
7509,728890039.1836102
7510,1323967784.4184113
7511,705795587.1578764
7512,1409895145.6374104
7513,953494833.451354
7514,971409819.248656
7515,571498150.479461
7516,984604464.1388836
7518,680132375.8254015
7519,429093435.5197679
7520,562477413.7968534
7521,760472649.4478906
7522,351334317.27640545
7523,931027354.2381124
7524,349999936.85752696
7525,403922510.8068199
7526,751193959.0788282
7527,658286223.9996717
7528,850803316.043595
7529,479744738.34912205
7530,481081011.01738256
7531,730808668.6368567
7532,910690188.4207258
7533,547716955.9771502
7534,726022969.9151512
7535,1546236776.1807296
7536,576054868.8612312
7537,643776351.0118248
7540,758635896.8426731
7541,756682633.5458738
7542,886722369.6857935
7543,435577847.2224608
7544,499679474.84682643
7545,576344707.9753851
7546,570131583.9106296
7547,263654387.7295581
7548,799148991.2577475
7549,581556084.5452229
7550,785845138.3908522
7551,600783967.3048035
7552,299018069.8508729
7553,358179907.4998494
7554,375362059.03227043
7555,560415231.5558652
7556,504315639.3382813
7558,883079284.1516095
7559,366225718.6039653
7560,518287313.2566657
7561,323308475.36448663
7562,546180173.6804997
7563,315734936.655669
7565,699311764.5800992
7566,1004418211.4642804
7568,884311703.3528508
7569,2439014644.0163803
7571,893880573.8237131
7572,717585699.2448027
7573,633190846.2635905
7575,269002004.44561076
7576,445958297.37403
7577,854931433.049711
7578,623299030.8344363
7579,533999296.17628217
7580,353447261.3047203
7581,421095846.4109606
7582,2057853388.0428598
7583,792252831.1217166
7584,384542046.2905054
7585,1263085079.9724193
7586,680117373.0028367
7587,435164981.89145565
7589,420300112.78054833
7590,785242677.1071887
7591,490105943.45575994
7592,620155077.6268613
7593,781084521.7920475
7596,593021009.2119943
7597,1144768760.0955777
7598,481253331.16685015
7599,1214451195.6133175
7600,1062337148.2180202
7601,542357221.5680925
7602,579264052.821512
7603,306101033.9860155
7604,337341669.6229897
7605,282662865.1198944
7606,541666973.9049209
7607,1053861464.9287372
7608,1970999299.2173812
7609,361426757.5847131
7610,550532650.7398903
7611,494395292.8017284
7612,345517078.35769504
7613,1208125028.6655636
7614,433695622.1159654
7615,828723898.7485616
7616,836197286.4208615
7617,478394000.27717626
7618,648496984.3707498
7619,303896001.62043923
7620,387333590.632301
7621,482222294.0987673
7622,573234243.8440793
7623,520125006.08906436
7624,934862208.9908451
7625,450653715.7228206
7626,585312534.5989885
7627,617095791.8316072
7628,781872202.8714912
7629,772162553.9021083
7630,398987227.98212194
7631,735372236.9782313
7632,1066698444.2600504
7633,713879200.9977907
7634,533438389.20816505
7636,810459995.393848
7637,322850483.0777486
7638,499804639.11805046
7639,461115175.4614996
7640,599148769.520433
7641,1006347324.6990604
7642,486525505.6605907
7643,977089866.5892775
7644,521891724.3640963
7645,963975213.7709911
7646,1428564209.075369
7647,334438023.35131246
7648,434687022.5678135
7650,403695328.22701806
7651,1025664986.9996748
7652,993458584.19844
7654,695655053.8986527
7655,429305477.86653435
7656,1202211930.6836646
7657,1067703179.5225137
7658,407674145.7630633
7659,644225854.5216494
7660,740793812.2924253
7661,847323134.3200296
7662,499984966.8464497
7663,518438489.91344404
7664,2348045095.043729
7665,629916432.7955751
7666,545031760.937654
7667,750434485.3268138
7669,347550572.68490386
7670,546658255.1314182
7671,582888836.3298299
7672,586409395.5400907
7673,519656244.9209026
7674,1524273134.2787323
7675,379400175.7741021
7676,593273929.0573493
7677,390648163.01635
7678,690787270.9335442
7680,560153602.7762799
7681,412149491.14822215
7682,390940553.4230224
7683,909762143.0574243
7684,1207511330.2141783
7685,1052168088.056854
7686,539560175.5530264
7687,651426031.494043
7688,1115323595.477688
7689,771656877.2179435
7690,662043702.6640031
7691,801063167.4377376
7692,694347901.9275876
7693,383731524.7406486
7694,799229495.8020889
7695,638618773.8341842
7696,708999773.3834326
7697,1180703977.7828474
7698,959043737.3679299
7699,491532860.8407726
7701,467608631.54133797
7703,783984683.9958398
7706,506616309.7180122
7707,388039931.17336303
7708,649289586.702803
7709,1626121555.9891243
7710,792118392.6663567
7711,416396674.5759245
7712,664703033.2056772
7713,554564237.9379078
7714,432514129.9083591
7715,466681208.6866158
7716,570297607.5189666
7717,665476879.8671095
7719,788559724.1127504
7720,456391919.51471674
7721,573354185.8704
7723,1437380558.3655984
7724,1071849875.4936697
7725,448586908.44153386
7726,766436810.0551598
7727,724616528.2687054
7728,1178762192.8234649
7729,1047638619.2355189
7730,402520265.56660795
7731,427188715.0476239
7732,519627575.10797614
7734,466914059.9742525
7735,780859253.561424
7736,288336458.444722
7737,436003906.22505915
7738,396850746.1378936
7739,1071794817.9204772
7740,509700755.081676
7741,425724600.700133
7742,521935791.39719844
7743,708844808.7125726
7744,500630772.95578724
7745,577804902.5758389
7746,547329445.768652
7747,1156096069.99108
7748,512083828.036553
7749,513857878.62632287
7750,347357335.787339
7751,967152680.6922092
7752,732420461.8129042
7753,487618300.2724204
7754,1361381394.8167865
7756,591186538.1126299
7757,586403387.324653
7758,582995586.3781327
7759,846541058.4602634
7760,1245162657.9769783
7761,588233731.0385903
7762,973336520.4864204
7763,522403011.541559
7764,389522749.25133467
7765,572331194.6048156
7766,1344649680.9623885
7768,715760032.6008837
7769,1401395570.4751801
7770,558776842.3323885
7771,516849397.1781865
7772,963593589.6644248
7773,666891065.006598
7774,455938843.61565375
7775,665095286.9068865
7776,770148082.4789132
7777,500410032.09969556
7778,597605950.3277522
7779,335488857.74687326
7780,1700669837.6857462
7781,1062758253.2414515
7782,312710493.4993558
7783,693968790.3618206
7784,440950646.6633325
7785,475137707.0053023
7786,973339986.4739469
7787,575937745.4756504
7788,360487750.04815507
7789,593772094.1638103
7790,414523831.87963325
7791,641404342.781057
7792,476904691.62136906
7793,289783631.8889166
7794,262232512.08199015
7795,980024104.4503137
7796,882019152.2107345
7797,871439054.751408
7798,788808710.6080084
7799,783388950.4440751
7800,508978774.7685698
7801,1164929880.4306598
7802,499517591.9153738
7803,1096414537.6608262
7804,561948396.4607562
7805,366063885.0910151
7806,373457405.11943316
7807,689585926.4620961
7808,475893980.1315724
7809,425761822.9253235
7810,539225022.9369358
7811,1298515084.59368
7812,713919182.0000743
7813,378742785.6847815
7814,338875164.4735241
7815,556839375.7076434
7816,1160316773.9922776
7817,510347692.7031474
7818,609756692.6723578
7819,2070322598.6953566
7820,959762433.0594952
7821,535100740.0591016
7822,638489730.4382933
7823,694984186.9541744
7824,870127077.6450086
7825,628751803.4146459
7826,577560084.6786132
7827,532900265.7409681
7828,464539524.60006404
7829,1315651697.3011036
7830,483163833.94670963
7832,752659191.4705374
7833,459849856.22758186
7834,315170998.93281347
7835,527333384.84277916
7836,580789748.2076557
7837,453896647.7459234
7838,1233997259.8537474
7839,984348180.2450879
7840,1142213682.5235076
7841,726311714.2183542
7842,663419934.1903571
7843,517944904.2405304
7844,608608770.7474732
7845,882207409.630024
7847,720439350.0614717
7848,957512601.1245111
7849,1125224534.3852005
7850,1287591654.7572873
7851,552683632.6839844
7852,1047173381.4009342
7853,813941064.7770944
7854,986854460.7598417
7856,380549617.96014404
7857,497149032.3536163
7858,942281278.1001787
7859,402735984.76966256
7861,702065730.683491
7862,417352608.02324826
7863,702025013.1149639
7864,466127025.3620349
7865,553002775.0571207
7866,735036362.1334009
7867,1610758717.0611608
7868,662899674.2413423
7869,294923635.8457963
7870,960089823.1252025
7871,635516145.9631279
7872,1352976719.913872
7873,564101875.668854
7874,373463303.6455786
7875,934587185.7112226
7876,978151518.8355333
7877,864867639.349376
7878,680990919.9988718
7879,432877785.09580946
7880,700330426.3007207
7881,481975441.8348057
7882,365519883.09495777
7883,592038303.4308604
7884,908031131.9235616
7885,327317395.4328684
7886,756079642.2471626
7887,781963406.1756744
7888,941038433.6492138
7889,518693291.5519521
7890,656172698.6370573
7891,315149524.71212417
7893,1140500576.7498488
7894,731566454.4189804
7895,446714175.1957377
7896,489739807.1158948
7897,492523278.7149977
7898,386864714.8473624
7899,608461022.718397
7900,390521097.13582593
7901,345588160.6910377
7902,571726524.4123882
7903,571018475.6059266
7904,1226528979.101062
7905,422146100.7645482
7907,615079242.0632153
7910,377400312.74062246
7911,537561303.3881658
7912,667614769.7270277
7913,764588609.9190651
7914,353903564.30877864
7915,1095027811.1689382
7916,691826794.133611
7917,259898405.2779919
7918,888873177.8991871
7919,822250672.8896366
7920,955324519.8267472
7921,1269083151.2551742
7922,1948653298.574511
7923,493663786.44811195
7924,334503359.1211047
7925,605152793.1536553
7926,663298574.5875927
7927,460802737.35612404
7928,548791606.465548
7930,449073079.44117826
7932,397535616.27445936
7933,414852653.34589946
7934,579038246.3256675
7936,740789024.9639748
7937,476984595.3104834
7939,660166002.191091
7942,348331722.57921934
7943,334787818.8478916
7944,748641100.3135829
7945,633554186.5985484
7946,1267087815.141949
7947,572207902.9818308
7948,829511349.0704195
7949,896346286.684767
7950,316141054.0179777
7951,379833415.2784993
7952,722251411.4919376
7953,677633277.2553415
7954,280018253.9687591
7955,842972220.395995
7957,595612996.6158653
7958,530779135.3752191
7961,564851104.1321387
7962,422988860.7461479
7963,527107229.581125
7964,1876596463.8944857
7965,714978298.3973966
7966,489512400.8136781
7967,761901369.9665812
7968,263458032.80433556
7969,1013287477.0406892
7970,387853921.42679423
7971,328255605.0108019
7972,578042177.498672
7973,753019398.5838691
7974,1243670406.9148138
7975,408186352.8083606
7976,378701398.869433
7977,474436546.4852124
7978,448158229.5249795
7979,1264822060.0391238
7980,665110996.6856095
7981,818670150.4625322
7982,815539018.3229626
7983,379310448.92533934
7984,639006624.5968682
7985,831392274.6233782
7986,258271353.498501
7987,381854638.2776849
7988,697979439.0431828
7989,1033499710.2878577
7990,612861112.6725637
7991,470979710.99646354
7992,375052337.3835965
7993,356879649.6968928
7994,443451420.84929883
7995,385756799.0763942
7996,1233721387.682958
7997,658150109.7276099
7998,535768721.68130493
7999,545187841.7907643
8000,539546644.9544315
8002,569374350.2496189
8003,603724654.841077
8004,637972484.5666399
8005,1188177456.8883433
8006,372778396.51880646
8007,954837701.4639378
8008,406006376.76623505
8009,656963621.0252079
8010,530367956.0870007
8012,494271862.5246094
8013,372531052.556783
8014,545574287.9469143
8015,732068040.4448608
8016,388902987.61686087
8017,1028771753.1047379
8018,636993995.2722609
8019,461271323.27781904
8020,399242670.2581614
8021,447549698.6623582
8022,690422416.0540818
8023,671212296.2635683
8024,582324908.7925531
8025,745533507.2032946
8026,640896763.6637901
8027,1306471128.3649476
8028,914240026.2934003
8029,386055128.76332325
8030,605863335.8236817
8031,705141061.85417
8032,1360512846.535314
8033,644031539.350355
8034,534049935.8898618
8035,467693869.80331105
8036,512935696.3281687
8037,543458060.3489136
8038,448967414.5300555
8039,1005480712.9711002
8041,778347341.8371906
8042,487127348.3845356
8043,508233519.4977727
8044,1320386935.4735613
8045,761122635.6428653
8047,513776125.868579
8048,629016462.9249603
8049,410387853.41896206
8050,412974393.8175048
8051,740812815.3162507
8052,598226936.9438714
8053,492154309.64822876
8054,858611286.1181976
8056,875020156.7274219
8057,1154908366.319456
8059,664394744.9336317
8060,391847140.7246726
8061,607145938.8632265
8062,442991591.8966817
8063,340723028.38153565
8064,1283733530.257211
8065,437127782.29935
8066,714351580.8592359
8067,719519417.4235559
8068,575294066.817181
8069,305085396.6893042
8070,653468576.195711
8071,389856461.5471114
8072,638699433.4308367
8073,835217843.1983712
8074,668095114.2949314
8075,841847275.4677632
8076,686710841.4356252
8077,566890748.1152459
8078,442039369.8605451
8079,565165099.539067
8080,716110293.3100606
8081,420172705.77396226
8082,1152918794.165053
8083,715051159.0148498
8084,688716192.7222266
8085,691899522.2202305
8086,1114073123.9264207
8087,516682397.932801
8088,828460553.120958
8089,440944177.82025903
8090,642137891.7719481
8091,1487877801.2440991
8092,400891209.77950585
8094,669167687.2237645
8095,802438767.7938442
8098,353158931.2545768
8099,513445292.1903089
8100,527803999.3333908
8101,822476219.8093475
8102,387443730.076482
8103,897000004.9399387
8104,864098466.3408169
8105,434623295.79154366
8106,565864159.2128855
8107,404536578.3519704
8108,443430484.81111634
8109,1028738368.0854793
8110,645828746.7727046
8111,1734189699.3392951
8112,1378627995.3244717
8113,661321209.4422439
8114,402774779.7803735
8115,1242156910.5502658
8116,605412390.4950436
8117,518563753.1807531
8118,918965614.0851586
8119,516313822.6550286
8120,361427650.54491526
8121,556444254.6720991
8122,1000593033.156782
8123,580951996.1059269
8124,410130087.9425864
8125,1241049610.9892023
8126,632196804.5994396
8127,375623369.06370294
8128,334146214.0602226
8129,677391612.5964798
8130,377113844.45110697
8132,462738492.7709949
8133,523198713.30094784
8134,581174632.850737
8136,399419629.5493643
8137,460830902.8244175
8138,1234874002.2335448
8139,435670172.8116567
8140,486081700.0966899
8141,381661721.2176649
8142,528464040.6143799
8143,575795735.904463
8144,892491153.70261
8145,937456317.4105543
8146,542528343.2885654
8147,919267004.075703
8148,322465147.34052485
8149,809224695.2317177
8150,1228428057.3033507
8151,762173013.8072958
8152,1231806413.9026067
8153,541471877.3585492
8154,503540998.2859273
8156,839961403.3290058
8157,488346314.8602885
8158,465621188.8810974
8160,615707310.1929288
8162,279036998.9109668
8163,871301066.1961104
8164,1652306741.7880483
8165,292409067.58927983
8167,879439861.5664088
8169,911013104.5297023
8170,846736425.6083118
8171,594372804.828113
8172,654969382.030699
8173,811725514.6165103
8175,525035327.86705303
8176,493537962.83168817
8178,2157902164.7509613
8179,782726523.0966306
8180,727681117.4781219
8181,1201355522.9761121
8182,595979041.9215487
8183,687346780.6739825
8184,430895107.8238761
8185,654473605.2936916
8186,405130432.7021972
8187,554448200.3059136
8188,824710638.5434173
8189,619501765.9089278
8190,1364597693.609133
8191,1154827153.51403
8192,830696699.982794
8193,512384261.8845239
8194,432697597.4511611
8195,277851110.1191505
8196,604534606.8841105
8197,746254985.6029046
8198,584539933.9117522
8199,590110472.8040944
8200,597689261.0349295
8201,1527151043.8450613
8202,389481327.6457234
8204,623257754.8533831
8205,620046946.4785845
8206,736009995.7076542
8207,1108213035.091151
8208,367577290.51988184
8209,1034775883.412456
8210,461787175.53792906
8211,600139354.0318977
8212,417032528.6968738
8214,1656126432.1094573
8215,765956545.6451404
8217,518917879.3718331
8218,899932043.2812585
8219,1364820546.5107214
8220,406921941.55099285
8222,1066242022.4699625
8223,556048949.6861446
8224,680741336.4627507
8225,743994167.2724458
8226,404214594.8205486
8227,654049670.5897096
8228,591168060.9199262
8229,455506858.8935268
8230,313770545.6179524
8231,567465446.7664428
8232,462447672.32379854
8233,641037774.240272
8234,468377894.27373207
8235,804836294.2113515
8236,630896427.7797469
8238,837780234.9526095
8239,519918436.34489846
8240,721818930.1946826
8241,509758515.62309015
8242,1585706577.1136518
8243,601120580.6187272
8244,465456316.5141117
8245,495434579.2528101
8246,426267602.0227057
8247,342883966.18520445
8248,271652488.6008628
8249,1607482153.7404823
8250,385629542.0241063
8251,625258979.254721
8252,690117225.4230151
8253,653802518.4830719
8255,851074332.9048659
8256,775731629.519024
8257,325485087.08429295
8258,544928397.9434639
8259,512668637.82254136
8260,600483544.3462065
8261,622463443.7184663
8262,866356042.6397653
8263,982913904.6166021
8264,558985933.6826001
8265,678912089.2338531
8266,552414657.0127857
8267,488111314.49564433
8268,275079476.68869954
8269,325604808.59291595
8270,570057807.9649326
8271,430643012.63585126
8272,497578304.04804194
8273,449932248.4286092
8274,2017332485.625784
8275,1247088978.4614856
8276,1278914139.851499
8277,635592561.6085382
8278,453161053.09045315
8279,660669387.2967312
8280,907784047.2112343
8281,641605819.0024544
8282,950858555.9863839
8283,567199408.393209
8284,434220534.6785325
8285,813215096.8262264
8286,741750826.3766751
8287,428907765.91680443
8288,1121485791.2484546
8289,538130814.1709923
8290,556537874.9660405
8291,395202819.50492704
8292,597713814.4026638
8293,982804746.825271
8294,366356138.67177516
8295,960639347.5744576
8296,738102650.5099596
8297,611777491.7909017
8298,400306427.2603013
8299,1260589373.1224983
8300,452860778.1779537
8301,323807825.28565776
8302,479262315.1501417
8303,1383015916.2805502
8304,807289842.6977301
8305,1089049559.516471
8306,716041485.8362385
8307,1322299187.7719352
8308,672262576.5006342
8309,584878963.706026
8310,584948316.6085231
8311,690844228.659414
8312,894218269.4825774
8313,1241416638.007584
8314,401662777.4834035
8315,441562132.38339454
8316,505891709.1157164
8317,526079164.6131429
8318,839803865.0566914
8319,583077386.2322569
8321,1849752175.3000128
8322,695071462.3292677
8323,951390817.3836191
8324,405142755.6821784
8325,677802289.9899342
8326,887548018.4806018
8327,819148080.2136899
8328,389960846.8050681
8329,699069667.4777138
8330,323417921.45885843
8331,1072510962.6840283
8332,460499080.2111659
8333,806950284.349654
8334,483223198.6643917
8335,595212313.4480729
8336,597116342.418107
8337,596892591.1983384
8338,297763572.5812787
8339,554942562.0374365
8340,1000781961.9105856
8341,419855251.33849823
8342,640657670.5352622
8343,652286758.1187965
8344,1295353119.1325364
8345,526431712.09056115
8346,525664507.2332372
8347,509773899.35711104
8348,926780031.9535449
8349,901576862.7906512
8350,941246121.5491754
8351,534860521.052937
8352,610338358.9410706
8353,822490771.1550871
8354,1176861685.028742
8355,299433332.2839022
8356,577409481.0957888
8357,888537880.0586058
8358,830861260.7874835
8359,742141464.372435
8360,1247175060.9112768
8361,621904522.3730584
8362,478399533.06370133
8363,307734483.60565007
8364,946292916.6992608
8365,428094385.98711157
8366,489869977.83708435
8367,614623329.7926099
8368,1454298979.9701471
8369,900294622.9810452
8370,1124781588.5514355
8371,730913853.6251779
8372,387498469.4767886
8373,588201565.2504666
8374,661878061.3214893
8375,541598690.453085
8376,859722737.4585238
8377,950291302.1496487
8378,1175582252.438979
8380,485227544.270442
8381,885951543.0640714
8383,713095375.049199
8384,797228407.633293
8385,499769244.7407203
8386,549236875.732397
8387,1124800997.8426535
8388,746980413.9064083
8389,324908707.4183744
8390,501852297.8279107
8391,954989988.4027638
8392,607081198.3778492
8393,514854843.6707174
8394,440954719.70705074
8395,719053712.556812
8396,1143286118.5785966
8397,528339918.0783401
8398,1049585263.9410632
8399,456513697.2097732
8400,631130301.9319249
8402,697609819.052473
8403,346146588.51289636
8404,542440313.9783262
8405,776556596.9498514
8406,937452985.171037
8407,496213627.1201991
8408,390099843.89598626
8409,725522199.8927919
8410,1052669352.7653829
8411,447058891.50293297
8412,430714666.2432124
8413,916585564.3658212
8414,276555689.0297904
8415,493020711.0946254
8416,605784673.34676
8417,349973657.5711664
8418,334480046.91475594
8419,916082802.9202547
8420,376734751.23014176
8421,806111766.7582686
8422,521732704.44334435
8423,689134373.9938167
8424,426565810.99479216
8425,578853665.4129307
8426,810009487.9151362
8427,1139196077.1424317
8428,618982835.305939
8429,522282069.22704756
8430,694921538.3056556
8431,393016515.8875008
8432,644097233.8254899
8433,588773316.6831722
8434,495471351.71622163
8435,820534441.0756692
8436,687514980.2540107
8437,340966511.9913492
8438,542676365.4772111
8439,685823671.5873432
8440,459852695.1767036
8441,963142901.8433822
8443,341107065.3071916
8444,477323711.2298584
8445,671347488.530777
8446,368522230.6466476
8447,566110051.5917152
8448,1417414457.0340457
8449,522680645.39422053
8450,554324534.929084
8451,607824494.9599642
8452,626031630.7896308
8453,640390730.1232673
8454,565136936.5967395
8455,817706280.526541
8456,329511344.4057369
8457,737097131.1442528
8459,901900619.6629049
8462,518899779.16958743
8463,637717555.5585808
8464,994815558.8637805
8465,844709014.1994686
8466,488435926.9360818
8468,823246725.5526776
8469,578130122.0878507
8470,867703780.9122273
8471,529049049.4751412
8472,632920022.455557
8473,874204094.7286936
8474,663309263.3744744
8475,614300014.2574797
8476,496894398.5791623
8477,1046830715.5271139
8478,1022350477.7593403
8479,565088536.8952409
8480,609320438.7213098
8481,612888776.527128
8482,351708118.0573641
8483,981916024.2970338
8484,898228449.5875427
8485,304209602.55049187
8486,422992932.8383498
8487,491810841.32488805
8488,1511458894.332072
8489,362892714.5352973
8491,322841567.8219942
8492,714638765.2346336
8493,998927258.0758597
8494,1066467342.9260654
8495,914765341.6000735
8496,477926211.1067525
8497,618083222.0282462
8498,1053698927.1823492
8499,721164583.262148
8500,1468271578.3922715
8501,986172138.345364
8502,541753119.8801887
8503,434317084.6562033
8504,1151060535.6187162
8505,820614736.920732
8506,646512793.3314015
8507,1089759494.757646
8509,782879847.3104837
8510,352860238.53690684
8511,558917303.4218105
8512,541638205.8337034
8513,586732735.7339143
8514,581253551.0564512
8515,600050851.4653634
8516,1029548787.9171234
8517,597039114.000133
8519,569780903.3028691
8520,564555215.5577171
8522,600264300.5904135
8523,317571969.3212907
8524,534649993.0914535
8525,793014062.0770898
8526,322009904.54173005
8527,530630418.28305656
8528,851763913.7029368
8529,468742520.91894174
8530,509891766.3815088
8531,636486930.2976247
8532,736544104.0894262
8533,370175315.0281814
8534,471787963.6769012
8535,424764662.6571495
8536,982542919.994186
8537,484745627.7269102
8538,410176158.2631217
8539,815231506.1164366
8540,875157835.2919362
8542,1011770784.5584625
8543,412438367.00048804
8544,598272928.6020184
8545,974150844.3832144
8546,565495539.3511899
8547,597641711.6854731
8548,2296323538.8805
8549,514827521.37417734
8550,588019158.5703485
8551,310131632.71615946
8552,799044360.912871
8553,1609519787.5072098
8554,420267338.9954314
8555,390578803.0823436
8556,1597674505.4350228
8557,575316179.5713872
8558,491831859.7092035
8559,688136772.291526
8560,785713680.5505377
8561,1064072510.6243598
8562,875511673.5434592
8563,510851695.4173919
8564,614612958.2665709
8565,733648581.5652099
8566,1281425438.874416
8568,312823533.59143937
8570,819279292.6993939
8571,774664761.8263324
8572,551708850.4025046
8573,640765338.9566766
8574,368372840.12690866
8575,563429216.4020915
8576,509973251.5108104
8577,797603025.9506633
8578,461976809.35077316
8579,455404403.55815625
8580,503582308.9284125
8582,813214875.315605
8583,711205562.8728255
8584,519269297.51114655
8585,332193324.3853055
8586,414783824.6755876
8587,584051389.7042091
8588,1169984632.1741188
8589,434502980.9018617
8590,465310720.3130006
8591,890533590.7669728
8592,686759543.7714714
8593,373745672.5951229
8594,504825817.21829146
8596,552413531.8097744
8597,483262331.44837487
8598,451983559.36342627
8599,630535696.4195887
8600,633493540.0701127
8601,506204197.263737
8602,376190344.56718254
8603,528697752.58678293
8604,700069354.3152534
8605,1194093148.3250341
8606,1182903219.4602895
8607,483949753.9525106
8608,407990528.1354559
8609,396304715.8736128
8610,695061617.1900487
8611,1488417390.1087925
8612,350157976.35696787
8613,337666929.0195587
8614,679900219.9041665
8615,348775381.34993523
8616,1564281326.8183377
8617,608250915.7207983
8618,377324597.6855723
8619,374724176.20822036
8621,556662915.7326733
8622,934495936.8251905
8623,528977395.0639602
8624,723054575.5244596
8626,409888986.5262092
8627,336811123.5691067
8628,407220686.5942217
8629,666481538.8756905
8630,453777157.60935795
8631,826891028.9840466
8632,625336506.4395044
8633,1696640652.4369023
8634,448677370.01498604
8635,445160090.8366339
8636,550411364.7905576
8637,892054118.4617931
8638,550486959.9547781
8639,550773015.975503
8640,597890121.2606204
8641,641378156.2178636
8642,268168060.36003733
8643,400792215.10756326
8644,516381449.6866882
8645,335301552.78945774
8646,500905797.6407721
8648,748488870.7078879
8649,322809721.1075915
8650,571495130.7470052
8651,1130443502.2472086
8652,970542846.6756971
8653,581801858.8950402
8654,1843702976.6998568
8655,491081392.70097226
8656,353807467.49057037
8657,582949284.1569164
8658,893801137.0671365
8659,622072607.1371614
8660,473946956.63442314
8661,535350325.7591123
8662,991207647.6336659
8663,737529800.0729816
8664,1010365805.122471
8665,334785923.28993034
8666,558247597.8722378
8667,546687263.4573882
8668,523225860.32485527
8669,2278897833.4558697
8670,562614711.5927093
8672,406738033.58059925
8673,605177686.4527284
8674,710777264.2600073
8675,1208030117.3537858
8676,426873578.52007085
8677,403373081.31288457
8678,540073058.4023057
8679,504388237.0373969
8680,1315333402.4186227
8681,1263627959.928009
8682,442994433.5197366
8683,1040015373.608629
8684,420452443.9633565
8685,764694934.6911227
8686,1350244455.5607712
8687,867246815.5737438
8688,1195407859.2805426
8689,545401845.7564136
8690,564933780.8910216
8691,414652602.20050526
8692,387288600.88310635
8693,890644869.8304896
8694,450888327.4612533
8695,824320725.6375567
8696,932335810.4505926
8697,1046245158.0411143
8698,1252851503.9812746
8699,714021314.076283
8700,527928719.8148272
8701,812570458.3073056
8702,418280584.9246191
8703,1162920796.2491212
8704,596755989.0766338
8705,608946222.6211182
8706,1175670972.2348452
8707,579640106.344441
8708,1075007156.8812964
8709,984155569.2770386
8710,899968679.0182037
8711,1062403871.5337883
8712,789591650.5365155
8713,1099707169.0932364
8714,337446075.35297024
8715,721004929.1465281
8716,708596692.1317548
8718,664020497.4212372
8719,1611143371.8828745
8720,548985828.039667
8721,1193250168.0664644
8722,672843160.2670827
8723,884287457.761193
8724,859874762.4755226
8725,636970194.2552791
8726,716941764.5637215
8727,610510766.5628066
8728,612758961.1189475
8729,334214462.31261814
8730,1293952140.7991478
8731,433867913.70264435
8732,603715436.7454975
8733,1667736389.2456987
8734,384806544.27574426
8735,807882395.9444041
8736,508345418.2104608
8737,1005593342.2122796
8738,752563869.9343115
8739,344199808.24334264
8740,1374303331.2911801
8741,287141544.6790593
8742,542950912.9817713
8743,492180427.80590016
8744,388574648.6607298
8745,616467400.283335
8746,1817209475.4760373
8747,471991343.09882694
8750,531622134.8263835
8751,1342745606.6484988
8752,437502756.5289335
8753,470455685.6567753
8756,527889913.07948077
8757,382880632.1397968
8758,537742181.7498344
8759,602571825.3531947
8760,1037114302.0688518
8761,792561927.8168727
8762,537200416.7844858
8763,515886218.1488147
8764,1129437222.809654
8765,703709446.2914604
8766,294036679.86099106
8767,851000665.3070694
8768,759545593.7097415
8769,484616546.6207564
8770,269605966.9798612
8771,280465982.5355501
8772,399467660.0138938
8773,521565233.05807084
8774,636763453.6608343
8775,832124339.4545164
8776,339446833.6580086
8777,488137064.0447214
8778,1196462225.5457406
8779,501502550.515069
8780,369502929.4577248
8781,260412823.6919844
8783,402772919.3336482
8784,597575744.9162413
8785,814713154.5382082
8786,766986344.8873208
8787,837434391.1709827
8788,713023339.7732247
8789,998915100.0817392
8790,1311329223.8216002
8791,335973606.40008616
8792,354366412.75412637
8793,486623504.4119284
8794,914303388.2035213
8795,595833205.7647032
8796,790546397.7552427
8797,530539312.9281305
8798,938971699.8433785
8800,481867186.87111974
8802,360516732.63803375
8803,1171969888.4822872
8804,423454376.8049361
8806,831742422.2640502
8807,1083757637.6849926
8808,407289983.4249078
8809,458445175.674661
8810,506308491.8996506
8811,366854133.2331667
8813,686354734.009196
8814,856876534.3521223
8815,530028000.55340374
8816,556287006.8075691
8817,317530106.2358902
8819,451021893.87612236
8820,844786606.6091124
8821,412204075.41624504
8822,662647892.656174
8823,411615676.2115001
8824,1398207867.7870026
8825,346260257.7789992
8826,439630370.9944575
8827,781667779.5284753
8828,402700923.9548728
8830,684655587.6426218
8831,470077185.10533434
8832,560371899.9411805
8833,651443166.727812
8834,536263088.68227077
8835,477683269.5756468
8836,807649497.1332048
8837,713980289.0479934
8838,1419185103.0455089
8839,735801243.8211877
8840,366107538.65864724
8841,575953393.3398552
8843,825286678.357138
8845,490572667.94531834
8846,768975722.7216164
8847,387925587.53139013
8848,495866120.4710494
8849,519469785.01189274
8850,412088185.1328118
8851,635366967.5556016
8852,858712694.7988342
8853,713625057.9160526
8854,1371669051.0933547
8855,670237342.5810152
8856,800170519.8402648
8858,484767048.19642425
8859,673972388.2016349
8860,808462519.7303877
8861,786700861.3180593
8862,361765443.4519719
8863,817340682.6599491
8864,1086264835.7756383
8865,886359077.3194916
8866,610263234.7393568
8867,1032479592.2973388
8868,387281110.04427475
8869,440663398.6374834
8870,1027952808.6836994
8871,600563163.6159272
8872,1262223901.733103
8873,463247402.289604
8874,1136152183.5823839
8875,1172513750.6783445
8876,385854107.13512826
8877,466993763.67710966
8878,1158812443.5532
8879,405797608.4262362
8880,1074886828.5542371
8881,1140658807.1276717
8882,957296206.0343647
8885,1176195276.5028045
8886,451828047.14614314
8887,253783040.77900124
8888,612865552.8851621
8889,532292987.1592845
8890,384761371.8169754
8891,401513223.2507448
8892,367528744.0758716
8893,676428078.4182303
8894,1058641197.0741723
8895,458486526.7423433
8896,606909779.9586133
8897,350060421.37264156
8899,808449240.7659492
8900,964339890.4749638
8901,765336235.8976297
8903,564479041.7213149
8904,1024510632.4451739
8905,1082320668.654549
8906,702733469.9569484
8907,976289083.101387
8908,443071201.9502512
8909,569813133.830529
8910,905784545.9150268
8911,367469187.563437
8912,542764534.982905
8913,1896641526.5266998
8914,465407030.6087836
8915,573074292.7846496
8916,746321967.1679784
8918,618236015.5860876
8919,406438760.5656284
8920,381549929.4605779
8921,509842599.09729993
8922,436162901.3176894
8923,577147761.9056836
8924,540431121.3105628
8925,371985197.19729966
8926,490978792.4012515
8928,883208186.3039255
8929,562939266.8073652
8930,845482876.5731378
8931,1427568718.3130338
8932,926119346.8664865
8933,346522108.9978203
8934,980682215.3078606
8935,657338212.677392
8936,697945935.4208103
8937,1266668013.4943666
8938,604886101.4236438
8939,283106995.35642254
8940,993380780.4591264
8941,612517875.5223186
8942,363854252.78701586
8943,2043183811.9906528
8944,517123012.7092864
8945,773325249.3971459
8946,472542829.0572957
8947,505886713.5438324
8948,626773850.977719
8949,730189671.9204453
8950,291510947.9076701
8951,523409441.3651084
8952,587065054.987219
8953,670237104.2149088
8954,434518928.6181456
8955,371237517.0371808
8956,769295929.4309965
8957,408561295.2490736
8958,343766522.3095539
8960,907173420.5185921
8961,276365164.3963874
8962,1027476296.5967071
8963,519083227.4009892
8964,347133125.8368752
8965,606874991.4656267
8966,806531032.8522627
8968,369019746.61048836
8970,440727285.63420165
8971,501320256.65967065
8972,627362732.3163785
8973,738018982.8394141
8974,456613194.26058644
8975,419659931.9532492
8976,1448143812.1632051
8977,1006405964.0757477
8978,1150070114.0906432
8979,584633134.4572703
8980,911555325.9910218
8981,660404253.8375908
8984,404785069.5293037
8985,740739384.9244868
8986,703840405.6618837
8987,695765229.2072976
8988,1054421236.33604
8989,509539369.2581946
8990,475310319.85267365
8991,543802556.6115078
8992,748386628.4964385
8993,543682088.9796773
8994,329121101.4368559
8995,561315381.9425006
8996,1011273959.4797635
8997,449231494.8459908
8998,619720297.2172862
8999,394071643.92104185
9000,490215758.4970249
9002,500983028.81335014
9003,519702913.274666
9004,619504851.0840287
9005,432849727.01700115
9006,591775043.992327
9007,362697852.9509853
9008,581195317.4458599
9009,482450644.9366819
9010,760979996.1400979
9011,560725014.6181782
9012,746599388.8267509
9013,853836631.579174
9014,331012817.0871302
9015,596339746.7396599
9016,710008008.688526
9017,1184594384.1225781
9018,404041938.76259595
9019,521054529.49093527
9020,357307140.7746566
9024,344148764.309864
9025,521519248.2634584
9027,373270735.78785837
9028,853690158.2588173
9029,835611622.3484342
9030,296230747.1782087
9031,811152122.4007668
9032,706851078.7988912
9033,974237627.4507432
9034,623008649.8262919
9035,481517221.88476
9036,389374909.24632806
9037,542711315.3586107
9038,405718171.53928804
9039,1220006954.863456
9040,1060148109.5474315
9041,748297332.7887604
9042,1396590184.8029466
9043,671366976.0679013
9044,979058215.3013057
9045,423003489.3751353
9046,1742070127.9585865
9047,494520494.0507014
9048,494321380.69724095
9050,1252653216.7065282
9051,565455256.8677965
9052,413782043.1640537
9053,359394784.9612239
9054,925503030.2466722
9055,413000214.75563157
9056,387287561.4103247
9057,778976134.4609305
9058,679963286.7168928
9059,797709517.868772
9060,831156754.8062736
9061,837624272.4574506
9062,1629249099.711436
9063,1087027457.674607
9064,1117432800.3732727
9065,988086769.5225818
9066,951046443.5014223
9067,709367343.9708033
9068,923416649.2773628
9069,567508428.4038705
9070,732241584.2838216
9071,773796476.6482213
9072,1036936891.925644
9073,331470606.99442005
9074,785837251.4953964
9075,553531438.3065445
9076,1116340700.4345684
9077,779427434.452226
9078,1084323338.0588815
9079,725066290.5574422
9080,591463424.4963993
9082,576279315.9110107
9083,1182332859.95083
9084,566674120.1361203
9085,424475253.1275911
9086,559757831.3851558
9087,416570520.7086431
9088,690640445.3673381
9089,877277582.9635328
9090,1254485675.5151572
9091,1394264131.970998
9092,846265478.8209261
9093,572124943.8911834
9094,492596017.6554124
9095,887105606.7591214
9096,984864411.3197567
9097,940376930.5836995
9098,619271100.5883783
9099,426155522.594024
9100,1972877989.6806743
9101,508403852.86781055
9102,679983783.8926469
9103,106578093.79830481
9105,762726164.1072206
9106,706482879.3110048
9107,1132955533.0913377
9108,1563978599.2278256
9109,426089697.4659361
9110,1204149384.2833657
9111,605131085.0545506
9112,695030170.2276756
9114,733591185.65203
9115,451929019.01195925
9116,629176568.3200597
9117,424696868.8794811
9118,601385768.4719557
9119,1383110787.0970838
9120,870316433.6660295
9121,1002910566.3261493
9122,675254074.4862486
9123,849337639.0366186
9124,412000634.37979984
9125,370650759.5304933
9126,713021279.0512145
9129,528490552.9577457
9130,1006885748.9584742
9132,871921802.7373325
9133,341463846.43049145
9134,516666504.07252717
9135,757069411.4661951
9136,1367283674.09995
9137,531283130.1858946
9138,328426595.134635
9139,597213404.7453275
9140,371039753.0851514
9141,465143104.7774096
9142,577325912.9035332
9143,735530659.0725647
9144,730438798.3231542
9145,1628006052.3202925
9147,787890930.7781633
9148,414836895.86162424
9149,546454267.1533496
9150,1396611952.1588752
9151,1045562841.115045
9153,497144876.91146123
9154,491281808.31653243
9155,737640772.3965116
9156,712499573.5751175
9157,662107338.9149774
9158,1217444222.5153592
9159,622124990.3303044
9160,387685529.0603751
9161,465486472.71443033
9162,393187073.2611343
9163,588762931.4950114
9164,528419158.3907697
9165,545423866.8917577
9167,407293874.8888445
9168,430462797.4489257
9169,647084795.1794522
9172,565286766.6947224
9173,1589004931.7359397
9175,708022051.1686856
9176,600671699.1977129
9178,469723450.4559208
9179,1068229064.7334368
9180,439130377.2845838
9181,325369598.12662655
9182,338690056.8352771
9183,414418272.0873851
9184,509566689.4175714
9185,608180041.6626288
9186,390634260.7016148
9187,445117817.11597276
9188,623486067.8329701
9189,867353916.9748795
9190,504190869.6504033
9191,714887599.3006003
9192,774653822.2634593
9193,643749804.4009187
9194,678923924.2561138
9195,2156050205.89335
9196,598514195.6019678
9197,494020337.1490505
9198,380823821.47383946
9199,496622967.8100216
9200,860136416.6758167
9202,426027982.5818281
9203,712351224.4152762
9204,414482390.3638327
9205,1352815143.3931417
9206,646937879.8624507
9207,570190301.9059433
9208,420005445.8637166
9209,931735140.4630879
9210,568142060.2583258
9211,1009273137.1815828
9212,1122718940.2378616
9213,435070791.1419297
9214,1327668721.3928223
9215,603596565.8646438
9216,1270726396.8017821
9217,631233355.8125708
9218,1205387189.652089
9219,380270907.6389191
9220,691171187.9755753
9221,586103275.5522071
9222,300283677.5970454
9223,614777979.7382642
9224,818451196.3096095
9226,481076753.177208
9227,498042492.602165
9228,659978898.6061132
9229,1013567571.9988095
9230,1075635619.1558306
9231,901555347.7716403
9232,410541711.16035175
9233,757923666.6110045
9234,606844492.2847698
9235,963845580.6254194
9236,585429938.4004804
9237,377101065.9902601
9238,590322732.9093369
9239,315517395.996855
9240,1030050987.5695089
9241,331872098.21425694
9242,473877729.7426787
9243,674991324.2162726
9244,413629754.1816474
9245,918763514.6486598
9246,561707629.5433671
9247,1284341772.339602
9248,860086662.4150177
9249,885312450.4086064
9250,716742917.6074219
9251,462319911.5994407
9252,433532922.23006797
9253,496661295.949186
9254,1399494169.2677183
9255,437484174.3135594
9256,816648700.5308316
9257,671773941.0273513
9258,579713742.3847637
9259,535704791.47120124
9260,480700816.42269695
9261,971369140.2753391
9262,506882590.05949175
9263,713692648.3945765
9265,461480751.95315
9266,1307668876.9087887
9267,380084353.8013055
9268,1090041884.6745887
9269,527393441.0217344
9270,1164775140.0559623
9271,799996532.2137263
9272,577642672.7606337
9273,647120939.8669134
9274,466611431.28510845
9276,750868760.1891327
9277,912269395.3021612
9278,1160562206.8577015
9280,670545720.5081631
9281,487760804.1078875
9282,326208805.3410826
9283,598185889.5264468
9284,383993043.892986
9285,1376796357.3046167
9286,2597637769.307146
9287,563299385.9813352
9288,835447317.4591286
9289,564476737.5639005
9290,1299657927.4383767
9291,451399601.50208753
9292,586170786.7075685
9294,970297157.42097
9295,781094250.5477073
9296,752604861.6647195
9297,461803260.24751097
9298,465334609.1717583
9299,434596386.2394771
9300,402816578.05915487
9301,566555601.8426411
9302,680809939.70952
9303,1003998618.61537
9304,510668839.61722946
9305,651629743.0887309
9306,569839800.170488
9307,1337506022.000838
9308,617909836.8513921
9309,1892094634.3110192
9310,1266531167.0418844
9311,604018781.9562669
9312,356691242.97750884
9313,546020291.9345224
9314,453796289.58544904
9315,1319765635.4707522
9316,550811612.8621354
9317,666751076.9403726
9318,591358918.4879363
9320,1007973157.7745571
9321,541298351.4667492
9322,959859650.4725559
9323,727400058.055399
9324,595343915.0754708
9325,497219939.12605476
9326,355708247.3063652
9328,1778853426.688782
9329,473446833.8603912
9331,743676205.0255542
9332,524846068.80344033
9333,554192658.0964929
9334,489198402.8356861
9335,597712811.6887091
9336,798534701.0923221
9338,601085935.1325948
9339,1045946081.9188776
9340,497135127.0170997
9342,479126591.3474311
9343,518499342.47511685
9344,605300835.2245948
9345,439804277.8132074
9346,647563533.6215117
9347,1841083532.0777192
9348,466729486.9458517
9349,613066997.2549269
9351,893011891.6873381
9352,832257692.2467154
9353,1186464861.919232
9354,487691045.6416529
9355,558378439.1625891
9356,483295155.19648445
9357,384542405.1749845
9358,614432107.5447053
9359,359541397.1344046
9360,659976485.929391
9361,486215869.6263697
9362,459261599.97193205
9363,441448082.75715023
9364,573205511.08612
9365,666157232.2595468
9366,1062565256.7217978
9367,700764556.4981914
9368,525249614.08081305
9369,764377006.2201415
9370,653518666.6659319
9371,703995525.5737469
9372,1589077040.6780531
9373,1095358653.8747008
9374,1277868850.658722
9375,769738862.9195739
9376,915538683.493879
9377,648569640.4568164
9378,312321345.5372245
9379,632489428.3952491
9380,686677549.7812055
9381,782567153.2476474
9382,294408462.30676395
9383,773416117.3801415
9384,295999576.60739547
9385,847657497.7283108
9387,451722895.7328122
9388,864340877.003423
9389,311527054.33956003
9390,735466528.5959661
9391,898494624.8728509
9392,441617887.1366591
9393,998450295.4324256
9394,1047438111.6056395
9395,382629704.3455788
9396,746191256.9854252
9397,901636549.223659
9398,1763701973.0813584
9399,879689370.7273928
9400,877363737.5578252
9401,524098010.01366377
9403,364823960.7678843
9404,518267942.9095308
9405,328667077.5535415
9406,610957987.595512
9407,1092944033.1161704
9408,725289395.6005241
9409,575718003.2987895
9410,720771752.9165133
9411,844906341.9230307
9412,452030450.97128654
9413,420892866.86658955
9414,1461258570.427061
9415,555971215.3097633
9417,903867983.993128
9418,755607858.332471
9419,494665622.51222587
9421,621738948.3384333
9422,494397095.01202166
9423,733587828.741224
9424,527117625.42234635
9425,474359649.90516025
9426,890694184.1500065
9427,611751060.5100822
9428,423093975.31796074
9429,510857075.69250685
9430,353266598.1091144
9431,976478195.0675032
9432,951725902.2187179
9433,865462841.9961394
9434,577142526.3201824
9435,435328131.3230261
9436,590154952.3520634
9437,1020222860.5817673
9438,350299442.0307422
9439,572487725.8794192
9440,1513736057.5716956
9441,819106465.5888165
9442,1081119262.256098
9443,379801196.7537589
9444,552035569.9763461
9445,489437329.357609
9447,997755279.623255
9448,972106804.9303628
9449,482144132.9518173
9450,634401164.528773
9451,364587759.94555783
9452,386841132.936054
9453,541575128.9085175
9454,1357715515.0466673
9455,695949581.2752628
9456,575939784.9193909
9457,613833089.351197
9458,616152435.1105609
9459,994324088.4751877
9460,302914752.1345297
9461,566002659.2565871
9462,570798775.2782005
9464,807111729.3022431
9465,537582675.9954766
9466,1134622304.1723907
9467,967044387.0011541
9468,497502658.60826725
9469,396879665.4730122
9470,474745422.9018562
9471,486174469.03026456
9472,490798976.764817
9473,1137697701.9769497
9474,773649629.8342501
9475,725517279.736783
9476,452608025.6529166
9477,459403978.0935754
9478,947734099.2890798
9479,976666746.7314422
9480,743966933.3744636
9481,580714795.1532264
9482,694578392.5417882
9483,350330734.30580175
9484,557685481.9872681
9485,988912208.5997541
9486,955654871.1428814
9487,850026026.5143212
9488,485527334.5575097
9489,630862958.2749528
9490,447978202.60684747
9491,584702660.53242
9493,599582224.7781302
9495,1082590968.1016307
9496,885628658.8213363
9497,1276398343.8863025
9498,555216158.8712158
9499,1060604457.5600231
9500,515822102.46857774
9501,1368286098.502176
9504,380772387.59183306
9505,443823050.6720368
9506,649689200.5895084
9507,705219990.523757
9508,829290519.3130225
9509,567523265.3698967
9510,398352524.3302844
9511,809667508.4743847
9512,908270338.5869367
9514,1048769565.50268
9515,744264000.4981581
9516,235340763.27506363
9519,314812770.27390957
9520,473855836.6678472
9521,410708478.7417381
9522,605244739.4384371
9523,1530815522.1852918
9524,368283201.09957594
9525,355891047.49606645
9526,554421736.6074786
9527,236120921.40484712
9528,367792249.98816496
9529,863083673.0106595
9530,583556296.343918
9531,811498083.6930559
9532,667571806.6225657
9533,590432839.7338868
9534,396857491.96458554
9535,696713766.5777174
9537,680567097.1655836
9538,785501612.9667
9539,1093283515.2382884
9540,527022640.3769032
9544,514864875.6865817
9545,622453152.7344928
9546,443545521.02986574
9547,604728752.4867803
9548,380113757.48089176
9549,1051358740.7585065
9551,611270624.0887642
9552,1031689227.0904385
9554,314680671.9772115
9555,498057876.0497174
9556,444357372.89670485
9559,594152045.6091952
9561,303796308.8748294
9562,735655600.5417801
9563,1590441535.367099
9564,807782781.5246089
9565,791177232.0578028
9566,427291032.53336656
9567,508840173.4123146
9568,501093878.32989097
9569,749430499.234099
9570,325484584.8252346
9571,470428539.9058911
9572,740750943.8871175
9573,360477466.31293327
9574,435526389.3280053
9575,305505718.612228
9576,575302355.48479
9577,923523458.7668393
9578,294946881.0657
9579,541283749.1927925
9580,1354445053.1001039
9581,855834839.597966
9582,488341983.5653433
9583,888929571.0482662
9584,372144753.6164672
9586,457654468.94785935
9587,837523204.7927796
9588,1590252757.7359762
9589,523824282.7325462
9590,570731305.0933976
9591,668041599.2368041
9592,466077853.3059932
9593,376521167.171478
9594,587903122.7871914
9595,789754834.7039375
9596,1741963801.1157243
9597,602991279.3522282
9598,713177974.0210675
9599,1133135872.787172
9600,361202507.08326745
9601,604890666.7259387
9602,328561334.4775312
9603,432340403.38399273
9604,820385992.7828234
9605,1246674515.0651042
9606,662281958.831347
9607,829715161.0514114
9608,887275985.3942932
9609,624074812.3093804
9610,526480145.85713995
9611,324444063.52325803
9612,354308809.8893194
9614,515999417.9418452
9615,953389649.1030635
9616,590883929.9976383
9617,1423302282.4974277
9618,451236087.09683627
9619,907682100.8993021
9620,641373262.578864
9622,520226200.7975865
9623,655303653.7605805
9624,433774198.2333569
9625,477794705.78529406
9626,427733784.15225106
9627,1326886476.9089546
9628,739708873.4693499
9629,977549578.6569532
9630,1039854338.8895956
9632,376862181.5342174
9633,458466630.8470398
9634,2201935913.565067
9635,377172361.1029535
9636,697457299.6896846
9637,641736113.4079869
9639,945754304.2008147
9640,1123396488.9259737
9642,599060919.5059249
9643,1251485445.3957233
9644,846623556.7417524
9645,626070042.0233417
9646,343473637.2212188
9647,570346526.3688182
9648,479293681.13231426
9649,543367137.6315341
9650,597895713.7090957
9651,536297656.47909737
9652,411277630.42535526
9653,847530187.2210414
9654,1608701754.4898818
9655,400262845.46602666
9657,1016432534.6077385
9659,516279091.76166266
9660,511042781.322687
9661,765399788.2486739
9662,1362969042.8524082
9663,802909492.1394448
9664,432517320.1477111
9665,1251357363.5008936
9666,1054474918.8856006
9667,461530087.9197493
9668,336142778.35531807
9669,838928317.5148032
9670,433086236.0962836
9671,1062553664.4540973
9672,1638108439.50398
9673,325295655.3737575
9674,636257869.6148578
9675,654724357.2205347
9676,311899177.5821413
9677,762678669.5784138
9678,541657461.6118346
9679,490120025.8251998
9680,893205726.4642359
9681,393889596.11724246
9682,752311024.3906655
9683,649024961.040505
9684,1382655129.1783292
9685,428397435.18657136
9686,1587217825.6388896
9687,329745840.33364433
9688,564498619.9141034
9689,1212854710.2287936
9690,369879522.6667809
9691,542613110.7525886
9692,771561192.5220162
9693,385121220.1845484
9695,1349020868.2165828
9696,996021598.195082
9697,752005539.6672343
9698,980048454.8695918
9699,666044548.9699395
9700,454844407.6892864
9701,689160199.5975076
9702,667155402.9471107
9703,977874863.8345749
9704,823889712.5361265
9705,1471352423.1147757
9706,447771980.44162333
9707,392377298.2662338
9708,852654722.9400399
9709,766024912.8246696
9710,526494008.6644657
9711,516080354.0936618
9712,566361551.9595233
9713,808591441.4230462
9714,468649865.1396137
9715,470904464.26500225
9716,1425770454.1244106
9717,801622956.0933268
9718,479130725.40900564
9719,1242321122.6688268
9720,1346517413.9878058
9721,912698353.8569797
9722,1503100507.610064
9723,767052640.705163
9724,1230041031.8281085
9725,645171452.6623759
9726,683816890.4874208
9727,808383878.3653133
9728,645334374.8965697
9729,500779008.201223
9730,376819310.2693532
9731,388067123.1450767
9732,564922343.3386793
9733,810012355.1764448
9734,872478694.5115917
9735,1043801671.3711379
9736,494571053.12074584
9737,515520437.0400282
9738,973952721.9284338
9739,849933448.6021653
9740,524999399.5112304
9741,619235773.1044564
9742,373034474.8230442
9743,1363864608.9312544
9744,843296931.2489647
9745,576427952.9198303
9747,815870435.8990695
9748,552548763.4877342
9749,724332579.298812
9750,515318483.89540136
9751,660336493.4550581
9753,361661549.3517105
9754,1006193886.0381591
9755,425603202.36309457
9756,439548098.19713825
9757,799910146.6092691
9758,602395433.9434218
9759,649343105.9089644
9760,677849152.7292958
9761,445793628.3529178
9762,914476102.3521563
9763,992350356.0663221
9764,696236248.7949526
9765,726634724.8799279
9766,870271480.8081868
9767,585322106.6590889
9768,847756716.2648671
9769,520017925.37906814
9770,428147927.37776345
9771,355899741.8557471
9772,371485247.13604206
9773,1114115673.9425564
9774,862349921.174968
9775,778466647.510438
9776,448113421.6107384
9777,1190697850.378901
9778,928549629.0459553
9779,854035975.4703029
9780,1307462497.0757391
9781,614453963.7034912
9782,573771265.0981517
9783,645073054.2717582
9784,779989825.6673362
9785,378320052.37428457
9786,409285295.12127066
9787,586306226.7564807
9788,783252087.7522691
9789,1178679711.0208824
9790,851818634.3655542
9791,383133305.1631564
9792,463156165.051316
9793,542649222.1361375
9794,528058856.2397062
9795,595253362.2206992
9796,381108996.2780615
9797,394067152.55243504
9798,1416822640.7535932
9799,518497260.8331227
9801,831372942.7139196
9802,422961198.9240217
9803,1075568873.4546764
9804,878312132.3188552
9805,916029459.9706622
9806,362011843.69255364
9807,900685241.3301252
9808,365248024.5518265
9810,1114683477.5125673
9811,360441768.8253515
9812,869795520.4801708
9813,436042190.73459303
9814,799502795.908513
9815,617400333.1745882
9816,509944947.85114884
9817,751216647.087192
9818,567642407.2473323
9819,397265227.709284
9820,414493167.0034144
9821,317688560.27713335
9822,341869562.27479917
9823,474131067.562856
9824,1058074624.3889656
9825,1077258839.2136912
9827,663811632.2147529
9828,554211703.381584
9829,356183059.99737775
9830,655435772.5219626
9831,448497180.6872332
9832,320658597.365945
9833,475435066.8331075
9834,677669501.8567469
9835,1662469273.9402242
9836,482939972.10158104
9837,350901379.9060216
9838,627446230.0493262
9839,343575806.68244296
9840,534371754.6382409
9841,967290664.7397617
9842,978122693.0919337
9843,627570881.4164572
9844,381724482.6722847
9845,773892886.6054887
9846,373159115.46617925
9847,1058207052.5353379
9848,302740581.6101079
9850,713569251.7186569
9851,690716674.1068561
9852,1360106927.5408819
9853,412459901.9474441
9854,691416457.5873134
9855,732527792.2082746
9856,619364072.563762
9857,838771293.1294521
9860,345890863.98882616
9861,417209399.7222924
9862,970640369.9076455
9863,544344016.5262022
9864,854253368.4234579
9866,1151853922.777547
9867,1556811134.3270683
9868,435651568.004778
9869,363784920.34629506
9870,394762851.9749462
9871,391198460.48143286
9872,683178077.1640648
9873,387884503.10025805
9874,521809238.09076124
9875,637681824.4764967
9876,360631925.2359922
9877,481106526.6001681
9878,792669061.909277
9879,1150366953.2910779
9880,360014219.61178696
9881,280398424.55364394
9882,429306380.61881727
9884,427054768.82368964
9885,573899579.5763983
9886,631902294.8801514
9887,567247449.4654549
9888,957316180.4031426
9889,492994785.97773015
9890,482618189.2626959
9891,844575358.562101
9892,347385876.9459986
9893,353397682.5143032
9894,629700005.84685
9897,566953774.0959855
9899,687144224.4593339
9900,891699718.8154329
9901,638883064.2612075
9902,1185437400.565962
9903,963600453.1312386
9905,652631380.7891668
9906,399177296.12041694
9907,612729481.4829332
9908,469386954.7516252
9909,760219881.0554509
9911,645411031.9511172
9912,533105561.03430736
9913,409733479.60659736
9914,483522802.0558416
9915,442850581.93645465
9916,445246817.25148743
9917,482838633.16593605
9918,573856510.7062566
9919,536635147.529543
9920,550287692.5889995
9921,486606301.81034225
9922,312399018.41411525
9923,247838930.74099454
9924,402151258.085454
9925,281633486.3642125
9926,838500054.7508335
9927,1012413319.751498
9928,1438803295.2039447
9929,496871872.25635374
9930,409603417.4714672
9931,879947886.1154399
9932,830454605.2269206
9933,587830053.752721
9934,545670829.0759553
9936,497212240.11932564
9937,806351744.2738168
9938,760129595.292696
9939,747341360.8947358
9940,692768833.6862152
9942,681607877.4853375
9943,362194423.08446413
9944,1028418491.489923
9945,353744714.9897477
9946,564402181.6896127
9947,643498581.5616708
9948,974630034.2250631
9949,423114572.90896356
9950,355252680.3676922
9951,464755620.83069897
9952,1123580380.024786
9953,470808109.862716
9954,820397833.9357734
9955,1230292673.8578544
9956,549486527.841197
9957,379842177.3828637
9958,568531686.1718854
9959,951477400.4025604
9960,540004459.0873449
9961,507527783.5603757
9962,575466288.0517805
9963,345705589.8807007
9964,783459662.402293
9965,465675100.76621634
9966,400901851.3824293
9968,490387648.6946064
9969,397912775.1072112
9970,493279589.1627305
9971,451306585.2904711
9972,868835492.3271325
9973,642874522.3153483
9974,851523686.1552331
9975,729693384.8250673
9976,695703377.3852851
9977,357423312.6038822
9978,785771355.411376
9979,574518620.741588
9980,627857761.920911
9981,674159339.2943839
9982,531453688.2173018
9983,343236957.5571773
9984,456007737.88751036
9985,2118239799.5285678
9986,516117195.55525845
9987,867963655.4566963
9989,1191181281.841775
9990,1015130609.13067
9991,439344787.8202524
9992,633012541.7833519
9993,315290938.56063056
9994,688937333.9555129
9996,559497633.6405671
9997,789825575.7513071
9998,421390425.42178655
9999,574889051.0296515
10000,629154114.9245709
10001,718477561.2141511
10002,1222986471.9479876
10003,483735371.7526032
10004,672173975.0101087
10005,368350130.1414002
10006,499724704.64197814
10007,356455792.2476356
10008,359802728.35203266
10009,591576213.718024
10010,292681663.32954717
10011,451239733.3644556
10012,650431406.7955437
10013,645615789.0620197
10014,606120438.3956509
10015,360075139.4131872
10016,507534953.1936451
10017,654242020.6818684
10018,678632035.2594476
10020,513520000.76629734
10021,892191220.2949924
10022,838559831.7414315
10023,656630466.1165494
10024,286639057.70958734
10025,627753320.1566839
10026,401921069.5675203
10027,442073465.10788304
10028,457074518.3553286
10029,656652551.9451025
10030,510435790.6502533
10031,543871267.7521394
10032,1116468554.0784688
10033,981647135.8514856
10034,478258593.71464765
10035,1767424890.351179
10036,1381365464.3431396
10037,655781133.3894984
10038,623680425.2429214
10039,333852743.94522536
10040,487193524.7106238
10041,469733844.2488379
10042,768060484.3940227
10044,1077554907.0425348
10045,500396445.4508865
10046,394518078.3288997
10047,870464086.0777849
10049,692071080.0681471
10050,466198291.9043485
10051,537403500.5180743
10052,371507024.6270393
10053,454619735.4502229
10054,603428925.5805224
10055,610625159.706105
10056,2074636569.449826
10057,1791554409.356937
10058,693062409.7624047
10059,382664347.7906042
10060,1609144132.8902822
10061,332283001.13761115
10062,1136310240.800326
10063,308846196.2255804
10064,737422841.4702209
10065,1099763840.132914
10066,571960690.3164955
10067,512819497.49937755
10068,417570723.792542
10069,861835152.895329
10071,367085155.2912482
10072,569337102.8908639
10073,562530150.8026186
10074,651326936.8474833
10075,683279069.0696129
10076,429463283.52567464
10077,516885702.83107346
10078,648244271.5305976
10079,920170552.3500612
10080,454884328.58383447
10081,480996127.78547984
10082,257459197.3361226
10083,683088948.8588305
10084,367593506.82328176
10087,696868804.3013468
10088,1136675945.6160133
10089,448795761.5362864
10090,586343477.2705004
10091,463108103.39048773
10092,546422686.1232979
10095,824966257.8377843
10096,519791182.8961289
10097,568834687.4991182
10098,978907514.1505919
10099,1853197314.4737468
10100,1119477487.4960155
10101,424809990.6680733
10102,594777286.6625489
10103,445677384.9409641
10104,472034707.52035564
10105,1721712241.972306
10106,392287557.04356843
10107,623413075.4643142
10108,1149576060.5504441
10109,341200462.34990555
10110,832037207.6688907
10111,482802275.5248364
10112,1589219379.256691
10113,444025270.43347067
10114,525169786.82126117
10116,610350259.7804204
10118,383517231.3444742
10119,482880199.25053775
10121,1404251839.529705
10122,1059918089.3170207
10123,1035020142.6889626
10124,639169303.9733744
10125,504602794.4113876
10127,570640117.6216297
10128,296809384.4167479
10130,656205044.235971
10132,457967734.3099886
10133,597995417.7969509
10134,519518248.2192495
10135,499549456.3920808
10136,749533960.8840543
10137,375247323.75478673
10138,475747229.17859954
10139,408872459.3343786
10140,554700463.6901366
10141,539272533.4139049
10142,898796178.4241089
10143,590648904.7833036
10144,1325611413.0722942
10145,745354691.014326
10146,1002855798.9474795
10147,1923714986.2838316
10148,706442133.5793436
10149,842861686.1296707
10151,732674691.0111889
10152,752704591.4948926
10153,870226150.0255697
10154,335361438.2502693
10155,423618953.5174768
10156,377633919.5667289
10157,682752745.620635
10158,813936133.2794027
10159,1075089386.4695613
10160,654772361.3488821
10161,505708267.3125687
10162,389610339.85580605
10163,282008380.2208223
10164,625768714.6558551
10165,458403332.4537063
10166,1035434633.4768052
10167,1122275723.9543045
10168,842753247.7713772
10169,481744825.90960926
10170,692474570.8917702
10171,527969204.4094683
10172,589822318.2814765
10173,1127373454.013242
10174,424074116.66279894
10175,750190686.023457
10176,502116683.6106099
10177,1428472220.7392724
10178,404877855.3614511
10179,920865256.8008069
10180,791253576.8383157
10181,775386124.5162952
10182,628880731.6218224
10184,358298324.9110001
10185,876395877.2594321
10186,455635129.7886836
10187,1018303905.7141044
10188,646058836.7625391
10189,1231878215.0886989
10190,960610650.9861448
10191,1617722982.7316887
10192,1709201381.1310167
10193,830836460.6136694
10196,551002200.1148095
10197,501245704.2812481
10198,701823157.4804983
10200,339893013.8835928
10201,856338820.6570001
10202,1614893967.860203
10203,376830501.428169
10204,584009927.8486581
10205,478282143.7750479
10206,591504790.1727635
10207,556667535.6696869
10210,585233534.9526335
10211,694016445.60048
10212,713828236.031344
10214,765997133.5262231
10216,731233512.0908027
10217,776585960.7628328
10218,931366522.3491867
10220,479553487.2085791
10221,940857460.2729311
10222,339802769.4660671
10223,548744818.0321982
10225,484193593.45021844
10226,404373755.66379297
10227,1062793062.4158993
10228,861689236.7395366
10229,531841502.17199767
10230,451558476.04667884
10231,1732030038.0547183
10232,548049271.3813727
10235,1492806907.4650908
10236,625469107.2022029
10238,912563815.287364
10239,337515460.83542365
10240,1829605524.5761743
10241,525900262.7378563
10242,472489945.28625697
10243,368329911.7087422
10244,557021741.9797382
10245,328522221.9654477
10246,486526060.76872694
10247,1139393641.0017426
10248,373084171.49702907
10249,474632017.48669046
10250,702043917.6212941
10251,1016406534.6565044
10252,502687768.2804592
10253,643087972.5813535
10254,842154947.2906466
10255,513130278.44193715
10256,449500771.11956847
10257,635213593.2650682
10258,449419719.48068225
10259,812803169.5074166
10260,407018244.18769026
10261,685092516.0328828
10262,598170551.0625614
10263,1037791379.0205125
10265,459000047.73989403
10266,633589600.7773982
10267,996497081.384569
10268,380205989.767266
10269,897334612.9885042
10270,575320292.1830289
10271,465002876.3583831
10272,356063220.5576025
10273,1055942521.2944225
10274,938981378.7620548
10275,408915217.40321225
10276,465895865.02217275
10277,305474446.8590768
10278,987972372.110364
10279,378040418.378234
10280,541746916.6839691
10281,944281677.8365875
10282,735826735.5750725
10283,337773107.2304755
10284,586678762.5790933
10285,626257972.595975
10286,937556137.300928
10287,319437174.6357252
10289,1361261546.4677324
10291,832384011.8443004
10292,734903952.0985483
10293,1442665138.246568
10294,1059721674.5853772
10295,337319201.7407557
10298,701596125.2641323
10299,626997828.8386054
10300,498444928.4073478
10301,437274805.298202
10302,442187898.6526209
10303,591809116.1840593
10304,851393444.8298789
10305,294593549.1934658
10306,556618779.0773642
10307,357246267.23850536
10308,740569279.6519307
10309,1846878291.1814651
10310,536237571.6857848
10311,645950224.7022102
10312,531901331.4839354
10314,616165228.6213264
10315,1045918850.412961
10316,399543149.9848278
10317,867305943.3686604
10318,486141926.4603784
10319,644014897.7134476
10320,658328409.5064884
10322,608893446.2045357
10323,545820375.5069373
10324,412822653.5824189
10325,807198488.7884916
10326,799902077.7587166
10327,852521310.0112855
10328,1041370341.7573824
10329,736720586.6444538
10330,846023222.087614
10332,1647592736.576478
10333,1100405000.7517643
10335,1089438803.3231347
10336,620127118.1332781
10337,1018110068.9896178
10338,409866825.21760553
10339,335720944.04707927
10340,743249409.1108848
10341,896759466.0914531
10343,519123076.27234024
10344,568097515.2792723
10345,899936452.0344722
10346,519351646.2361148
10347,822085709.2904981
10348,673399650.8119591
10349,424510731.4425607
10351,416437839.4527763
10352,877829986.2197669
10353,327169222.9293268
10354,331613515.00520515
10355,451220984.4717567
10356,795958995.1129373
10357,557697252.9408629
10358,466962532.158411
10359,554312739.9906093
10360,615489929.5633683
10361,436584961.06933296
10362,371783680.2771901
10363,730329040.7279665
10364,653393897.1403186
10365,429179449.18206704
10366,716054982.0604688
10367,955223175.9333779
10368,546246198.1498128
10369,825527504.5001807
10370,590918190.1230818
10371,453834994.0470742
10372,849594294.3536873
10373,539509700.0180497
10374,681122135.8743913
10375,654051311.6611956
10376,422050504.5953033
10377,1064174332.7795589
10379,1074572746.5930452
10380,499357925.0076782
10381,419372113.4656645
10382,851544566.1945479
10383,1179173178.7218726
10384,389015396.64587957
10386,753265796.2862878
10387,388163600.8357106
10389,1480676804.2556868
10390,572903167.3133726
10391,548519695.0540141
10392,401563214.15042824
10394,489991231.88661456
10395,590189926.9828222
10396,302848602.83283526
10397,368691621.0787579
10398,607389337.7339132
10399,1485992895.0007749
10400,310345384.1315094
10401,490999070.0348035
10402,657610158.9826349
10403,839539575.4209857
10404,395167001.0668108
10405,1314692234.8984087
10406,880425560.1048566
10407,1939505188.3638062
10408,526987081.6145536
10409,461088751.304058
10410,938776642.8285065
10411,576491918.5310788
10412,3536601995.176708
10413,593812739.8522786
10414,626165069.3066264
10415,472600061.4941395
10416,837073381.2841258
10417,661241549.9624252
10418,1716145121.6305373
10419,749779692.3097854
10420,363768825.0986907
10421,733097371.0031776
10422,618190538.2918317
10423,618377178.5212002
10424,683627731.8765621
10425,1284386451.7528963
10426,362539826.1707132
10427,618199473.4782512
10428,750213711.8663162
10429,366853132.2015128
10430,551443400.3405037
10431,454350590.8020997
10432,441205186.365019
10433,595762018.927224
10434,599574692.2987354
10436,768112740.0984048
10437,332642534.3683338
10438,515402997.9915643
10439,441419171.29291755
10440,625010269.1270934
10441,1243086777.5267122
10442,405012633.33594126
10443,840967576.623435
10444,291953762.29673684
10445,577736421.8168124
10446,689238490.2623686
10447,887004845.5605168
10448,846961483.4077132
10449,492180864.96766216
10450,467004261.4186785
10451,542973722.0811832
10452,582737228.2635596
10453,555948408.080237
10454,931674572.4214292
10455,673312524.7744453
10456,648339790.4097036
10457,501722434.71326804
10458,581920079.1729875
10459,1135434104.6396341
10460,659506791.5113891
10461,554523902.0551933
10462,615746603.3163702
10463,387126759.6684715
10464,328408198.94943583
10465,744397319.5869507
10466,821498895.6696298
10467,430576551.27688426
10468,832761563.4227391
10469,740005429.2745547
10470,425894716.0728479
10471,285683306.77608544
10472,1207471828.6917353
10473,589028558.0323842
10475,697591324.1451218
10476,342056897.7657884
10478,712880585.2366028
10479,702666930.4227664
10480,1179677197.3792274
10481,375939997.3756739
10482,454246784.20150715
10483,897727000.4407748
10484,935364020.7336185
10485,1579734684.9889488
10486,728397402.1171991
10487,1239369792.1121683
10489,341428638.805242
10490,1086896380.1803234
10491,531728974.7591679
10492,979221326.728134
10493,563095290.8274603
10494,635512074.3159175
10495,442368437.814347
10496,1061078648.78332
10497,486285446.8584617
10498,358601353.45178896
10499,551032006.2499884
10500,483754643.2417662
10501,790552704.6713587
10502,624832108.5287234
10503,284850235.97822374
10504,760757267.7784594
10505,935910512.6429552
10506,528379338.66168165
10507,745542982.8851472
10508,774193570.1768887
10511,612237452.1420752
10514,412630101.28230214
10515,715412370.8244046
10516,501652995.7692277
10517,566196421.5777614
10518,818030005.8274564
10519,378444829.52472615
10520,499199131.738953
10521,1327590341.7836106
10522,520062102.7086057
10523,1077295390.379645
10524,419624887.6910438
10525,614440338.8212633
10526,513082620.4708174
10527,525824296.11897874
10529,1062106039.9855034
10530,652133400.0702671
10531,747711834.6669854
10532,366706237.5733141
10533,418832415.78995085
10534,452116667.22757167
10535,1083931066.8409607
10536,616258469.9627048
10537,403660546.0284641
10538,525156043.5903306
10539,971250919.2040246
10540,384009320.63748074
10541,824052305.3275737
10542,949457512.5101378
10544,807502313.8730061
10545,816610090.9731021
10546,464922575.92693985
10547,645073576.5042161
10548,634678340.2048261
10549,1369799594.8964097
10550,1254865174.443826
10551,820709630.9214363
10552,1304601462.2975364
10553,630609265.9367237
10554,692727437.9118125
10555,906693758.498021
10557,835691331.3745052
10558,664766706.0928888
10559,372062944.7308354
10560,1184281266.0641508
10561,1238145436.8384037
10562,369996392.38206375
10563,1408362645.614992
10564,883454962.4270008
10565,1369347995.330418
10566,1106644297.4814496
10567,939134599.4844805
10568,892022186.5360231
10569,674411281.3997803
10570,1123918298.1814446
10571,2142216179.0377536
10572,620892098.1521807
10573,461653069.56272584
10574,526078086.63133514
10575,1247978139.0394416
10576,526813031.19653773
10577,877377977.8779454
10578,1604788394.2712917
10579,345659335.966124
10580,371863839.9419219
10581,405731400.79389656
10582,648027293.7940683
10583,697006883.589725
10584,703771561.2480747
10585,572379381.9346551
10586,479961077.7035201
10587,534307231.8984929
10588,660065551.1562203
10589,533333356.3239094
10591,2013109432.3932807
10592,547689764.9032317
10593,709963955.3495859
10594,603524738.2385389
10595,398697336.80107856
10596,715528173.1808945
10597,551979503.5317714
10598,1129816817.9776864
10599,462034279.22805786
10600,798304782.336924
10601,1056887911.1425645
10602,470825310.5325754
10603,462344635.47191375
10604,646322720.5355842
10605,1050392270.6062095
10606,925764678.1904653
10607,543482334.0020044
10608,590529054.5972039
10609,872738406.5460666
10610,1565436317.7318065
10611,829165453.713799
10612,833495866.0850594
10613,1184119563.6147137
10614,942487671.1926761
10615,665902758.8481363
10616,1341367309.890455
10617,1154560149.9150426
10619,514050999.6040424
10620,392731459.3800659
10622,483325239.16895574
10623,307731625.3843509
10624,490387094.0187794
10625,751440057.9341184
10629,761197691.930342
10630,991190918.8070365
10631,427157410.34768134
10632,594369913.8502812
10633,413160851.64815855
10634,428214097.6076637
10635,615695088.9692166
10636,761431270.7601012
10637,798040881.0587456
10639,679935182.7002131
10640,388680316.1522627
10641,979686472.7673124
10642,373159238.8966651
10644,402627581.5001452
10645,617828151.1633178
10646,669259494.4663684
10647,444890203.9476962
10648,690462021.0931672
10649,435823580.1552721
10651,850302613.9752865
10652,483840069.30683744
10653,1231444136.5062566
10654,1516556156.2534015
10655,1156837272.9098887
10656,741732011.4073348
10657,661567731.2257575
10658,415617132.1671146
10659,719607827.6219628
10660,670584565.5120151
10661,860054654.1557095
10662,600889346.443843
10663,427958787.56115985
10664,973698098.9325516
10666,834909387.4353431
10667,317222028.5916225
10668,815921481.8214942
10669,1067751005.2458482
10670,498858893.06457895
10671,640998876.1672671
10672,742545854.055301
10673,1028803820.9300678
10674,411643812.83923423
10675,468660063.01001304
10676,438082070.60276604
10677,520186527.28098834
10679,1061820609.4785509
10680,546629567.7530642
10681,341536193.23958033
10682,349622227.2690113
10683,429832041.653359
10684,1031936598.6942083
10685,826605485.0584852
10686,624483844.2348518
10687,395768521.40773773
10688,617666502.8822422
10689,510874132.65886307
10690,799834831.7250018
10692,610549649.3875227
10693,670222845.5833942
10694,1274492095.5723464
10695,458131876.44132936
10696,2595998261.6875772
10697,359902918.71281034
10698,479669696.1117438
10699,791199110.7670441
10700,798539442.8882469
10701,909910273.928338
10702,311774035.5183933
10704,891278723.3864192
10705,590470728.2664199
10706,1231926665.370327
10707,917992299.0621828
10708,363872809.537351
10709,774165191.4437529
10710,1438588966.0541308
10712,454699802.8303663
10714,553085274.1596859
10715,1787570050.6694665
10716,469131445.3207663
10717,816462393.8519753
10718,471136928.6483169
10719,1131820198.390782
10720,362313608.42782533
10721,610112185.4483196
10723,1238368707.5426736
10724,506882240.7961457
10725,493141216.1186439
10726,483347465.9651517
10727,660998677.4207516
10728,841936301.0391989
10730,456756388.6600754
10731,963580896.1346335
10732,814026957.9730587
10734,539107747.9784191
10735,275588332.6051381
10736,449346660.6503483
10737,585639891.983294
10738,657703141.1153872
10739,598256815.8765318
10740,617537881.7923751
10741,587513834.8399527
10742,621613673.3726647
10743,680770600.2113652
10744,1009602178.1269735
10745,519209351.6856893
10746,622018927.1187847
10747,620041254.4947158
10748,384832299.85341996
10749,580940990.7048104
10750,451466117.5136037
10751,484961798.4706625
10752,759293378.3449335
10753,928721371.0201188
10754,581761988.5422765
10755,603355654.6176289
10756,744952314.2178552
10757,406304755.88150704
10758,755006868.2365661
10759,1237316883.4742844
10760,632499435.5282216
10762,532323351.79770744
10764,348066262.7966831
10765,493139812.5737095
10766,547967526.8509825
10767,981740338.0433059
10768,1076643443.2316666
10769,513192928.8401546
10770,865178776.0164315
10771,433475621.8906331
10772,785749891.2804867
10773,769531321.729277
10774,414812992.88756114
10775,340521017.07225406
10776,499892264.74365115
10777,440173958.1095932
10778,558627927.1028914
10779,1076251558.2566543
10780,383423258.6744071
10781,733263623.4265349
10782,521697447.7873452
10783,927709781.903131
10784,1039196436.3354024
10785,906101795.2581954
10786,569892004.1174943
10787,422653851.5391471
10789,510100386.80922246
10792,1479044181.0087209
10793,642025112.6366745
10794,665245830.5371249
10795,650044520.4346079
10796,967747137.6118891
10797,420251388.6649191
10798,769408072.0676076
10799,1286354830.9832935
10800,1497886167.8606994
10801,438201310.10617155
10802,491613842.56372434
10803,465526577.1990259
10804,438513200.1130834
10805,733044315.2790926
10806,1005694244.8089981
10807,573387999.1345384
10808,493141905.2765106
10809,582485808.8409007
10810,858790517.2822163
10811,484930055.0029029
10812,1246774504.3275943
10813,494438914.40914935
10814,853877245.1655906
10815,469203733.12897164
10816,349140487.5261831
10817,417478565.0902679
10818,463688221.25185966
10819,830663396.8159268
10820,731924739.2518291
10821,342307803.20035726
10822,360916781.2460136
10823,777159178.1463598
10824,357705792.5547328
10825,446039759.49392956
10826,870813596.6128117
10827,360394386.90566856
10828,983609033.7808285
10829,2145855324.4877872
10830,269137259.2530817
10831,311217298.25536436
10832,556262182.774505
10833,364179746.05388767
10834,262357198.27453983
10835,663484737.5124768
10836,449326884.8169957
10837,869567030.8500438
10838,1165073617.6894076
10839,532935060.14039433
10840,293804048.87158215
10841,873831239.3046172
10842,390162120.09839725
10843,350717886.27828074
10844,258489236.7158707
10845,279356980.9437478
10846,540514439.6834829
10847,897855904.8179533
10848,915738036.4245337
10849,1290613699.8110573
10850,699867593.2155889
10851,888458853.3153783
10852,1080727679.5403605
10853,2134040311.9305406
10854,774760205.4517571
10855,460544999.1012472
10856,943803958.3780714
10857,538962866.5351666
10859,982400068.7058641
10860,1168056677.0257373
10861,298681507.80661035
10862,544232343.9338475
10863,474695085.81111777
10864,467350815.39676535
10865,691195492.8560767
10866,390145330.1538621
10867,630586949.6340853
10868,401240872.387942
10870,434660042.227736
10871,374652581.3937651
10872,397239651.7825702
10873,648331876.7908871
10874,360791659.61872214
10875,429262398.84051335
10876,637568368.4854819
10877,404077334.48349684
10878,378355538.1340993
10879,413371012.47992676
10880,494866507.4644191
10881,1034413299.2888502
10882,325242369.41861844
10883,582954847.3779507
10884,691493033.6941285
10885,926178040.655536
10887,567309970.8346521
10888,696674440.1794988
10889,1017616981.9937592
10891,378328046.188957
10892,370216443.53741306
10893,637086274.1375754
10894,625200090.4158046
10895,593138278.9413888
10896,421302641.6405289
10897,530615184.26316625
10898,434059843.7722577
10899,728217861.7744735
10900,1509895615.351883
10901,776347118.611252
10902,785064380.9253254
10903,773610029.2604214
10904,387562311.695734
10905,389360030.2023626
10906,468003311.0009029
10908,2176861938.414436
10910,894792055.0622163
10911,801254537.8151197
10912,866915858.8548062
10913,993850940.6316894
10914,923689580.5123065
10915,445078435.3538194
10916,661673465.9637793
10917,494288657.34965503
10918,1301529917.788066
10919,473995215.458518
10920,431235290.79624015
10921,634942695.3850551
10922,532760249.5575316
10923,691698264.5322454
10924,900691704.6211221
10925,359045113.70257443
10926,549413262.5876946
10927,612378226.6542275
10928,301550076.3314713
10929,339997486.5517874
10930,878137224.7036971
10931,348635770.0450476
10932,416954133.31975746
10933,481304712.99166924
10934,247283774.25574479
10935,328142412.76498234
10936,569524976.0282979
10937,569504987.0232749
10938,528896163.86219937
10939,306599454.16584486
10940,370093775.3731164
10941,686813849.9182856
10942,460883546.3488717
10943,946762465.5054977
10944,1151255797.9943933
10945,343579024.95491564
10946,1025776570.1648697
10947,2108009256.791912
10948,618607073.7903126
10949,613662059.7755605
10951,381549414.0517335
10952,382294930.8889667
10953,576035823.3281069
10954,1162350937.317441
10955,519747661.0752364
10956,534619232.66291064
10957,310331669.87904054
10958,503019674.1016999
10959,409057801.6564597
10960,572362551.0465705
10961,281707276.7082786
10962,578388925.3559448
10963,1026040934.3372862
10964,411040106.9350222
10965,474861797.4473852
10966,440075506.5293767
10967,504515798.76115984
10968,724857359.484873
10969,645610200.1466244
10970,383220953.708128
10971,824355056.2799596
10972,764105365.4551027
10973,565026044.7692317
10974,1124121660.6593018
10975,742111207.155374
10976,779925692.1273487
10977,451291753.94082624
10978,737726065.2771418
10979,584568205.1817933
10980,486295277.4146744
10981,936738036.5009156
10982,670022115.6559798
10983,498659225.7290294
10984,975249349.8897065
10986,392207230.319991
10987,378605754.15262926
10988,598479684.6542226
10990,935886718.1256773
10991,1043125936.0991013
10992,612421525.5599164
10994,471386398.1141808
10995,424217082.82223475
10996,479730927.3830376
10997,764138658.0817289
10998,506207790.1600682
10999,666401819.376853
11000,494862899.70024866
11003,317285312.3291677
11004,428843488.0180853
11005,762394764.5900049
11006,771877710.0855706
11007,594935670.6272566
11008,363177558.4124172
11009,487608336.9292042
11010,469081136.159338
11011,432992478.1822933
11012,590201182.5497673
11013,407685438.11693776
11014,856284104.4325955
11015,638278824.5144103
11016,408482858.7939861
11017,1065921082.5227084
11018,550577687.9874297
11019,664654308.4811829
11020,604532830.99271
11021,937952316.4946779
11023,649629615.1391674
11024,564084665.1213666
11025,614795615.5901325
11026,344094658.1981776
11027,700937834.4954591
11028,477434626.62507844
11029,479245107.409069
11030,638622653.0285723
11031,479175798.45345527
11032,623007839.2279087
11033,433158178.9914905
11034,688840689.0186539
11035,1011465941.4180474
11037,903894063.1745956
11038,486696850.92375934
11039,385215719.5553606
11040,336338526.84936774
11041,603261263.8094649
11042,635472293.3535887
11043,932349907.2005324
11044,612982351.6773571
11045,415948162.9446474
11047,1048024332.8635063
11049,810953927.140063
11050,415851632.77538985
11051,485524518.7218914
11052,518832045.30575925
11053,331132678.0609256
11054,690155782.9921933
11055,421250732.0043156
11056,497464622.468842
11057,587568420.5353465
11058,431296896.19743824
11059,471272784.4019007
11060,913976478.4407911
11061,1156486391.2483585
11062,1827518323.4964042
11063,1300973777.4192405
11064,572922852.8794038
11065,462332179.00150317
11066,572455431.3235675
11067,1268934963.5128484
11068,838681221.9661281
11069,1594028286.475302
11070,805457553.3300177
11071,548501858.6192456
11072,579094144.8508071
11073,556038968.0215214
11074,279966964.1070383
11075,458482123.5481751
11076,605393963.8879191
11077,1456899930.3177106
11078,562712694.0516962
11080,639727527.0188016
11081,507799779.4240251
11082,396554688.5614988
11083,899857868.6849029
11084,1040511408.2618004
11085,1485589751.6045454
11086,478960290.86607975
11087,294110621.7582213
11088,729055209.1265597
11090,621827199.5626439
11092,1762355962.9664965
11093,877418747.860516
11094,412463617.72925085
11095,427140519.3810232
11096,1385135804.0139565
11097,869327753.2393917
11098,1672052522.8189144
11099,801235992.4302655
11100,355460841.340948
11101,1332039076.7217064
11102,684133292.186378
11103,1069994940.5087652
11104,854994159.3265378
11105,560409059.6081344
11106,552851975.7650447
11107,861426998.9480743
11108,625480245.7204086
11109,1402734019.5006409
11110,483536384.3837811
11111,656676536.6339823
11112,594206327.4884965
11113,1382706052.9119098
11115,810936617.7155495
11116,805915967.6506159
11117,304234709.1316546
11119,584225469.189556
11120,906189994.2316933
11121,428724093.83739275
11122,495321496.52121454
11123,1287236894.5037508
11124,714638353.8324909
11125,608094652.3506446
11126,863868251.3103205
11127,358756593.25772744
11128,579958596.0473919
11129,495269451.67725146
11130,654589092.3989171
11131,917568329.6345575
11132,1806910334.1960764
11133,997787046.0555134
11134,1996870234.646095
11135,648491718.4306382
11138,781037098.1869435
11139,1232703267.5861235
11140,1744650145.9557755
11141,746086041.1965954
11142,616495386.6629782
11143,1756501979.6998296
11144,529641942.6136655
11145,370290734.9907637
11148,607162376.8344904
11149,404565331.7292561
11150,1015462453.9863188
11151,874410230.1103984
11153,431243088.1722374
11154,980133293.2046906
11155,915906857.2916822
11156,575499530.2576926
11157,1454656106.2586937
11158,431931600.78849036
11161,555133530.0735496
11162,886409028.6937262
11163,972476679.0489559
11164,2632628355.5743895
11165,1091082303.85394
11166,768070912.171532
11167,527483201.5202177
11168,367620773.0685235
11169,516976540.0473951
11170,756666272.2393328
11171,1050429869.5073115
11172,364316869.7157983
11173,381596562.0187265
11174,628941936.1491749
11176,1381652219.7126822
11177,814978994.6963705
11178,520706768.03796333
11179,1560245707.7738426
11180,805085249.4798663
11181,730595617.2837963
11183,971960934.0721413
11184,354209029.64304143
11185,1216141771.8841777
11186,457892514.864422
11187,779844806.9191036
11188,398804978.8317765
11189,658413917.0632243
11191,798344046.264281
11192,944305121.2149786
11193,690337765.3334316
11194,798802914.1770062
11195,425447941.2452878
11196,377221729.20477206
11197,310977186.2563904
11198,909863277.1308838
11199,901373056.4129679
11200,552084192.8496251
11201,537324788.0101957
11202,1265661096.7928576
11204,884253852.8360877
11205,669736568.8403344
11206,489848908.99022686
11207,555490970.2079016
11209,1260515404.3375454
11210,503931679.646453
11211,650565632.9149297
11212,722575667.9277414
11213,747279992.1496207
11215,673089618.1519623
11216,855939599.034025
11217,1100965110.3770716
11218,812276282.9022205
11219,521608437.4825272
11220,380510714.0505231
11221,525265108.1890094
11222,380504820.6962297
11223,361332206.6430908
11225,680296409.5319386
11226,482093320.0702398
11227,507119619.4850714
11228,958711308.7925732
11229,777849126.5001957
11230,387261224.34880424
11231,476123621.3189711
11232,593042911.5002065
11234,674863728.8303529
11235,615403799.3146758
11236,677943029.2098799
11237,612759824.9308014
11238,597414821.9126866
11239,750802019.9108756
11240,840446126.9835674
11241,519803315.9291525
11242,1431179401.7190847
11243,739237782.2310724
11244,835401422.6942633
11245,635054233.9022298
11246,759965731.719532
11248,769791782.7610523
11250,339904049.58151263
11251,707746911.4614099
11252,347559698.8757568
11253,788596017.2950747
11254,505448067.906798
11255,337855628.64760077
11256,549383594.6378185
11257,419858985.35367906
11258,397878584.7770632
11259,307998384.7439901
11260,529027043.4842032
11261,896404449.1588424
11262,529097045.92027557
11263,593669669.8034661
11264,880886299.8955293
11265,613771454.2232616
11266,281885526.21575636
11267,564306186.7550719
11268,756355234.0271384
11269,713680006.196259
11270,1318295953.2316985
11271,1152509164.4951897
11272,703454823.3208063
11273,574839367.4163461
11274,558968620.986704
11275,391388674.5210641
11276,468345476.65258694
11277,255428561.75831568
11278,432872051.64310247
11281,1042740016.1905962
11282,425810829.04990304
11283,676418393.2425963
11284,1121539776.7705245
11285,468956717.6393665
11286,1072722389.0669055
11287,688325994.0388726
11288,953024275.1703026
11289,367526352.8690424
11290,580990942.4082178
11291,605482704.5705796
11292,515741149.60023224
11293,459248395.17463106
11294,685407216.4420085
11295,897551223.6226213
11296,377818735.4488428
11297,685625796.9277945
11298,427319651.8076692
11299,774987117.1394274
11300,648647508.7772521
11301,410773914.2321737
11302,389185022.0518957
11303,808003081.6332349
11305,437884251.1962848
11307,757224470.0851579
11308,556312683.8364793
11309,960167266.2299935
11310,743685947.7888632
11312,423836507.7213115
11313,353087814.5891649
11314,634554041.8765324
11316,566038828.5050182
11317,503258163.5866589
11318,800504083.0526705
11320,552066573.7959164
11321,545171200.925579
11322,1548637062.3388793
11324,404278556.4537755
11326,704131359.9573799
11329,580830810.9975535
11330,580221841.2115602
11331,818471273.4290911
11332,638055509.0425079
11333,862029241.2500687
11334,448478932.23786426
11335,632341553.1861054
11336,745433632.0884715
11337,704282688.351061
11338,764992004.1069123
11339,917997758.551003
11340,852043837.2122486
11341,914650114.5125495
11342,547848022.4662002
11343,549162534.2791265
11344,441026957.3000449
11345,783313639.5485299
11346,571689206.6401553
11347,312960014.79468256
11348,460666772.1475731
11349,782280758.7962432
11350,308407278.7399704
11351,1035456347.02774
11352,428510289.8472398
11353,441807568.4013559
11354,617809798.2624354
11355,554814668.1624767
11356,483164266.3635629
11357,504570322.070472
11358,357305356.01013434
11360,1045345619.7713394
11361,403643666.3388126
11362,802824901.0577347
11363,751409958.59534
11364,856061855.7491815
11365,641291826.3468715
11366,554459053.087126
11367,402910039.2335806
11368,732510002.1206086
11369,797287632.6120201
11370,770471955.4693006
11371,378521118.14203596
11372,768837225.7850382
11373,556381327.0740811
11374,634776143.4031237
11375,351297085.39205194
11377,270255869.91684127
11378,1288543746.9322584
11379,613472437.4056478
11381,573196726.8096179
11383,653391234.9456904
11384,490335856.34225434
11385,499299627.0656654
11386,655213902.9462758
11387,892318376.6420658
11388,410442140.69242215
11391,678857732.4493474
11393,247310098.25683275
11395,677601717.5509374
11396,540707652.1273271
11398,955286023.5310593
11399,618214050.7266055
11400,441013967.97611356
11401,507575967.9005041
11402,573811417.3022033
11403,413642667.6815911
11404,421220381.4670247
11405,862600681.6071095
11407,603456009.8846623
11408,1342849351.0800896
11409,507519727.313
11410,806410813.1352437
11411,315315641.28688806
11412,525142806.1717735
11413,571367193.6690495
11414,576037216.6371052
11415,406128097.65411097
11417,796858255.7284786
11418,633628822.7598165
11419,489380412.8953433
11420,407101515.96901417
11421,650190195.5649003
11422,452053952.34273446
11423,439113573.3429962
11426,792113340.8040998
11428,279016663.39320284
11429,779104815.6441317
11430,836972995.6280065
11431,420722650.74585
11433,466104675.59087175
11435,786239959.3572989
11436,548197440.2382386
11437,482017655.8195423
11438,504937886.11011183
11439,561046668.0486373
11440,1066626960.1957037
11441,620908194.7982879
11442,629348719.1843234
11443,1219585471.865213
11444,355285068.3462902
11445,457954453.14961255
11446,449160425.1555258
11447,804084454.7938682
11448,1102339919.7732215
11449,469227714.12934166
11450,402168719.1968063
11451,459801691.86551225
11452,599248762.3128662
11453,450595233.45653147
11454,684085358.3064593
11455,573876791.6636094
11456,647751515.8529819
11457,701554378.9063418
11458,921148333.214603
11459,783367197.7808654
11460,689379984.2315658
11461,769803704.7527196
11463,534518711.59659207
11464,410122053.4636397
11465,354191165.95047736
11466,789774859.4102117
11467,499222490.5764276
11468,549681187.1441115
11469,476131573.257558
11470,1538442963.885816
11471,1114633199.2952907
11472,507199083.0843754
11473,917438249.8766636
11474,592261632.9520849
11475,267611522.93374506
11476,602938967.3892266
11478,470977235.0696085
11479,432760642.4199715
11480,380605849.09865904
11481,619323379.788165
11484,620642729.3458672
11485,995937767.7919149
11486,718068928.6728507
11487,426944659.1238435
11489,730032911.0312984
11490,544268381.1467409
11491,490000234.3737369
11493,958597706.9778636
11494,345417161.48068386
11495,812087035.5501522
11496,1207984208.3763444
11497,428615883.8710943
11498,819334608.6782314
11500,503172010.2507955
11501,648949390.5275743
11502,459279954.2229244
11503,373959519.1062168
11505,926668109.6407578
11506,596330970.0067681
11507,661091853.0499249
11508,706966601.4249951
11509,993389231.1358932
11510,591622542.921527
11511,1063612071.5679278
11512,679919430.4878162
11513,486144160.5403514
11514,878596255.3222224
11515,721549180.988697
11516,526872302.42564195
11517,544912952.6421311
11518,617422711.8699262
11519,949759149.039557
11520,679294351.1902766
11521,456031877.95480263
11522,429962718.2169048
11523,659795050.9913123
11524,313797177.1119383
11525,349813539.1338773
11526,364079336.19524926
11529,381639495.095981
11530,520395441.51506674
11531,790246816.9175498
11532,1358673891.823482
11533,742006736.6505347
11534,889536328.8015647
11535,881983737.3291361
11536,567180818.0412946
11537,539031278.0752627
11538,547801182.2567371
11539,385668831.25573957
11540,437609669.6723778
11541,465779566.27687895
11543,949303076.6293426
11544,730854798.2463073
11545,545538481.8813099
11546,1500678246.214479
11547,850899674.2868958
11548,364684536.36302435
11549,1482450903.1577318
11550,501604538.36960614
11551,950991850.1554195
11552,505920655.8059166
11553,349686203.7208095
11554,1215128300.4103053
11555,1042226487.8837876
11557,951928500.0519665
11558,1271621229.0180347
11560,1493133743.6440303
11561,1205112801.1080856
11562,518149560.6788142
11563,604938701.7005763
11564,303220888.72006303
11566,363990349.49160767
11567,889540236.5643682
11568,358294524.32218087
11569,1424227502.456304
11570,488975960.2177735
11571,431360534.2863965
11572,493798960.24522215
11573,466476355.5324801
11574,382006089.0833075
11575,774913026.1009479
11576,517660480.18060964
11577,461037995.23744386
11578,855779104.4247444
11579,735534975.1435924
11580,511335783.9436777
11581,766580480.2086389
11582,565941362.4632794
11583,338321266.21490365
11585,516770697.8380381
11586,347485864.7322798
11587,519463637.80485874
11588,1666837015.7564492
11589,1034920569.7591429
11590,738806192.0880665
11592,689508390.0977393
11593,800717207.0217701
11594,1454240413.4973605
11595,683983140.9423279
11596,607598560.8412827
11597,934722136.0440997
11598,918764056.0133111
11599,353251539.198152
11600,556235492.898601
11601,443543227.70224524
11602,690206637.4664392
11603,871149131.4087356
11604,596409765.9544848
11605,532893756.4399363
11606,917504654.4618307
11607,500528589.9547873
11608,1085332946.0935907
11609,326402486.1787239
11610,527822852.88450694
11611,564111117.4278914
11612,638092644.102987
11613,320716908.5494348
11615,375376165.3029388
11616,639979155.4395424
11617,371952066.45096695
11618,472105050.3636311
11619,710545182.1986513
11620,1130929660.9159417
11621,1390039312.5732243
11622,581362640.95967
11623,581677474.5993353
11624,587760366.3626301
11625,479205733.7649695
11626,1068978137.3095495
11627,897545460.105734
11628,1153155120.1825154
11629,824360813.091563
11630,529309073.8838843
11631,640532439.213059
11632,657971870.4903097
11633,855003974.2252859
11634,473254571.18538636
11635,511840428.46925306
11636,1230971965.3239546
11637,488755794.4574514
11638,658537770.8563541
11640,1801578769.6440089
11641,517473221.8588676
11642,536386698.21499765
11643,305925493.2398923
11644,1021323376.6851481
11645,404188481.60589075
11647,623717086.2400444
11648,599978786.1311067
11649,474367909.0022462
11650,540913869.0865076
11651,456470199.0739384
11652,564211275.5078661
11653,1044346612.8495791
11654,489321807.78619933
11655,524930551.11926097
11656,428160253.44775814
11657,362885679.48899716
11658,483793306.772644
11659,396674865.02377814
11661,514280882.8909332
11662,765903988.5515305
11663,428115352.5642436
11664,298429645.68937904
11665,466221229.0885686
11666,477003150.31458163
11667,1155279232.259583
11668,407043997.26274174
11669,562102389.8027295
11670,559491384.3500332
11671,580246431.7266648
11672,325971053.04061013
11673,641049333.6325761
11674,553660074.0934768
11675,453040528.52418435
11676,851373854.7499483
11677,541218600.1077865
11678,931736428.8749961
11679,561661646.6277937
11680,581578434.502316
11681,629519871.0585047
11682,601205105.5133405
11683,724862822.2044019
11684,831894052.8997942
11685,425676962.98969257
11686,306938477.22687006
11687,463867826.42539996
11689,503152446.4230164
11691,928884933.600758
11692,377878474.4636473
11693,661297487.7422798
11694,844479263.1160033
11695,497838075.6079454
11696,568425121.2294189
11697,414722739.678968
11698,1257709640.1316164
11699,633572214.9308631
11700,1158468972.7895265
11701,435082672.68817884
11702,414211987.44151205
11703,476970246.74469304
11704,912125411.9384509
11705,568042739.0768814
11706,449420308.850693
11707,347869962.4462007
11708,286080369.38527167
11709,639283923.4176197
11711,931875234.5348103
11712,1190542977.824122
11713,493244768.32650506
11714,466869792.1249785
11716,453088950.8604981
11717,482758531.505122
11718,668333512.740461
11719,428044040.84649074
11720,856786018.3653065
11721,562323328.0646018
11722,533250816.0976115
11723,404949913.13096833
11724,523515537.00383216
11725,424052502.07572776
11726,1223261761.511272
11727,740094769.5852995
11728,501118155.95866877
11729,653406928.2899573
11730,841261559.5634699
11731,788666656.8013343
11732,313532681.1871445
11733,746115436.0703287
11734,554103111.1004548
11735,497089177.17434037
11736,516452643.44252
11737,374873632.39666915
11738,1017670497.8899988
11739,538481060.0354264
11740,686170300.7368869
11741,710207713.0687927
11743,538614286.2307061
11744,392325839.2492884
11745,449816442.9759754
11746,555709282.858889
11747,467690612.4732923
11748,539527722.5457706
11749,401974084.2349527
11750,461259381.6905614
11751,465046396.4490743
11752,371448573.8688428
11753,416807758.6750491
11754,430690021.49462473
11755,979365955.6749891
11756,489102537.4864551
11758,1635684534.9189718
11759,575959519.0543853
11760,1049123766.8232704
11761,465920334.21349394
11762,695274415.132338
11763,921616048.0343324
11764,494198349.2976181
11765,516165029.2357113
11766,533679461.1643826
11767,418251220.7662829
11768,557163142.5597696
11769,415563885.4148855
11770,543287511.5133871
11771,607375282.1908313
11773,554612662.8388485
11774,310524205.6522649
11775,1000024253.4797658
11776,340640488.85090494
11777,661937807.9720404
11779,386020182.446586
11780,308914023.0638116
11781,1343660531.9622104
11782,404247246.9249188
11783,311466150.1112369
11784,630903607.4057808
11785,283362981.5599605
11786,512357974.0206271
11787,349749296.5583863
11788,386106585.2614187
11789,464728438.90914786
11791,799698262.5784968
11792,348964672.02187526
11793,608613469.6993444
11794,855547924.3052311
11795,579153589.8156662
11796,635901232.4978307
11797,694790526.1593925
11798,524222096.8923138
11799,600583262.0212193
11800,270805047.1719844
11801,550699425.8089612
11802,632693996.3762273
11803,834199154.3170516
11804,435153136.6645945
11805,1148761182.6703432
11807,537957445.8753302
11808,653668664.0789543
11811,477552558.6227703
11812,584396985.9819344
11813,404912144.23047125
11814,532234052.10819256
11815,769003277.428023
11817,704446120.0642622
11818,423540311.4487223
11819,959444641.7945409
11820,631792445.8476049
11821,872955484.3521988
11822,713573383.2366555
11824,661315678.5391887
11825,425878689.1749014
11826,1554397750.3685458
11827,292380123.1018826
11828,382150246.55418926
11830,825085094.3281642
11831,1822476120.1905792
11832,1309973677.9069045
11833,476467916.41836303
11834,270401958.6570303
11835,569227333.7488568
11837,781782993.5042835
11838,1503841349.9678528
11839,648887347.1929288
11840,684628566.2360325
11841,694276016.7198926
11842,1371712620.8947155
11843,410967177.219267
11844,520103185.18943965
11845,400291719.0841931
11846,594245338.1440747
11847,673505214.0778223
11848,724739413.7577829
11849,637460711.7169683
11850,579041016.9180264
11851,580775646.3691573
11852,795393287.6963692
11853,743004272.1738733
11854,581772714.2999489
11855,507722161.84359694
11856,452042570.1726351
11857,979715209.8138252
11858,520700633.7491543
11859,620161112.6388562
11860,550866169.9835994
11861,943877969.0663724
11862,1179699498.8515491
11863,652168389.2222197
11864,569866542.0148553
11865,558703901.1652987
11866,736027816.062847
11867,567324971.8508037
11868,599826316.5643096
11870,810089706.2531025
11871,476286176.16733456
11872,648897725.2386647
11874,505736919.1452389
11875,561568145.8995509
11876,841340264.7210591
11877,429980705.0676078
11878,758979097.5526973
11879,468876342.72638446
11880,416588603.80070686
11881,689363806.4361746
11882,1423513747.4573069
11883,483460050.64375865
11884,957116839.9827372
11885,930297918.1427956
11888,1409679353.1875167
11890,635768802.3675829
11891,521231014.91928464
11892,482691663.7424146
11893,309119674.6718212
11894,1112817239.7551541
11895,348137888.12968767
11896,609454645.958469
11897,465957810.9090334
11898,395901990.4903136
11900,828857655.9898105
11901,554342803.8281322
11902,637411735.78071
11903,677683473.9961343
11904,497196928.69173783
11905,648861412.3196723
11906,753126064.9825214
11907,461898599.07094216
11908,693731063.5229244
11909,353476652.7889426
11911,662304088.880697
11912,602233659.4409133
11913,419368114.877329
11914,414088966.2403759
11915,525662716.01448107
11916,913497696.7314248
11917,475619004.48899305
11918,454136245.38310194
11919,435471328.0634478
11920,1039681062.5823268
11921,411127237.28526026
11922,428552211.53703165
11923,510724595.9814782
11925,492467332.0028709
11926,446655699.2772254
11927,703723051.4962115
11928,277427146.6188065
11929,542585516.3876832
11930,1348583104.9131408
11931,1098519209.0673032
11932,412700777.6862256
11933,499533064.7652292
11934,468218424.08533466
11935,459416517.21577203
11936,577559781.1225934
11937,417473613.09217656
11938,1652000479.4023178
11939,419341839.8187464
11940,798994745.659803
11941,380755476.95151347
11943,385671524.39350575
11944,640339063.730129
11945,607990214.9947685
11948,649164382.4292986
11949,888915078.426645
11950,500343834.9245554
11951,630372905.4779738
11952,442037046.8557399
11953,617445150.7499713
11954,633216382.2644898
11955,577208993.1039891
11956,770884018.0936692
11957,494183045.9799617
11958,498426665.56950027
11959,573336061.123189
11961,375595875.52843535
11962,926755053.6021612
11963,527525955.1852565
11965,1046858191.3739024
11966,933435135.0832615
11967,402562021.31083715
11968,510535235.2340721
11969,316845581.5617048
11970,562734314.6147503
11971,439653875.1447709
11972,541628206.1824824
11973,653759039.8736341
11974,530354810.35665905
11975,1030811917.6748772
11976,1070457980.2995944
11977,710971276.7369114
11978,430958520.24456894
11979,570229936.762657
11980,436106782.2916676
11982,620982309.0967585
11983,455843363.5524805
11984,1055192642.012573
11985,367598710.6659329
11986,578974259.2980615
11987,380907859.03445476
11988,411689977.1715978
11989,726213875.9494182
11990,718106747.2519215
11992,698120891.9712853
11993,453895177.4736021
11994,484643132.3836986
11995,501413214.60834575
11996,621036545.3213484
11997,446434953.50192165
11998,502031190.79695266
12000,608189759.2942494
12001,483026213.0162093
12002,874200256.4327776
12003,806390843.0810866
12004,660348704.5655893
12005,541771214.5529175
12006,1179866995.0168736
12007,1014284035.7439895
12008,574294150.9165337
12009,336415061.925109
12010,858258561.5368357
12011,834864335.2593696
12012,621170267.6761947
12014,1079249157.9416819
12015,424803815.65477073
12016,435041029.68401694
12017,552142535.157426
12019,782579884.3178045
12021,1715272811.0024052
12022,927636081.2879355
12023,495195447.388168
12024,1448271035.0534353
12026,445551503.76706934
12027,519709289.52643365
12028,348831508.2656496
12029,526636023.30143356
12030,580493923.2442223
12031,635582970.7120047
12032,772249896.0638686
12034,1087309263.3939166
12035,677088009.7933514
12036,719139419.1671705
12037,393964838.75435346
12038,713804357.6567136
12039,1162734105.4867294
12040,1013990393.425668
12041,351753606.1590006
12042,1560415198.1870055
12043,823281254.8780661
12044,412471672.3123246
12045,361397447.59682256
12046,716135217.8582692
12047,873891950.7448499
12049,712834813.6925652
12050,749816898.567226
12051,619011000.4862789
12052,1024263937.6708317
12053,586582020.2597961
12054,415039951.3131169
12055,512699398.3152222
12056,900157175.1575099
12057,438594232.3183201
12058,598449117.0743568
12059,668586813.1259164
12060,542132819.5746107
12061,475533182.94523144
12062,448765253.9211503
12063,604718663.2493972
12064,654284186.9102415
12065,735285924.0742017
12066,594806497.3657513
12067,472560226.2716486
12068,364558760.5227964
12069,1223879932.4843988
12070,703336808.2302691
12072,635114295.2265323
12073,664024912.9046996
12074,644029818.388771
12075,632264018.369693
12077,883799503.3697982
12078,384042916.7360744
12079,353618945.77810645
12080,614312164.6421053
12081,490165553.3138673
12082,672485064.5519164
12083,427000439.12391907
12084,502382738.63141245
12085,530749521.5266749
12086,1251235435.0281258
12087,812657002.532022
12088,821028885.5255315
12089,565989220.9431218
12090,673950503.8248637
12091,710231849.6649032
12092,632925047.6755244
12093,713491157.1119581
12094,575787904.1366413
12095,539869278.7235277
12096,321753227.90616894
12097,462992461.60239327
12098,803656480.7668288
12099,476584503.1265687
12100,562854870.7247669
12101,632889387.1451678
12102,435684400.36444175
12103,532796571.3205955
12104,652013248.5324588
12105,670657018.6852658
12106,494067222.38118887
12107,1094395159.3337152
12108,771792403.4418039
12109,693392378.0459098
12110,794932412.9620055
12111,1346767614.1114123
12112,883296240.2744612
12113,735152650.9451941
12114,1133746917.7056189
12115,774739275.4087862
12116,747732648.4664168
12117,778839810.315695
12118,430424711.09284514
12119,1648059864.232401
12120,453426046.09366393
12121,832605406.8540773
12122,598328805.7227119
12123,331514056.3096017
12124,743709192.8389271
12125,460953026.9072034
12126,800174770.5717645
12127,662273221.0405655
12128,779741564.9605225
12129,758897712.4500359
12130,741685751.9524298
12131,531488228.09173095
12132,496932495.7191465
12133,446449030.58278894
12134,619549684.273086
12135,568375001.6377418
12136,401769846.21963596
12137,579851829.8685591
12138,453372217.74389964
12139,426844239.5093015
12140,626749249.1999384
12141,746227649.0829747
12142,632360205.2349068
12143,1797191203.6549814
12144,924171195.1070539
12145,1011805558.6047934
12146,1394468106.4402006
12147,1045915804.9454839
12148,905776584.0545123
12149,1127036088.0500987
12150,714966623.4670792
12151,630887081.0456421
12152,698199624.4581
12154,692918823.3197367
12155,460694291.88061786
12156,648136832.9442102
12157,499751371.3060449
12158,393660800.9622088
12159,552900019.6141071
12161,697015245.6805564
12163,1420388500.2482886
12164,566571045.7452192
12166,793084324.9096414
12167,575890199.2499883
12168,1070972170.2491566
12169,811460044.5384461
12170,775821171.4452609
12171,702749706.9967299
12172,819094599.3432246
12174,898062896.8175954
12175,1230551719.4634995
12176,543013697.0820112
12177,976496177.821395
12178,440317271.34700197
12179,756222572.2051572
12181,348158718.5228649
12182,627491918.6337742
12183,909257857.111139
12184,600534652.1896968
12185,652359954.4253403
12186,542007206.1716002
12187,1040234302.1383297
12188,652674798.2326183
12189,886415644.2957433
12190,859841675.0396878
12191,371357989.28352267
12192,519828025.6279143
12194,543736036.1090505
12195,789747265.1499574
12196,765572852.4164482
12197,465036886.35317254
12198,431648726.8121312
12199,1268229291.0134754
12201,1939829193.2438896
12202,943770674.3343695
12203,936811602.8696367
12204,648301044.9475019
12205,408949914.53473496
12206,345063948.40484995
12207,613980002.898974
12208,720734742.733457
12209,452602506.9146571
12210,621824065.1448883
12211,313491039.38357306
12212,514485107.98031384
12213,580921678.7468212
12214,611818311.0002007
12215,409641013.21725774
12216,653379578.5917094
12217,741577158.3108813
12218,513245812.5922369
12221,485843283.74539924
12222,1024245862.9245464
12223,809562509.1429448
12225,357887098.1803516
12226,1739458503.0692594
12227,1318275964.3211029
12228,713702152.1628406
12229,493721386.2102536
12230,643046213.6972308
12231,471211837.34129167
12232,525803663.6422872
12233,502594548.06588495
12234,471882626.2992872
12235,553901479.6136928
12236,418372691.4034335
12237,509867643.8161678
12239,743985529.7462554
12240,337435040.8781586
12241,265193395.3972006
12242,628851225.2510444
12243,662319803.4262216
12244,635162518.2372397
12245,334102516.80255365
12248,547394176.5862365
12249,796809831.6885113
12250,450260415.5693911
12251,749741215.0591568
12252,460121030.25691664
12253,680727741.1243336
12254,395549204.49866056
12255,535059067.8353044
12256,681472874.0674503
12257,481394977.4052812
12258,953932671.8624389
12259,731015253.1729386
12261,548330045.1625645
12262,654689226.3062541
12264,621520487.4087348
12265,902413995.006469
12266,617082031.8365774
12267,503603047.898042
12268,481387389.5168943
12269,1141154639.7165637
12271,422061730.64310104
12272,974805220.5741608
12276,400442812.1813453
12277,859552625.3135687
12278,1001396434.848125
12279,527936243.44720054
12280,540327247.8313069
12281,1001366836.0410733
12282,713534632.5083773
12283,560647043.3136672
12285,1418615695.0606573
12286,1660831146.0739424
12287,817878147.7609626
12288,993066260.1393713
12289,725316529.6501725
12290,555594548.1445019
12291,1338638323.1791148
12292,1251020557.131177
12293,501695542.171956
12294,745615014.9139597
12295,626193343.2053376
12296,585157216.738766
12297,827347033.9755511
12298,1146632314.6324723
12299,393750575.7672005
12300,1049789301.5429609
12301,1295915046.2423337
12302,573592131.9937251
12303,628476733.1034665
12304,844791883.7366096
12305,234597619.75682172
12306,663596137.1732334
12307,406932270.08076537
12308,562008646.2370943
12309,263444782.85390592
12310,357865978.62831175
12311,912878196.0672467
12312,416624994.7357566
12313,554331953.713884
12314,660659057.2624389
12315,897754838.0307541
12316,503925949.728165
12317,787058460.880552
12318,1061208820.7451103
12319,1026227463.9130065
12320,409101503.63925433
12321,445703365.5294159
12322,831647909.7667104
12323,591527165.2634695
12324,378896853.1118017
12326,813258046.7218454
12327,438148153.3484036
12328,729660024.3899834
12329,410305085.40308726
12330,366523175.54039234
12331,711824321.7317653
12332,883397108.7747396
12333,656553852.7917304
12334,464749789.7644491
12335,391522221.80652916
12336,499655872.1163011
12337,324060526.0214067
12338,393330027.7930332
12339,542764676.2007024
12340,604823340.1026161
12341,521173457.3513056
12342,766504927.3084154
12343,731975113.8373636
12344,526015831.18566597
12345,532042450.71096355
12346,858305163.2751557
12347,664438574.8094299
12348,411643063.2568868
12349,585335303.8645079
12350,459488673.99293894
12352,460362401.5666966
12353,413947260.39628947
12354,662564154.8404002
12355,820364966.5441213
12356,545799711.7545593
12357,481488228.4780063
12358,651527471.4895806
12359,579436871.2716717
12360,456162012.4482535
12361,576539715.6773793
12363,855387785.8947614
12364,1029479208.2618182
12365,306951234.9645065
12366,784854441.1747047
12367,609086989.478751
12368,407647880.5946832
12369,873372511.6174884
12372,545366597.7598312
12373,622389052.3373837
12374,640180628.9824386
12375,450801973.6026299
12376,796233417.6828109
12377,911349411.3642044
12378,529786560.5309377
12379,659794627.8627279
12380,490381502.35080963
12381,710454028.196326
12382,300493334.47633165
12384,434501834.2128863
12385,637699587.6616788
12386,766646781.3513951
12387,565748240.4573408
12388,976850325.5697825
12389,1129540916.4291503
12390,384139673.73647887
12391,641186781.9416091
12392,530117378.19955975
12394,689560439.359069
12395,738567441.1689512
12397,534077472.7641425
12398,789219034.8698884
12399,770875587.8354535
12400,860941001.9408365
12401,721414364.7788979
12402,646402738.291066
12404,758844141.3937422
12405,334513225.3890369
12406,434460150.9237756
12407,701030072.3439618
12408,503304135.3275354
12409,411311406.87832963
12410,890405835.0953274
12411,560690296.5079161
12412,794936682.0927912
12413,1308932600.9002466
12414,1331414499.4525042
12415,330244611.3885612
12416,411136934.56476164
12417,557777582.6628122
12418,953486209.0852146
12419,619627494.9509816
12422,864839582.4173436
12423,384283363.3632883
12424,602844332.2449931
12425,478128368.23438495
12426,488186985.5333324
12427,922834688.3145612
12428,497552003.63718724
12429,530563954.6168563
12430,745204352.510052
12431,406547969.77321476
12432,437728567.98503846
12433,1283895645.6837525
12434,470524015.51389945
12435,769308121.5924147
12436,330607109.46176404
12440,238481457.14578944
12441,491137995.2917712
12442,563842655.1290431
12443,327541793.7534714
12445,524187750.8536958
12446,1153900716.377138
12447,531295638.8538233
12448,827659906.8747975
12449,752995990.8843889
12450,762810422.7343527
12454,955005107.4798486
12455,705200417.1117004
12456,492746253.1472038
12457,738775506.4978772
12458,670778197.7908864
12459,495179304.65132487
12460,523311801.37812227
12461,624016783.1179727
12462,470865122.9590283
12463,565347294.3810699
12465,743053765.3543749
12466,472822003.1456258
12467,909898946.1643387
12468,676015974.8993337
12469,352197088.3868605
12470,595706387.5721145
12471,340561599.9995786
12472,429789409.6828759
12473,794539771.911184
12474,616756179.7857767
12475,559146639.0448309
12476,682331718.2735345
12477,393172917.23359925
12478,399877832.8884759
12479,615031253.9094357
12481,489642335.031828
12482,711998081.4920226
12483,817127983.047297
12484,586911594.2303796
12485,364463872.636035
12486,965181773.3972496
12488,425719646.3620734
12489,510810067.02698743
12490,552597659.0386426
12492,457946111.33846545
12493,543264722.020333
12494,347066867.8133257
12495,469964321.87856305
12496,653787060.9709469
12497,401727335.3406026
12498,636176187.293316
12499,356301619.7554719
12500,1436754899.2815773
12501,1454984790.7332528
12502,717463537.6230484
12503,640243786.7634399
12504,914783162.3445718
12505,364273065.2558049
12506,590651347.7671682
12507,482614109.7032298
12508,792979841.8100307
12509,355505650.4593796
12510,269750911.78447753
12513,744351794.2593932
12514,471410664.46423405
12515,395642156.51458204
12516,881199016.6682203
12517,427343640.96466494
12518,366675189.74039286
12520,503666299.55235976
12521,847876327.4685732
12523,602436357.2988788
12524,525606167.384575
12525,326858142.0144055
12526,410438803.3299913
12527,545805445.0247988
12528,638383906.8323059
12529,1089197462.9488425
12530,462059337.82678473
12531,735816854.5599295
12532,519071967.42731345
12533,522749339.9350862
12534,1260523208.766098
12535,578062870.3953614
12536,969790288.8675541
12537,626397868.4566847
12538,515062318.6428136
12539,562008316.3045591
12540,637462026.6575454
12541,754304688.1295371
12542,363513425.19089776
12543,681889669.2492313
12544,639060063.2016138
12545,531218867.91742986
12546,1004156933.4803047
12547,965856570.7942429
12548,339840097.6155779
12549,737421004.7680107
12550,563450929.1528839
12551,557088025.7473832
12552,709140464.4460993
12553,557137758.6457164
12554,647719106.7421991
12555,454278150.8808545
12556,700992462.5181683
12557,440926356.7800505
12558,467639404.5535996
12560,924174392.6660231
12562,826602935.1044807
12563,562639047.8717
12564,410887479.3630101
12565,658554274.1991817
12566,867738597.7435535
12567,530628548.88920766
12568,675723648.2004349
12569,625654484.0423208
12570,506401318.7751522
12572,700616274.1828912
12573,285744047.3602516
12574,533371796.05565596
12575,644517725.9144917
12576,469074522.5097361
12578,463307927.0819989
12579,468501906.936592
12580,477786699.5536324
12581,738116047.8712775
12582,1035917136.5242047
12583,285860670.4224895
12584,701547021.3172295
12585,530848490.47190297
12586,380267725.4949201
12588,613493725.3476796
12589,860623843.7548178
12594,392203026.65701324
12595,401209452.9747957
12596,451231074.2324701
12597,499264597.7801019
12598,558126103.901951
12599,450032530.9799368
12600,365484854.8731112
12601,494081069.9844764
12602,395814762.5277933
12603,496964961.1236746
12604,401947245.0158457
12605,566455778.801791
12606,875182750.271735
12607,480039996.0001543
12608,642822453.7873671
12609,482632872.0152577
12610,491037242.54112023
12611,539478281.0802606
12612,558579618.8895094
12613,501750446.09518474
12614,443573317.0007878
12615,551646793.4028827
12616,748457889.7340924
12617,774988064.7508252
12618,542525554.2163321
12619,1683517367.8490412
12620,504502151.09270245
12621,431170884.908849
12622,579696972.8115752
12623,609956448.4202628
12624,647266810.7960877
12625,328005422.8075442
12626,314907487.9303534
12627,722093417.8379649
12628,912696614.8732556
12629,510949094.13322705
12630,307837058.4263188
12631,369036759.68926585
12632,419448267.79875064
12633,558871927.0206645
12635,362303036.4220937
12636,598350265.6927104
12637,1056273397.9756508
12638,407771920.4530289
12639,418799222.50381184
12640,931824983.6634009
12641,747954595.4766144
12642,319356454.40011114
12643,1049080548.8634341
12645,625644395.2538157
12646,389705733.411102
12647,518309672.1274693
12648,481283082.2649199
12650,1353949284.6144097
12651,839080544.701135
12652,478617914.3255919
12653,340354371.3326731
12654,800161428.8222742
12655,1862068734.6290126
12656,908889397.0556494
12657,562107761.6470304
12658,507472456.4702585
12659,346988942.23266625
12660,359772868.9246125
12661,683146252.7992365
12662,388500888.1067974
12665,1262809395.7912245
12667,626144877.6809417
12668,343391017.5991481
12670,224096540.36093664
12671,507300907.95400625
12672,1019885201.4110534
12673,758337658.4075732
12674,428180910.9584432
12675,705017311.3175702
12676,454300128.96636397
12677,891198717.1586745
12679,583199889.105354
12680,614766897.0180385
12681,1303623120.2031693
12682,522317345.90176916
12683,1223432231.5911534
12684,710821907.4609741
12686,408399316.91381437
12687,316516589.2498366
12688,702384758.97374
12689,606833023.4074873
12690,705586641.0974108
12691,423033059.8196373
12692,365630376.5517579
12693,527938194.90123326
12694,1005029856.5297785
12695,1015461493.5579711
12696,556423973.8254985
12697,766505765.5430232
12698,508181752.06984407
12700,473848987.8781784
12701,526341587.93746746
12702,619387248.8398042
12703,363379519.43068343
12705,671998038.2291745
12706,602663108.3482943
12707,1179337124.7032094
12708,595803717.0382428
12709,584670799.1563519
12710,628066475.8223745
12713,737528262.6369774
12714,1031359353.813388
12715,891198470.1181555
12716,1677321051.132601
12717,1019843448.5998806
12718,503503467.71060216
12719,649442756.8204648
12720,612031896.7463665
12721,693463619.9750578
12722,560783477.672117
12723,761718216.2349995
12724,481766820.5253532
12725,1266197496.868705
12726,619938728.3128097
12727,496700022.48994195
12728,756038444.1755955
12729,864221833.0447564
12730,555526933.111953
12732,1699351931.1276224
12733,855896024.8983102
12735,772190672.307762
12736,528263264.2232553
12737,327992306.7060036
12738,1017753834.6142313
12739,664014432.029115
12740,701836422.7927507
12742,496340456.5859528
12743,406955082.8093622
12745,437000968.6529929
12746,244294701.405719
12747,449427115.72544247
12748,413330656.8144816
12749,968828224.5118687
12750,367456004.8482109
12751,537402077.141139
12753,1106661303.2918096
12754,810296294.5690558
12755,402539866.136166
12756,327252202.94074404
12757,490161251.9381388
12758,713212906.2676224
12759,931372912.033485
12760,675283425.5258657
12761,694436563.3219146
12763,600729953.0581838
12764,618596749.0691417
12765,919564250.7751532
12766,418688733.7257865
12767,603382002.1440132
12768,761270676.2175158
12769,986036205.0193694
12770,613625272.908065
12771,718198170.5557995
12772,789980315.5445695
12773,325914201.74692804
12774,517747604.9108832
12775,429968651.73009396
12777,527526125.15126383
12778,407567879.01430714
12779,757136322.620001
12780,920633384.3250029
12782,906023095.9045246
12783,344043256.01156425
12784,855156244.9882638
12785,596812795.451236
12786,456452095.81958985
12787,370526586.9355162
12788,563110310.9484761
12789,639316065.0617118
12790,358299939.25543517
12791,784528839.8319087
12792,621014593.179198
12793,501621278.3189591
12794,663871809.738355
12795,597079787.3197504
12796,592975722.467428
12797,1171195681.60918
12798,572721263.7372515
12800,569357219.6540508
12801,445909122.16283286
12802,516945886.0804658
12803,474607661.8874246
12804,469881588.1796736
12805,505650684.6045095
12806,649836619.7937163
12809,383798319.97447735
12810,560577945.091278
12813,893525203.880456
12814,448618747.623686
12816,891952960.6685305
12817,458737303.07282686
12818,530900665.2815935
12819,677979794.68655
12820,1328389332.7605717
12821,395651303.1565257
12822,361038494.3172506
12823,449155948.2911141
12824,578253734.8264234
12825,695042165.2713581
12826,473621877.9538175
12827,562346760.8238968
12829,1492946160.0910974
12830,361641102.7747459
12831,496789498.4761274
12833,591490006.7415719
12834,469394109.3926726
12835,910971719.7341924
12836,1128948880.7494411
12837,668698781.8132702
12839,453480158.2661347
12840,591940182.5783912
12841,842093177.5794874
12842,275074447.2667234
12843,371197990.13871807
12844,414907877.8125453
12845,443422947.9338566
12846,601354966.3130054
12848,890234921.6509445
12849,1353042554.0186756
12851,910992257.8028452
12852,772166138.2543714
12853,744938412.3775879
12854,630338570.5702465
12855,662605857.5274608
12856,595275233.7230065
12857,649995349.5813147
12858,564901153.3329756
12859,552219713.7405745
12860,419544024.0322279
12861,614406634.9112614
12862,660167954.9408653
12863,486427328.1395751
12864,367219766.96429104
12865,509920172.06683433
12866,610007948.1429577
12867,1082422367.1666093
12868,651133441.358588
12869,664581085.8163974
12871,590090824.5578
12872,619984202.0149989
12873,467265705.00530356
12874,429606626.9906619
12876,572898366.0945511
12877,392965818.9091171
12878,838329442.0718029
12879,850237241.5832053
12880,463534630.32155204
12881,598182038.0385063
12882,929463926.4464238
12883,643156327.4295225
12884,713072097.1394908
12885,506035866.153274
12886,443791568.6619754
12887,375829917.0425171
12888,486886941.5567283
12890,637610721.3830652
12891,759599165.4400872
12892,333811792.18966424
12893,594995649.2535399
12894,586310591.1211027
12895,359907642.0722403
12896,693936093.7932425
12897,1556259508.938265
12898,1829242247.5241668
12899,1402724770.8835323
12900,335899694.482654
12901,637521586.4048132
12903,1906508278.0504134
12904,323273261.7168279
12905,427318020.6436531
12906,501613917.2960524
12907,526407492.91499966
12908,460770532.6935297
12909,432536354.58043385
12911,1407764923.878856
12912,667601822.8361162
12913,458523032.77888405
12914,645641395.442204
12915,713934997.2673774
12916,317226852.1475096
12917,529719986.2318452
12918,443345686.0624774
12919,1708504776.9514496
12920,512133207.4204992
12921,567524644.5867958
12922,1054309803.0260335
12923,576269286.3141503
12924,390518217.0093478
12925,581441249.1080369
12926,451908277.18069464
12927,1175980477.121267
12928,622483684.4477214
12929,509719756.66330266
12931,445603709.9549325
12932,483925847.59004456
12933,792133599.0705537
12934,626344440.5750549
12935,942381236.2135623
12936,562803483.5256618
12937,1009907129.3746314
12938,813584586.3994792
12939,572316292.478765
12941,552218786.8894972
12942,638891875.4766611
12944,1005596214.3387041
12945,387104708.9279971
12946,907174682.4548943
12947,586893761.4265567
12948,712318362.0829873
12949,540876768.8406471
12950,432423647.6762775
12951,599360151.2892201
12952,615693563.67446
12953,663032220.8229982
12954,619123472.0879372
12955,478751828.8035925
12956,537116462.7331412
12957,568598747.1013567
12958,762292321.7819419
12960,301094747.33770734
12961,533474562.4194672
12962,544719162.7941971
12963,340244295.51380956
12964,847959393.889854
12966,1017579212.9925838
12967,515064500.0525789
12968,782293587.0711064
12969,889937916.7347745
12970,368676172.4988053
12971,466251167.7767247
12972,382563138.0036524
12973,531441496.82089657
12974,472680680.41012704
12975,431056435.37026006
12976,1089830405.389082
12977,790616081.8750064
12978,487018392.0752576
12981,731822896.5034806
12982,777979907.3616338
12983,735543657.8647897
12984,1010506948.5395522
12985,382389862.4351554
12987,704952187.1708949
12988,1214607365.6639998
12989,448079882.6261506
12990,446299080.20345455
12991,709681543.4839967
12992,673291827.4555227
12993,585470661.2930834
12994,616982913.7950212
12995,402427492.3956314
12996,918234665.3390818
12997,475803977.88247114
12998,362996222.42004114
13001,424614093.45177597
13002,319386818.2345028
13003,493586779.43674195
13004,570097710.9172361
13005,638594393.439464
13006,332907797.59584856
13007,435884007.33208036
13008,811126424.370522
13009,541886971.60591
13010,576814260.1159344
13011,844796416.4936312
13012,517992754.71473366
13013,504403099.5822471
13014,386078503.6170994
13015,448530721.92280793
13016,386333901.6364186
13017,562599198.6475595
13018,557751624.5211686
13019,574715989.1887606
13021,462783840.695793
13022,641443201.4319333
13023,435934547.36855656
13024,728231051.2398635
13025,413043753.6416619
13026,715619691.402641
13028,708892880.0026363
13029,604315787.3397747
13030,449743573.18928546
13032,1024900061.6510844
13034,375246530.42496
13035,965611824.5290878
13036,397560310.01994497
13037,349593508.08968645
13038,572759136.5398133
13039,738261455.8753381
13040,1271865894.6422992
13041,664676127.4689325
13042,810152028.4214476
13043,965323432.3908372
13045,1392874145.2588007
13046,462899116.4495525
13047,645660224.0040483
13050,2215537335.2935696
13052,713240457.7795635
13054,1108894003.8686154
13055,652082346.402607
13056,427310806.88232434
13057,383664208.8227028
13058,429044589.0187184
13060,575579356.2678357
13061,552268715.7006525
13062,529199076.1250059
13063,720389131.6136878
13064,884669444.8288625
13065,457483895.41598725
13066,1111313759.0358653
13067,773987855.509599
13068,791357179.6757073
13069,855435836.0439868
13070,449254132.1686342
13071,248715996.40496808
13072,600565187.3512272
13073,883623051.7846708
13074,583351728.743518
13075,490338544.28710085
13076,1157215387.8315425
13077,938155343.040628
13078,520111980.2648426
13079,499871651.9175411
13080,570608536.8795985
13081,1100455073.3022747
13082,598851006.0693997
13083,609250463.219961
13084,596935383.8950894
13085,1285736819.8816617
13086,407549960.6320547
13087,602295963.2078875
13089,538237935.5133297
13091,593667511.3014166
13092,548833454.3024967
13093,659809033.134655
13094,322441589.6323802
13095,408685457.0294265
13096,1013819648.5787365
13098,715358608.1147673
13099,709759792.4088664
13100,520464171.3262743
13101,563625159.7290268
13102,588916303.7609425
13105,546634176.875008
13106,535444426.2388978
13108,516436828.6627721
13109,652790578.1270293
13110,1411591757.915638
13111,511242136.7126366
13112,413501731.9068928
13113,620439424.4335296
13114,327928867.72540534
13115,482380167.32600325
13116,727810973.450307
13118,744748188.6896479
13119,542489828.7349526
13120,332377912.7300359
13121,608086087.8127621
13122,393553286.47844356
13123,564792952.015699
13124,443879668.0839454
13125,547596855.4880211
13126,481388455.27117753
13127,606947012.7592119
13128,534110530.5814421
13129,354258115.52521753
13130,378867394.5621557
13131,646725747.7300979
13133,1135587216.7790291
13134,675789479.6915634
13136,457054979.4561644
13137,499403982.4692531
13138,821911518.3392959
13139,505350656.4518003
13140,481633265.3466538
13142,431317680.12286866
13143,982280323.2636932
13145,1042346944.7560782
13146,590542049.871507
13147,546260839.7400136
13148,730156198.4281038
13149,462615759.34925777
13150,435341681.51138246
13151,617982047.6245619
13152,661046991.9920393
13153,926778586.7422981
13154,756398964.7206686
13155,825151996.584674
13156,885549212.181193
13157,609311279.2063417
13158,521258489.2358116
13159,762413584.0113524
13160,407767977.5070753
13161,502499056.2592643
13162,803429221.6160866
13163,650751520.1262531
13164,650545495.4183699
13165,324657283.7266303
13167,366137169.0487021
13168,749010256.3983411
13169,370436068.23387766
13170,534307584.38213664
13171,357999482.76637983
13172,726981239.153334
13173,421648422.4041895
13174,1403769504.416849
13175,560478593.0078528
13176,780646061.7670392
13177,636293262.3007705
13178,663580757.8666116
13179,434976623.0942937
13180,1947892884.9425566
13181,505532781.6980369
13182,487345781.37043667
13183,610688090.7298551
13184,586320163.8520375
13185,633407388.2588143
13187,401180603.5014412
13188,721848231.3046343
13189,812378205.0425034
13190,551044534.2703127
13191,953296986.2398798
13192,510661390.51330805
13193,636801055.5843172
13194,551040656.628256
13196,497294101.429657
13197,597708084.096902
13198,727248561.1618507
13199,893794218.2037919
13200,1255321470.4099205
13202,999070256.9209044
13203,501833611.0426904
13204,523959399.0872117
13205,613963059.739725
13206,1925691527.3271296
13208,603049865.996091
13209,262611703.6482588
13210,610135100.9262722
13211,733659208.6929464
13212,454175865.80381894
13213,581115210.8595742
13214,306554418.9528976
13215,310935628.0833498
13216,566830949.7740184
13217,622297173.6108807
13220,521999049.45517176
13221,483341797.01073927
13222,386434169.85725
13223,564443080.8729796
13224,557415444.2404053
13225,612453236.5878724
13226,533149137.94631046
13229,1039896549.8633928
13230,409127730.9999262
13231,1023798565.5338258
13232,404582108.11671555
13234,882885625.9880393
13235,828571265.3641117
13236,615970426.5396649
13237,488684371.6392752
13238,527003386.76287687
13239,429112319.66485435
13240,1213955643.0088286
13242,646364499.2691027
13243,478314663.36016315
13244,614453519.985814
13245,546141518.1348104
13246,1041231888.2720168
13247,542229427.189965
13248,571664445.5124068
13250,966603914.4159592
13251,1026682813.2733216
13252,769815442.0825876
13253,843883088.7275894
13254,721801573.1082722
13255,774205344.2586975
13256,1183672210.4996557
13258,1399693620.8340456
13259,603802245.5283823
13260,399333200.4692185
13262,342895043.34062165
13263,540942558.0196474
13265,490868594.8591134
13267,403597861.0984443
13268,382243806.82574075
13269,383556163.2560586
13270,1388272091.2931101
13272,518714524.16036534
13274,356864655.0245719
13275,469692574.8409128
13276,356230900.4655873
13277,332417936.0901741
13278,1237117116.7050753
13279,823875870.6501875
13280,675718570.9950318
13281,769870020.4556683
13282,402189425.1685349
13283,408377397.3221504
13284,468009221.532753
13285,491212653.03661335
13286,377485539.79777646
13287,776251887.7743423
13288,457586566.64515114
13289,707460545.1537205
13290,889622298.5732048
13291,638833609.8939357
13292,654996244.3763105
13293,462511763.0436478
13295,717905642.0236015
13297,633229473.3098997
13298,707095334.9212192
13300,417973484.85433227
13301,395883560.1576023
13302,721046473.4751343
13303,482734713.99210155
13304,882327169.8443644
13305,495685697.15131533
13307,684345542.244107
13308,785210178.2946397
13309,614587742.9494895
13310,509844295.42274547
13311,608656726.7037872
13312,466930767.8785115
13313,449177797.11837906
13315,616195945.5846876
13316,372908015.0113741
13317,429179485.7985668
13318,831002404.4454257
13319,498676505.80301076
13320,397702613.7190201
13321,287500058.51704144
13322,397361772.1456939
13323,417484063.58188134
13324,669615298.1096917
13325,1156997895.855481
13326,410216158.58155966
13327,518171582.71502775
13328,855329005.462163
13329,547697463.8369294
13331,323130343.49683714
13332,1034219859.7580736
13333,374335946.30197906
13334,646450669.3399411
13335,406737431.4476636
13336,461296271.65774155
13337,727288667.9938917
13338,617525503.1577774
13339,940176360.8129297
13340,660932210.0399343
13341,374161245.0414263
13342,701155667.531582
13343,319152451.6565953
13344,454778442.3878945
13347,588006106.8971354
13348,1229108089.033171
13349,464921236.29978234
13350,564741695.4419822
13351,616974006.6762532
13352,353454504.6178246
13353,564928147.1997213
13354,424866938.9910881
13355,587602280.6865907
13356,353856265.498863
13357,922274512.066271
13358,837069851.5103289
13359,600891319.1997118
13360,252743162.86745954
13361,459723414.7810655
13362,701865868.6921885
13363,1157844605.0835426
13364,769684233.8942153
13365,246998910.20508096
13366,1158085992.6515837
13367,593236046.2169231
13368,1051276466.2491419
13369,322068710.7610525
13370,1068750540.4657109
13372,514512107.5462855
13373,668505339.75019
13374,731011555.5671896
13375,540433560.1395166
13376,795754656.94105
13377,657721007.806668
13379,463228329.56690824
13380,398449961.95972264
13381,316793165.82262343
13382,953208033.4990749
13383,486247776.9116149
13384,622343082.2295735
13385,449320605.17105234
13386,524508448.13358766
13387,579835507.637024
13388,665635820.8777051
13389,380947593.9966463
13390,675823482.3887162
13391,322544491.425427
13392,553806437.1619872
13393,512680555.5916109
13394,961726956.6149905
13395,644770619.1264201
13396,780628983.9063686
13397,655157943.076402
13399,677926947.6689544
13400,912852993.9559487
13401,578628491.2471939
13403,832703849.461987
13404,708423200.5606407
13405,536886182.3714755
13406,730382505.3859063
13407,638904589.4546008
13408,422441161.44189423
13409,1059254364.76132
13410,524078855.02394545
13411,534917893.7738585
13412,731842988.857243
13413,1028353011.4780701
13414,724018738.7991664
13415,340225115.9630605
13416,468865487.4118456
13417,534457183.3099695
13418,440231106.4904777
13419,339070907.41828895
13420,528887012.5247295
13421,817688771.3336434
13422,449013963.46673155
13423,790562691.6046402
13424,472033933.9330312
13425,455438458.6748873
13426,627630474.1154147
13427,785928939.4459904
13428,1108982655.0228667
13430,583088411.8420477
13431,418839957.37999284
13432,705385291.0027201
13433,809496727.5467253
13434,747244641.5691551
13436,398298464.69911945
13437,922656849.6257858
13438,530979084.5165087
13439,730155278.5879138
13440,475277733.87144053
13441,505318219.8807802
13442,855615469.3958663
13443,1085943490.44831
13444,674683747.8600812
13445,437318948.3544938
13446,490885142.5517181
13447,931323003.8851582
13448,530876268.5258443
13450,744247637.6898748
13451,364180459.98005396
13452,392811982.0444269
13453,402293054.6143518
13454,984222352.1612523
13455,929958838.4396945
13457,555925896.5050921
13458,360316505.2069359
13459,610558094.9032189
13461,800372001.8866345
13462,782026428.4380082
13463,822862679.6467756
13464,1467093341.6677663
13465,505458377.659571
13466,998361494.7033541
13468,453020624.9280434
13469,490347189.15985733
13470,651196509.1412868
13471,278495044.08351505
13472,239095074.37515002
13473,393355060.3195104
13474,481853232.13802695
13475,459493386.0625647
13476,422051564.9721347
13477,467860703.87234354
13478,558807424.2513608
13479,546313375.7317587
13480,659562674.4514166
13481,566621344.0498194
13482,669726053.3651456
13483,624575750.3101137
13484,432408998.1338866
13485,436098429.6986751
13486,674363396.7398255
13487,585423488.9876633
13488,328310304.75349474
13489,541487283.1801641
13490,514339944.7492487
13491,571464160.2117616
13492,425090021.432973
13493,437059681.307077
13494,474851243.03146267
13495,683358343.5448722
13496,459920141.00696176
13497,621857258.4415464
13498,527088384.889182
13499,324583022.2797415
13500,421615283.8189162
13501,753057780.7123185
13502,778303580.2854171
13503,291146091.65719914
13504,1077003611.974612
13505,809836032.4327276
13506,380362024.35381
13507,623511971.888164
13508,425984614.057027
13509,517236359.45288646
13510,983122579.077571
13511,941625817.3633472
13512,565985128.7670531
13513,927033130.1622996
13514,474410350.4910429
13515,549942907.0931153
13516,1114294031.2894359
13517,1341921143.024715
13518,848264177.8876218
13519,556051727.0991222
13521,364068691.2560794
13522,417319854.3330655
13523,478837378.3911727
13524,343155127.28475076
13526,350281645.0697123
13527,462924812.8266372
13528,635282222.2966801
13529,578868569.3889301
13530,701711162.827767
13531,351531802.4806445
13532,749047202.5562745
13535,474453695.9560287
13536,502536496.54251134
13537,570046549.2912824
13538,424430410.63346493
13539,1283756947.724311
13540,429202670.8650767
13541,605638714.9884266
13542,439767741.86969817
13544,712401917.9727237
13545,835252102.8371875
13546,1560340917.3678524
13547,478745732.6293707
13548,677344765.2119077
13549,390933740.3021389
13550,946584456.424748
13551,385084590.00631714
13552,432060479.241183
13553,702520946.6934463
13555,475157017.33658457
13556,744581470.3368723
13557,706413331.4520985
13558,729779890.0603206
13559,517593603.5407144
13560,636004506.8892776
13561,913121543.282163
13562,617789610.796398
13563,618915946.392391
13564,1149228842.6197214
13566,613375188.8069668
13567,395141479.44793177
13568,556426409.5328345
13569,889536505.8791519
13570,452303509.241483
13571,495487271.03561926
13572,605250047.6980017
13573,1229396917.4174817
13576,688305632.2359253
13577,1035714352.3328173
13578,426684238.84354585
13579,490682430.4439554
13580,710747393.1895523
13581,535668555.1862159
13582,611823850.667952
13583,1031740591.4764693
13584,514955437.4462471
13585,724252429.0958719
13586,493019670.181488
13587,675214689.4341373
13589,852096682.0786095
13590,647348986.6176083
13591,362800623.33022976
13593,502465409.62561375
13594,529429141.83382595
13595,560814571.7624028
13596,525461047.3433526
13597,379883184.7780628
13599,1066427480.4428582
13600,629711458.7392937
13601,766812801.821636
13602,333084837.0331843
13603,591492289.427817
13604,687819602.5101097
13605,794166028.7638497
13606,923602160.0255923
13608,369289855.9730964
13609,700678547.1361291
13611,348005461.33462495
13612,603921139.4370742
13613,613001270.5177989
13615,540030409.8811399
13616,992445695.2797666
13617,578044189.3050467
13618,434075195.2961186
13619,773342590.1792569
13620,358232398.3065472
13621,386184326.8488887
13622,692747925.708593
13623,442304950.83763945
13624,552492082.9549935
13626,455426268.39503896
13628,413406326.7641844
13629,1624679611.859545
13631,763530270.7080547
13632,559465404.8642691
13633,594778868.267597
13635,1057728350.9159205
13636,767216349.254346
13637,1129121989.8538902
13638,655836408.9768704
13639,758113433.3836296
13640,817573506.54536
13641,692588742.3489743
13643,1120282356.6821089
13644,742695735.6001053
13645,1445813030.3841767
13646,518110447.1590748
13647,581043706.5774367
13648,706934017.400803
13650,407307792.8008952
13651,725996036.3058755
13652,865085614.3206518
13653,711749438.1266493
13654,842734819.0321385
13655,623817501.507967
13656,723300841.152786
13657,575814635.6373113
13658,1337066562.043834
13659,480751382.7913463
13660,387924384.9110959
13661,768239393.2952968
13663,565319050.3497231
13664,609081789.0140762
13665,507486780.5618786
13666,1126427442.719761
13668,721455271.5582849
13669,462763728.0157954
13670,550060490.7881789
13671,748391764.9378338
13672,705462250.2950946
13673,581399816.1255528
13674,366111176.2711179
13675,878179775.8773333
13676,793726403.0865716
13677,357668244.0718239
13678,837691634.5730835
13679,518316555.67371535
13680,641857346.8417735
13681,730553802.4364517
13682,495126416.6421249
13683,690126191.8560659
13684,578741830.4249775
13685,1206581294.054747
13686,440527768.5955658
13687,716646531.8627048
13688,691995601.4513134
13689,598479083.6959695
13690,494646398.95160097
13691,615082736.2778113
13693,608192876.5247054
13694,372377251.0870134
13695,982098718.0053474
13696,398822223.8404002
13697,727715448.261124
13698,677258037.4882497
13700,319908464.7325428
13701,451496194.7897974
13702,521381083.82773054
13703,1215918843.1088889
13704,504603530.9950825
13705,605502710.8480603
13706,501803402.8064307
13707,583881171.642654
13708,435033498.9864578
13709,784219415.979595
13710,940819878.4605945
13711,564348350.9400215
13712,467262210.3213239
13713,471501507.60443157
13715,468749852.7618415
13716,683222323.1161745
13717,1121693455.9630384
13718,748822299.4599657
13719,541884638.8095618
13720,861251352.2239404
13721,506389589.1307784
13722,620639211.2017075
13723,413869866.7289127
13724,921167164.5281129
13725,301214337.60550714
13726,411994431.23171854
13727,513028365.45405316
13729,707942584.1407005
13730,714505098.0181522
13731,1157900342.511665
13732,509401057.12816757
13733,1108316490.8796797
13734,828164798.9903038
13735,1203518312.1625545
13736,324619553.0150272
13737,593698417.6672411
13738,620262599.7938209
13739,1026895980.0491835
13740,589285068.0457151
13741,618157197.7576804
13742,366718225.30992496
13743,1760491091.533458
13744,332347989.8936755
13745,325326907.1012883
13746,622015483.6092488
13747,338537338.38497657
13748,946165166.9959228
13749,508950094.1088895
13750,841457780.7311282
13751,572656956.6757703
13752,587963932.6820414
13753,322883467.6346845
13754,387926933.04173136
13755,471570377.20522785
13756,779330630.0308101
13757,408334122.9899771
13758,413862613.10874575
13759,542969033.5295465
13761,473745880.1170781
13762,594501384.1669495
13763,458651494.1281248
13764,624062057.479797
13766,657715660.4587591
13767,546282530.5289893
13768,734540245.4402694
13769,459699474.93648905
13770,325533214.2760191
13771,357595134.84110075
13772,452402561.6547237
13773,914412546.82881
13774,897502442.5771586
13775,503303587.6172435
13776,490004687.11801606
13777,477984361.4469858
13778,258646363.27835888
13779,648869439.5926979
13781,581429690.4591179
13782,619940764.909311
13783,588543626.4922572
13784,994933185.0377059
13785,609222321.1226022
13786,402472547.0058695
13787,350255170.5862879
13788,509535365.69168437
13789,343060879.7136311
13790,304118950.1717004
13791,341663605.44002545
13792,316606131.04594016
13793,358847861.9733568
13794,363772674.7522089
13795,625806607.9675053
13796,776313528.5833578
13797,326072414.9953147
13798,312097166.7879409
13799,428602537.82599485
13800,405242378.1728829
13801,375507929.6810817
13803,663167154.9314424
13805,532599590.2225519
13806,662544858.9804566
13807,303538018.01598793
13808,338355135.6717869
13809,501685455.6016489
13810,735585744.7035854
13811,475700930.60614264
13812,933516936.267328
13813,847074551.6271129
13814,236530932.32675
13815,745105070.3290212
13816,492131785.72381043
13817,1032251970.7770783
13818,1136229110.0199335
13819,397522250.0431012
13820,465870885.4667951
13821,1120865025.3405004
13822,689997890.52263
13823,709073137.0095775
13824,771283430.552985
13825,492384474.20524836
13827,617379282.4268125
13828,527083322.83067644
13829,449512827.2568605
13831,656041294.4503633
13832,589871569.9995078
13833,309191802.2877533
13834,481255007.67498386
13835,504855457.2214223
13836,652416350.6803832
13837,497629136.5108384
13838,515309069.6548289
13839,416487778.21957505
13840,632010490.7661084
13841,753215263.8191571
13843,488069456.5268363
13844,460565445.88969105
13845,580247033.9251822
13846,505209647.07408154
13847,476157083.5712405
13848,647213282.1328609
13849,436132575.36969525
13850,818288377.5046533
13851,650752405.433338
13852,573668054.4458432
13853,383844428.6324247
13856,1534064678.0777357
13857,399710418.72006154
13859,750918462.9714199
13860,440398972.34984845
13861,1221790025.7733464
13862,477791975.916172
13863,330120538.30742633
13864,345130494.2621485
13865,600884800.4186829
13866,681706193.983803
13868,495393710.7873336
13869,384292213.43724585
13870,464192558.2029338
13871,405679512.39130557
13872,1151180127.3476596
13873,595170108.4495633
13874,641549391.036161
13875,520873535.3989805
13876,461861279.741345
13877,538186226.694947
13878,545757092.4168913
13879,578770398.6265956
13880,405812663.64178765
13881,1074704256.2927139
13882,595138975.1982044
13884,538893104.9640613
13885,418274523.2835734
13886,890163785.3297849
13887,1191815944.474352
13888,717497132.6564484
13889,715765219.400123
13890,1729117177.9647632
13891,433548960.6558579
13893,807646167.3245441
13894,453491636.632434
13895,1100513666.1559649
13896,545705704.8376784
13898,356738895.89826137
13899,1001774972.731242
13900,815487058.2216467
13902,905032922.9752368
13903,704785708.6111727
13904,403697280.26326215
13905,817330298.608141
13906,323282923.88682777
13907,659049423.8540152
13908,1034967345.473389
13909,482096437.26201314
13910,823557005.3725564
13912,675738621.0732561
13913,491222049.29880375
13914,625038334.952536
13915,649248941.8626341
13916,430460411.686157
13917,775113365.5029932
13918,430873444.7255848
13919,1316639190.18961
13920,958477723.7798947
13921,571338533.838806
13922,1066364745.8344429
13923,241799593.11757165
13924,1171163822.7412226
13925,364536777.5495227
13926,595911953.5718477
13927,955059703.2499357
13928,468724741.1179027
13929,547101505.7129273
13930,668091222.2727727
13931,882416459.5789316
13932,359934328.77975744
13933,641526170.3357259
13935,552361620.8901656
13936,553363415.9988542
13938,1183602688.966078
13939,1047571954.3693941
13940,353732403.4653651
13941,608574355.7284122
13942,557928752.6916864
13943,564828505.7725474
13944,545198626.1069864
13945,535196052.86541337
13946,759982632.3138286
13947,572673507.201867
13948,358864128.1096272
13949,501718116.8824769
13950,313078380.3079678
13951,282961460.93370855
13952,433718631.42325884
13953,1534053983.4095109
13954,799549974.9004803
13955,666930811.3208681
13956,1239765995.807931
13957,932268021.9731965
13958,538277221.9752918
13959,403137347.5052801
13960,469319940.32632065
13961,1353438448.722668
13962,338309366.69640815
13963,1778281448.6616251
13965,357931071.0926952
13966,611020389.6507255
13968,675016624.874147
13969,360687847.5394395
13970,872353027.2724355
13971,592282594.9052426
13972,971670282.7333483
13973,590666995.5395031
13974,670174053.6861026
13975,610027500.491017
13976,910551132.3979015
13978,467243231.296393
13979,688761562.7712628
13980,288787944.48280084
13981,463408553.07648325
13982,1147695398.693201
13983,1063384195.6164497
13984,587115533.2332506
13985,933096050.0974506
13986,936089372.9966447
13987,590223488.6132238
13988,648569986.3825347
13989,713406339.1912835
13990,506965400.3294369
13991,390065693.2779838
13992,710420435.4149592
13993,926971318.6011364
13994,399823634.60781467
13995,649547491.8131652
13996,471188417.53329355
13997,262869472.3374353
13998,677260032.4572284
13999,453169664.75079614
14000,1191583125.242823
14001,369584700.18646467
14002,1121358632.6167488
14004,565390390.501469
14005,1016044610.9840932
14007,553772440.4780586
14008,556928676.1887813
14009,553932174.8747941
14010,507075245.5666189
14011,546439927.8843659
14012,845977148.6004617
14014,444574832.15350175
14015,952242928.3122877
14016,948677949.6287062
14018,598138025.2249732
14019,569277027.343414
14022,318297335.10746384
14023,479944286.72139645
14025,1126160607.8882062
14026,691021599.3345909
14027,801098583.1190352
14028,1163026947.761162
14029,777986538.079505
14030,2544839493.423042
14031,700316283.4351933
14032,656693576.8411733
14035,839365056.176111
14037,764253938.8027925
14038,731319846.5678053
14039,373310544.73603004
14040,512499412.28852236
14041,902773913.8122289
14042,657226284.7638752
14043,572010216.2902306
14044,430705984.5379042
14045,869722254.2333602
14046,776188088.950958
14047,1438200787.604515
14048,1279822126.7710307
14049,766180928.2928623
14050,1002213457.938033
14051,712279637.7750007
14052,345523225.2580347
14053,711886553.1036536
14054,636439557.3294727
14055,336467968.51286566
14056,1035032402.5511333
14058,280496033.3218643
14059,777088860.2949204
14060,532902896.48194695
14061,780892679.4972532
14063,638083127.7896546
14064,753581538.0696148
14065,650642633.0374573
14066,1077437822.098618
14067,608509547.6515547
14068,414357560.28205556
14069,1078381172.2057388
14070,967767176.7957001
14071,1201339301.491169
14072,988725876.8514051
14073,936334119.1384001
14074,1105877770.394316
14075,634939760.6934991
14076,638750995.5525737
14077,800626565.6749318
14078,1003053101.3609532
14080,968796983.6943121
14082,528406259.90160894
14083,440190047.78765833
14085,542295438.7429748
14086,438084421.4967828
14087,1147375528.2600186
14088,2447628061.283744
14089,535331051.40443784
14091,996452430.3386124
14092,1846835344.8728437
14093,1148898995.757817
14094,287712451.1391492
14095,787307682.3468587
14097,535880725.0323298
14098,974568648.9006642
14099,364997512.4633494
14100,660860421.8064667
14101,777414988.019958
14102,1138162990.6154313
14103,562553393.5801607
14104,681551184.9428191
14105,818131749.224369
14106,554806604.7520591
14107,1252617604.4061713
14109,443850647.22840446
14110,979275135.5227079
14111,918456792.8341166
14112,548435651.6480931
14113,537277261.8472459
14114,951759466.7418004
14115,609231443.3278954
14116,625796733.3483707
14117,1164294206.5118675
14118,1538815484.5110385
14119,1080094544.612666
14120,936582601.474596
14121,370960591.960379
14122,519573393.56763816
14123,694001324.9399306
14124,558629146.7359735
14125,357226088.30680215
14126,1356118610.2994816
14127,1967319962.9205465
14128,633970947.0399328
14129,1179902024.3574748
14130,863288030.6075507
14131,826106514.7527654
14132,1821578457.8461154
14133,1530035879.232436
14134,1431870831.3305688
14135,402261240.0173384
14136,1255298054.6316466
14137,492366460.72471523
14138,1055344974.5341548
14139,663852453.7715254
14140,399990125.50573504
14141,499266274.05689836
14142,600251953.1093926
14143,1056511458.7608414
14145,799639085.5607297
14146,738860687.5641602
14147,409080354.105859
14149,704237830.1861963
14150,948765282.509394
14151,1074178217.812038
14152,366991214.40422785
14153,543608238.0739721
14154,393124045.6577746
14155,555192741.4634446
14156,384916261.8053314
14157,520239448.6375112
14158,289209508.5186523
14159,888964969.0875436
14160,1227418719.4317505
14161,759487729.0982844
14162,882825941.0481883
14163,646445445.5599092
14164,352394592.3268378
14165,484876563.12546945
14166,591694177.9688168
14167,353263372.9730373
14169,499232050.5394612
14170,447488979.518642
14171,521780797.3782069
14173,654951252.0475599
14174,945978181.8847231
14175,271808038.162965
14176,1269631873.224565
14177,840291115.0693684
14178,344018144.477921
14179,819956962.0383639
14180,914708612.1224393
14181,604001455.8932981
14182,964570948.4430456
14183,590883623.861516
14184,703528621.037265
14185,552092586.7911737
14186,737619589.0224407
14187,1106682567.068184
14188,970438721.7170871
14189,877524750.5832502
14190,545607119.201945
14191,486089578.7192348
14192,595040211.3107663
14193,745111993.2991581
14194,692472142.3313115
14195,729398288.115084
14196,1333063346.5780115
14198,716304772.6726059
14199,625662581.0695524
14200,341997496.24879146
14201,516193218.7977193
14202,599412873.1930733
14204,804453862.6172855
14205,773886665.6663958
14206,532602377.94276845
14207,577978182.4462545
14208,454392626.8553201
14209,475690112.1195338
14210,571723455.5250528
14211,808641569.2483833
14212,339506202.66403145
14213,515416075.09922594
14214,893549820.2898215
14215,666631609.3953633
14216,914163594.7678457
14217,606685895.4093392
14219,351371710.4122326
14220,2800107314.970146
14221,1495071163.2256346
14222,483524528.5820702
14224,860807677.7478194
14225,424057931.09132147
14226,493464910.6411331
14227,412289899.33062273
14229,906518068.4424695
14231,345625970.21442544
14232,870815602.7359836
14233,711432766.1349221
14234,662386741.494994
14235,457531622.09787875
14236,609036313.7560837
14237,434008951.987196
14238,706349744.7767171
14239,786189511.42739
14240,869460114.7029948
14241,555046555.6828724
14243,572030324.8504858
14244,1025919790.5264852
14247,310359314.0503201
14249,728443661.1566299
14250,810999772.1429452
14251,1138451527.389835
14253,1016227531.9801382
14254,605122212.6643816
14255,1051616911.540565
14256,680080077.2233855
14259,865402004.4285281
14260,402707151.1535366
14264,1014089753.5483114
14265,1612355121.3094795
14266,772152577.6804556
14268,418227700.9288357
14269,1872938142.2188466
14270,634358185.8671737
14271,1032240312.0462518
14272,901905701.5037358
14273,643411272.183436
14275,506021681.7285414
14276,1011452122.4625275
14277,444253009.53383815
14278,396631859.62544334
14279,761646802.8171296
14280,1083501765.9961975
14281,686291472.0902286
14282,412651325.34220004
14283,484561499.13516366
14285,1243646308.323901
14287,1097887249.8675475
14288,678124444.6636326
14289,785016582.9657599
14291,443459840.3537044
14292,1301456257.438586
14293,407136103.85701305
14294,824678825.1668867
14295,812095721.3269732
14296,687354098.0234916
14299,451299223.01676893
14300,896225879.8803356
14301,491885588.66983116
14302,960847060.8990417
14303,866954109.2426878
14304,869214767.1778033
14305,451059271.2774176
14306,343564436.81454444
14307,1190819960.7129982
14308,491744395.6511446
14309,1576113583.7938657
14310,1923450830.3669903
14311,1948889057.5002568
14312,845047392.1392676
14313,640599383.9141225
14314,887057893.9422742
14316,709076633.4792949
14317,624421857.5590421
14318,423662559.59316206
14319,389552672.2968338
14320,408666328.04652834
14321,641929733.9897313
14322,845181542.822616
14324,444669298.6715276
14325,701661117.5579406
14327,529058700.435849
14328,917353837.1986594
14329,685526460.489548
14330,877665909.5832776
14331,519822363.9595998
14332,1520839371.2556984
14333,376641835.07557046
14334,431579095.590665
14336,775949639.4140651
14337,1055647854.4795125
14338,540931312.0039171
14339,289609239.4300953
14340,491003497.7455577
14341,1173085464.110791
14343,1951792403.1719937
14344,1093854843.1996298
14345,657705509.4746405
14346,1390711257.7129254
14347,624892479.5044401
14348,1376690589.418901
14349,738062179.479795
14350,929153992.7437172
14351,1795580969.5243468
14352,401970393.1603941
14354,485900359.9930135
14355,1118674244.5121872
14356,510456925.48086196
14357,1270239092.2758586
14358,511120508.6157262
14359,842062836.354147
14360,654850032.3907208
14361,563495092.4708872
14362,367270502.98766184
14363,739547323.2281653
14364,645814132.2595228
14365,891420956.9248106
14366,1226508886.8514552
14367,883642586.3512967
14368,741815919.0132914
14369,1428572210.915505
14370,1029651973.496904
14371,1396761804.2782025
14372,389510373.36271906
14373,938318835.4298328
14374,481187352.22862947
14375,377198206.8684073
14376,495573772.75810283
14377,787679022.879541
14378,940525870.3081305
14379,946886234.1620413
14380,977283284.0723448
14381,678912485.5493774
14382,499092814.4865424
14383,794683174.654519
14384,1226915560.6888108
14385,1007337084.3649604
14386,1251142207.836858
14387,764959000.9383152
14388,1213815422.5278814
14389,709798360.427941
14390,1155790548.5046508
14391,696895755.3466313
14392,995510067.5461736
14393,509362374.94336605
14394,812436310.3113693
14395,535119831.6079416
14396,730500666.4762012
14397,546141183.405817
14398,847813286.665331
14399,276945446.64594513
14400,294713030.4195898
14401,1163952557.268812
14402,474040835.8591508
14403,836888197.3199638
14405,445799162.7516894
14406,925318501.6135396
14407,578715651.1886973
14408,695081446.481822
14409,751719129.5700338
14410,771311703.7897182
14411,1611336838.2127213
14412,688148324.1271448
14413,570165076.2005959
14414,338060288.4650114
14415,448435339.6638134
14416,685767255.5713385
14417,943557771.2269912
14418,449117287.1601035
14419,517615732.2924235
14420,379180783.3833395
14421,781107782.0275073
14422,908325785.7770122
14424,949481801.016638
14425,348174976.26529133
14426,394424878.4427774
14428,764791115.0724839
14429,468420419.3466923
14430,634943218.5235149
14431,2056175949.6671069
14432,401289326.7057194
14434,679052039.5020846
14435,753544062.6377292
14436,861337908.4312925
14437,620811773.4990865
14438,873348759.3975855
14439,495276647.95403206
14440,448493149.95866907
14441,1287018461.8619225
14442,526171450.9466582
14443,754644454.0054812
14445,566022329.4410412
14446,654069030.482856
14447,398937455.5316169
14448,368266830.66507
14449,480994763.98261166
14450,655638623.0677111
14451,326287691.79931116
14452,784502042.0498123
14453,932161602.9458991
14454,1637636383.8665583
14455,1085067656.7156339
14456,563117849.8353176
14457,607432408.8707931
14458,982003390.0453454
14459,468904595.9681239
14460,400773938.0796164
14461,694575231.9569207
14463,706054233.237501
14465,473354978.5838172
14466,463996397.76660144
14468,421055864.71220386
14469,695872216.7369231
14470,367394620.3115439
14471,746730450.8326184
14472,575358090.1270268
14473,820359242.170862
14475,524041764.4901856
14476,603505351.6610105
14478,847356286.7695782
14479,596936263.8769807
14480,414723954.750554
14481,655070486.4405059
14483,790391844.7752197
14484,404789624.49650383
14485,477879892.1531184
14486,517143614.6274567
14487,583389219.5052049
14488,1099754103.5842633
14489,580701019.8831574
14490,619554809.1976684
14491,397026826.20127803
14492,424095913.7426896
14493,433073043.7355034
14495,1248481239.5163531
14496,791347956.5830427
14498,386177949.81895626
14500,434788714.64842975
14501,916273124.1987534
14502,491630137.6565099
14503,1107546451.4428854
14504,699890312.405007
14505,649305537.5500842
14506,699179534.1792942
14507,726230612.1274838
14508,430971200.3621316
14509,550943874.0615213
14510,416516548.3422461
14511,1381112171.1774566
14513,869758431.9690902
14514,599228765.3185525
14515,747614446.3244032
14516,968953135.3397982
14517,338866640.88106835
14518,431408694.1501726
14519,518568144.02685845
14522,398997033.1134349
14523,392490642.77455324
14524,1097648190.5553443
14525,1042592201.1217362
14526,611813054.358694
14527,1523709907.5479994
14529,429049708.2589448
14530,775720997.1242801
14531,533516914.10685885
14532,532200298.0681591
14533,355691511.7626146
14534,718777383.413211
14535,452072206.3398196
14536,622471655.6871606
14537,1304322565.033496
14538,1070152010.9092519
14539,956145639.4869852
14540,449180014.38782156
14542,531877357.8369008
14543,465080259.5462697
14544,606022109.9750212
14545,565813337.8080558
14547,681332737.8442767
14548,1039504383.9314988
14549,354931254.9697281
14550,362294628.23099357
14551,427426802.9983012
14552,582060893.7584509
14553,931010899.1253752
14554,1374985367.867361
14555,734201972.245053
14556,851245278.1398118
14557,599666809.2565757
14558,692871924.329721
14559,823071908.2198063
14561,534107979.1404146
14562,781239995.0946869
14563,456227311.31540185
14564,533099475.3873673
14566,804907999.3956184
14567,497403495.9026448
14568,829000163.2583946
14569,579332332.2070278
14570,568743012.9879283
14571,596931139.5173529
14572,736257944.2900039
14573,1239762139.681456
14575,932906888.9849559
14576,1337991187.6139085
14577,757431268.9663725
14578,580143821.155753
14579,1026620863.1776559
14580,534638775.49524474
14581,555890780.892653
14582,984938210.0009623
14584,317116362.5933708
14586,704475190.4956765
14587,569543796.1174935
14588,1447423538.0200076
14589,556449768.293268
14590,489357809.5592394
14591,640579244.1260787
14592,659427934.384232
14593,614097677.6913286
14594,1491326193.0914743
14595,2333781440.120309
14598,334203837.43352216
14599,1438379015.2732592
14600,460781594.46749574
14601,377031376.5690669
14602,398465925.7061429
14603,1148508725.6063762
14604,624349849.8706089
14605,506679040.57450193
14606,528668326.3581048
14607,604249517.253564
14608,856583589.0451672
14609,434570651.1601054
14610,578559271.6830051
14611,689783092.017473
14612,777694652.8608446
14613,1571628552.9704206
14614,545003482.6080724
14616,372298863.45199394
14617,543319751.289142
14618,660784472.4859478
14619,1250858399.840102
14620,494163430.0170498
14621,593806516.2685536
14622,509786151.0220192
14623,923528277.622113
14625,659520597.2877079
14626,805558412.9622713
14627,910866454.7264287
14628,661048821.3250308
14629,492274034.187662
14630,812177036.1912078
14631,430749660.3251053
14632,440910602.88966733
14633,658726563.3664658
14634,603106616.1795733
14636,1202018505.1538095
14637,588820468.0472643
14638,1214080594.5604177
14639,1664596806.5319836
14640,522751753.29864204
14642,1395253949.6599195
14643,411030275.87907207
14644,2036085979.4639194
14645,423887927.63981616
14648,665749062.8144543
14649,486531457.49723047
14650,541606336.5251184
14651,530113766.3784066
14652,562573635.0487683
14653,295274873.2224891
14654,780268147.3757086
14655,1523963774.970575
14656,476525225.1666611
14657,646794167.6783551
14658,411210811.3485301
14660,479070745.15240514
14661,605725910.4129165
14662,1018965736.4615294
14664,562183719.5304999
14665,866300345.9380542
14666,1190144863.0658824
14667,768721912.4213043
14668,590394851.5691758
14669,731256865.4510385
14670,881649035.4306417
14671,648180062.7397183
14673,483068697.3850562
14674,652726500.4525082
14676,619994630.813842
14677,629253699.8697894
14678,499634057.61875856
14679,1152905444.6797109
14680,658670874.0826795
14681,479447740.55147624
14682,643567709.7741275
14683,788185889.3949709
14684,830081763.313145
14685,604447810.8636309
14686,650780736.2494639
14687,422703958.3821821
14689,775786444.8485982
14690,1391922329.0671895
14691,242593696.7376672
14692,1004506204.0979748
14693,898338944.9791327
14694,2348168647.623753
14695,633550965.3292209
14696,452486606.3259452
14697,437363476.0146621
14698,396597853.8006464
14699,396581904.8401594
14700,609261423.4172579
14702,816946959.7742599
14703,408200456.52238953
14704,1013119921.5180342
14705,834121102.1455201
14707,651843451.796707
14710,548309314.2149798
14711,431946707.463454
14712,461922491.80704445
14713,286398254.7901515
14714,476292895.72173315
14715,719379921.8150512
14716,694911525.4429882
14717,1296773623.8912942
14718,773616249.8909925
14720,742355878.0076399
14721,376472514.96995044
14722,496871699.92250985
14723,377114548.2472734
14725,558509610.6448066
14726,766405705.705438
14727,330278857.34957045
14728,913851484.2208902
14729,762340022.4368753
14730,688214237.2443018
14731,433514209.64977485
14732,681418673.450431
14733,900421038.9791143
14734,508726101.9242544
14735,1008357368.6362892
14736,601296518.0337334
14737,1195870718.2465646
14738,617993043.7732959
14740,638513174.0891066
14741,800113096.0406718
14742,528906370.7313629
14743,385435796.25431156
14744,584478265.343155
14745,530642550.2323658
14746,487973478.99995285
14747,470562406.3219433
14749,554213799.6710466
14750,1058787017.0902705
14751,530635566.2155594
14752,743730457.041682
14753,558064860.5915807
14755,525639374.15415895
14756,595738999.7771534
14757,1003591125.3744551
14758,533685790.1314477
14759,702344926.5022416
14760,631158784.5335732
14761,1640005108.739592
14762,1045091801.1288676
14763,746681928.1497386
14764,1274817255.5444283
14765,457221471.8848974
14766,445224894.3895018
14767,529156983.0183834
14768,488430295.9185971
14769,1064993704.7206198
14770,482204675.1224753
14771,1326697133.8697708
14772,586259298.5987523
14773,647905155.6700401
14775,572743114.7918613
14776,676228177.6533185
14778,378767342.8651762
14779,537407567.0382936
14780,413604974.2448218
14781,344577178.18276346
14783,1419872371.3545802
14784,537010892.6754773
14785,600305393.4945474
14786,640544718.4316682
14787,662436855.1033858
14788,859674711.615595
14789,646985652.4263343
14790,653284084.4155248
14791,841203073.5193602
14792,507577825.6171258
14793,761369680.9870497
14794,701527920.8310736
14795,520551087.93635994
14796,630871175.2899156
14797,713400782.3729529
14799,726827942.2360494
14800,509263409.54749686
14801,1425953885.3677943
14804,1381475990.1146948
14805,710115666.0107656
14806,1840600810.153814
14807,1104467986.419767
14808,459529365.46744466
14809,553575328.9132906
14811,472376443.7950401
14812,522628452.86473995
14813,516153990.04515225
14814,1336761245.4618104
14815,534362495.309954
14816,344017222.6207647
14817,748227574.024478
14818,419038962.99656636
14819,447286509.50625443
14820,514567658.9531245
14821,720118501.0245155
14822,672049348.1794118
14824,480366814.83918947
14825,729389498.0655848
14826,397881836.6839615
14828,453403027.0746339
14829,1146076212.7266486
14830,964994879.1514163
14832,612675491.6995804
14833,512786377.2646917
14834,587882640.6511829
14835,678479302.847723
14836,903262725.1072857
14837,502900429.4315733
14838,839871955.7608231
14839,363493769.9508123
14840,1141665964.1260114
14841,518292586.2611862
14842,1130780402.0877478
14843,666204882.515037
14844,816193068.0470974
14845,446379319.79306483
14846,461122982.5153765
14847,782664792.0213791
14849,662801353.945695
14850,706383662.5719379
14851,613599429.7475703
14852,673958103.4415511
14854,891834431.5708028
14855,538802788.5804473
14856,402512197.99181926
14857,395030876.86635125
14858,559145936.3059486
14859,828250724.8837304
14860,1226151452.2143981
14862,415083953.4085644
14863,557423533.6478337
14865,507092578.85918844
14866,540374234.2903293
14867,657038937.4537358
14868,527657677.33050346
14869,656567451.3989635
14870,369316520.88752174
14871,478304951.9440177
14872,524187607.7926976
14873,638713384.0099581
14874,893062924.7248405
14875,596583242.6209141
14876,1229282834.2028794
14877,405376021.06132495
14878,463184186.9384673
14879,505262016.2386704
14880,580077633.4947138
14881,528875456.89783454
14882,621749828.9082375
14883,1125721648.877359
14884,773588834.7347618
14885,445834255.43520194
14886,700867577.8132637
14887,762230696.4380344
14888,261043037.39027745
14889,498203382.9512424
14891,532483793.9699862
14892,832121642.9756191
14893,468526068.2678105
14894,535259614.5100985
14895,931521394.1977985
14896,487694083.9865119
14898,825674503.5827496
14899,698143506.5730503
14900,395763973.71872014
14901,336338596.196677
14902,532810885.4711903
14904,611561288.5108402
14905,428137403.3975608
14906,440618682.1027713
14907,515621115.03052217
14908,852467176.8408251
14909,925735009.4451953
14910,528003808.06777734
14911,1189681888.860589
14912,690561780.2593106
14913,609370318.2495872
14914,848770962.3141493
14915,626502481.7027117
14916,849781213.8628483
14917,770032571.9663942
14918,748454731.7133905
14919,1744777697.4607854
14920,765936832.7025968
14921,546082967.9178145
14922,1510514644.5745463
14923,433982491.7831377
14924,595062875.3649561
14925,710218830.4452264
14926,372214290.88419765
14927,336857112.37115985
14928,919291291.0150553
14929,501832404.9515601
14930,831141375.8675592
14931,524179607.09673244
14932,499206264.12800634
14933,666742650.341356
14934,601007578.6403893
14935,752712935.1976249
14936,1112687876.6912634
14937,840990815.7060782
14938,1077155269.376676
14940,608024670.7899917
14941,628053923.8992224
14942,651095030.4727149
14943,895281205.8124137
14946,628110602.8558482
14947,352681752.2592622
14949,537645827.0175668
14950,441161663.08510375
14951,481656593.6081937
14952,391664447.42749256
14953,652345413.782088
14954,592715829.3854084
14955,1061853082.9548016
14957,647935844.1530479
14958,558671633.7844583
14960,648178900.3565819
14961,493626916.3058785
14962,566550777.4639081
14963,768466939.6944845
14964,510535492.5651533
14965,483206118.56426793
14966,495275158.30050147
14967,371392054.36123186
14968,519409207.70728505
14969,582315596.4759802
14970,1066777702.0400882
14971,696153053.4252485
14972,405322144.6613614
14973,980894988.8434317
14974,559147651.780459
14975,453608910.81104934
14977,497401587.5971401
14978,481538978.9416429
14979,862988205.1197047
14980,670954943.329184
14981,653564904.5189662
14982,289023315.3384356
14983,541842673.8565731
14984,807493032.6009923
14985,402363054.3550135
14986,490786753.51797664
14987,596592292.3073231
14988,686677049.7674057
14989,496040508.0520757
14990,237210128.56581572
14991,491714278.4685394
14992,830628340.22293
14993,433341499.1508846
14994,501235605.39985937
14995,701501349.9636103
14996,457647962.0293703
14997,510650129.3350238
14998,611474700.160281
15000,441718623.65227044
15001,583122594.9341922
15002,580374960.6785551
15004,931399837.1092916
15005,876208795.3033835
15006,545201509.0312177
15007,308505030.5069568
15008,1450504153.8676686
15009,828890265.7534838
15010,470144357.45052385
15011,1137773531.4776003
15012,664511152.896782
15013,844626578.5995333
15014,423741013.8981186
15015,435127926.6049912
15016,573810717.8650774
15017,442411646.71846753
15018,877926960.833524
15019,540212762.3314232
15021,357400459.65988666
15022,678855038.514868
15023,313140096.8911993
15024,479487982.440872
15025,967648922.5329232
15026,600717768.2209368
15027,452889606.0478399
15030,606100949.9873804
15031,373469343.50430834
15032,584605221.6055098
15033,438548529.9728502
15034,516194380.9156231
15035,525502086.9780082
15036,740540490.8782659
15037,638788674.3500212
15038,291613753.3289234
15039,610926344.0056816
15040,795642713.1448703
15041,839575655.7334483
15042,614974387.9497424
15043,1364780057.3867004
15044,962102588.4976628
15045,361145118.9772986
15046,1079241392.0310392
15047,807155485.3080168
15048,536209797.88398737
15049,1038842715.8199348
15051,810202163.77637
15053,1744691400.471614
15054,657378966.5899937
15055,670680458.2060709
15056,469928087.66487676
15057,1653144052.891893
15059,531382928.06353664
15061,1701215799.2386107
15062,505587141.2237195
15063,755930893.1773254
15064,228765120.96986362
15065,277004919.92631173
15066,500752494.5277126
15067,471960826.0875655
15068,431893060.10678583
15069,373330598.27590066
15070,1531475516.9702134
15071,318297558.88990045
15072,654167325.7034901
15073,373127290.48751444
15074,330732722.3065468
15075,332166573.6730934
15076,446394081.85497606
15077,475348363.2467549
15078,567533975.6805934
15079,685895135.391151
15080,602708876.0686269
15083,462910345.3507365
15085,383991315.1578166
15086,1022430338.8784423
15087,403272166.3055388
15088,689080224.9335225
15089,811391960.9035265
15091,2108113207.0681188
15092,561734398.8667512
15095,600432947.710372
15096,603775137.9663856
15097,303687909.80827284
15098,899252702.1247658
15099,811830989.162721
15101,1010137431.9300696
15102,454858939.40213627
15103,502305753.5406641
15104,506619324.8279567
15105,335948289.8481775
15106,1070495297.0865589
15108,564220989.9964352
15109,1269850482.2292683
15110,628721925.2129191
15111,473612002.2942244
15112,1193964797.3678224
15113,447272860.11822736
15114,530792170.9020804
15115,893850829.1914767
15116,1219240473.0434325
15117,415952287.5996938
15118,1308357761.7022448
15119,542802285.002521
15120,409250693.1430014
15121,519108543.1547191
15122,387776610.32615274
15123,333482244.1843953
15124,1069041430.7329144
15125,317168111.17819196
15127,577435866.6865362
15128,377142423.3310086
15129,603994910.28906
15130,348276562.82217777
15131,827420485.0843587
15132,378632569.8919774
15133,1122499995.1781535
15135,772318356.0184637
15136,798606064.2179062
15137,310691640.07614356
15138,536487552.5243026
15139,622546454.1741519
15140,459388249.2063586
15141,525081987.6331235
15142,610995031.4244616
15143,394836697.4111088
15144,441897029.9618527
15145,646852617.3166641
15146,518342297.73707044
15147,436967720.00923705
15148,500420090.810642
15149,819189684.4354872
15150,640898010.6271701
15151,490391698.13111925
15152,811421451.0596582
15153,354516770.71777475
15154,472786516.0759698
15155,2030380193.2186954
15156,902953404.737196
15157,326751692.7729263
15158,549494973.0078566
15159,691430231.0340135
15160,486446365.66052383
15161,803678968.0749859
15162,1118566427.3032355
15163,435061793.80470407
15164,835157393.6846716
15165,700460589.3544598
15167,693295833.0587713
15168,291392122.2154848
15169,439274293.0570744
15170,1319862155.434513
15171,1301085721.7980957
15172,413599712.757529
15173,963348875.5678763
15174,761813309.4785801
15175,657584969.169483
15176,773158875.7511007
15177,694661676.7856332
15178,638903334.176181
15179,464892619.36072206
15180,596192638.4595739
15181,402673243.2603433
15182,491890879.857288
15183,358370426.31547105
15185,353887889.872089
15186,705433172.9201082
15187,343473520.4506854
15188,666958786.1626041
15189,764967451.0781088
15190,436388203.48868424
15191,549171985.373268
15192,627287829.0716007
15193,347199937.3783409
15194,731622355.5100204
15195,449461226.4227824
15196,602118157.435221
15197,785570137.8763841
15198,478388543.10717535
15199,1044971278.4738485
15200,456541255.21258676
15201,572636412.0121411
15202,734011837.0661868
15204,304692972.9577985
15205,1188916075.518549
15206,602967703.9929765
15208,497003748.72394454
15209,1172186059.8002255
15210,716751051.3473423
15211,1132067867.1843586
15212,883329861.8940239
15213,978911328.5352578
15214,1459255914.2143655
15215,589387233.3817517
15216,897136201.4094319
15217,805095059.7712672
15219,494674966.4649463
15220,487447492.14790905
15221,454424219.8266354
15222,423751505.0251266
15223,886607295.961503
15224,642235156.4221472
15225,1282550264.5785065
15226,822653963.0277637
15228,1212141925.811249
15229,783281311.4750683
15230,1371259217.0239766
15232,552643005.9749377
15233,794798822.052628
15234,712068446.7162484
15235,397985661.313723
15236,1078395816.272955
15237,406581539.39177233
15238,608999346.1299077
15239,242838832.04628196
15243,806546989.056171
15244,1132797955.0686169
15245,390144015.4683105
15246,442117221.06306267
15247,696757274.6584651
15248,404496634.6099086
15249,740053520.5285616
15250,601291293.5089871
15251,1317465119.002302
15252,362611349.75536346
15253,1262704921.1347895
15254,939537355.6486797
15255,326469469.6962017
15256,454688821.23411965
15258,891945481.9671885
15259,435047656.44992024
15260,300568677.48617315
15261,682077957.1105878
15262,1194654406.27809
15263,738787130.3699694
15264,504333727.1399213
15265,1233628455.9837224
15266,897652283.4616802
15267,403046826.9253644
15269,512595252.9130655
15270,894290274.9000754
15271,459718037.187897
15272,1707368995.963199
15273,1063904089.5740173
15274,259929497.35821527
15275,988347058.5555809
15276,807714490.549017
15277,570562837.3859966
15278,920469864.0042835
15279,449395303.31380045
15280,1083733873.5923195
15281,415794076.15295047
15282,517219964.9219909
15284,1870972221.1781454
15285,658230548.9247309
15286,425512728.5438449
15287,724055828.3019761
15288,463077177.64694864
15289,758192343.6397951
15290,608147098.9025655
15291,1240468781.6325312
15292,676682112.586954
15293,960404756.2386973
15294,1121185468.8390443
15295,729835552.5218084
15296,402164760.9864372
15297,478453535.08499646
15299,684708972.4180117
15300,586961208.3535831
15301,601716075.7639614
15302,1040072717.5649823
15303,657268257.4590088
15304,462191353.590143
15305,1408709572.211349
15306,2109904512.2089117
15307,695704328.8173474
15308,583293265.1179305
15309,1217696435.1683319
15311,426450707.41356504
15312,763617802.9597371
15313,519589200.5710381
15314,743283369.244959
15315,834424303.9961653
15316,675459337.5198182
15317,779475944.1981032
15318,528129913.41647637
15319,596605302.9833099
15320,445307776.75146496
15322,438954511.8575
15323,691490788.5411372
15324,553636921.8063536
15325,339000450.7087934
15326,575689783.9684082
15327,424858830.3739095
15328,456906454.17557746
15329,487626623.82052124
15330,606967336.1445662
15331,349352743.3383318
15332,511264120.02886593
15333,396058466.0535062
15335,575977581.2009768
15336,413877232.2849544
15338,510483060.66317725
15339,407763347.7847612
15340,321547245.1257721
15341,477987794.7135576
15342,476031180.7411312
15343,488073524.9694052
15344,644911645.0526018
15345,647194586.5850517
15346,527466735.7562821
15347,340309110.8552909
15348,887916061.3563455
15349,773916191.081841
15350,501002364.2973057
15351,771482121.1921563
15352,595534941.2003067
15353,1048005498.1272461
15354,526426517.221125
15355,847990462.0361607
15356,546357667.9097531
15357,1658777225.7687106
15358,880038506.3318882
15359,958745208.4579806
15360,584815340.5377474
15361,581524718.0603703
15362,843628571.1519113
15363,396013614.48497134
15364,1171277566.6855159
15365,2291229251.823971
15367,337082530.11727476
15368,405997651.8265252
15369,674349635.8348478
15370,517078813.0940162
15371,809125663.4802783
15372,610580426.6143237
15373,273353194.2019267
15374,366943650.6340364
15375,331659436.7792228
15376,367883051.7532945
15377,578385226.1329589
15378,418415040.72835296
15379,447375615.24323857
15380,411255981.2894559
15381,551686916.5338635
15382,623383986.8060691
15383,703035363.5337574
15384,585371889.3645173
15385,369953544.1734639
15386,422669971.18730754
15388,343554603.92425925
15389,357986105.4937888
15390,659065489.2661905
15391,655257589.3257037
15392,668113061.9309095
15393,457070050.50795245
15394,1476724049.891573
15395,502401698.7531424
15396,606875694.2479925
15398,666769611.5418533
15399,835071914.8287201
15402,517888285.9005318
15404,494832844.50819284
15405,448051999.5325254
15407,561292397.5084786
15408,1290421753.9478
15409,446508209.9937934
15410,404985363.8541581
15411,330768264.47115344
15412,421923110.31350607
15413,351300205.76542693
15415,485348780.0354965
15417,616021904.0836513
15418,612859168.4220686
15419,370330500.48690057
15420,597815545.0107121
15421,765016815.640139
15422,1314897046.504164
15423,705984402.6397339
15424,780111455.83987
15425,1309096139.0879002
15426,394806245.3210523
15427,617419408.0120064
15428,784735961.1221597
15429,496917712.2081286
15430,894754475.7953709
15431,1637462290.9974039
15432,552662507.8635005
15433,814606520.0762417
15434,611309414.4423136
15435,368084629.5949726
15436,1485806755.0717905
15437,1266198793.433348
15438,838282941.9745698
15439,351214648.8235322
15440,333598754.24500364
15441,449042541.3055767
15442,909996757.0395973
15443,514849399.5370622
15444,712343679.4109025
15445,931547980.7255442
15447,557948413.118597
15448,399002778.788132
15449,229780897.1941007
15450,594846067.2883439
15451,589081708.9869075
15452,525898830.476242
15453,774483126.5903277
15454,1110566300.7484105
15456,645761726.5046507
15457,469817453.0756052
15458,520714907.91484606
15459,669600645.4780209
15460,503470233.30407786
15461,468482664.65279245
15463,705691066.3682948
15464,865368134.7097611
15465,1790457766.5317898
15467,770674277.5166402
15468,403098331.92846817
15469,610082758.8886513
15470,608068894.9402554
15471,1642367216.7729673
15472,461592870.5955322
15473,840599526.7410412
15474,929879226.4479743
15475,409131747.01483184
15476,1080430026.7007005
15477,517701370.85582113
15478,484011532.74708754
15479,1475483236.877506
15480,525691094.9150361
15481,421202673.1031915
15482,501814928.38881165
15483,496611293.1687036
15484,392510884.0442158
15485,437847426.4203593
15486,484495478.5306251
15487,346400562.57962316
15488,590014471.0144093
15489,394689014.0443463
15490,655031687.9537792
15491,715410857.4323416
15492,907796552.1285648
15493,542545285.5209937
15494,654524593.0990072
15495,315156665.33547753
15496,673945715.9537094
15497,408288415.990182
15499,374748316.5680329
15500,1545620650.8678138
15501,976791889.981621
15502,360299172.85299253
15503,404209767.6197015
15504,536027442.2316989
15505,740282316.1623304
15506,384614382.40905774
15507,449132905.3490354
15508,243003370.83391315
15509,1378629143.8104775
15510,719652253.2116556
15512,1008041622.8271074
15513,680922027.6879355
15514,653914528.3262742
15515,503221378.464388
15516,605591195.1982075
15517,722695960.4157422
15518,1777167331.174959
15519,597016156.9223124
15520,595964182.5141237
15521,1121450897.1956074
15522,518229096.5918375
15523,470075898.4801176
15524,466469094.4050365
15525,724225293.9421853
15526,517766708.84819096
15527,1440130721.6005943
15528,600874342.5112897
15529,626529176.3481088
15531,470416464.7373944
15532,1254660269.9912052
15533,315195196.15639436
15534,848057786.6552311
15535,298160850.8240937
15537,929439961.2825177
15538,567661402.8306235
15539,684906533.4763299
15540,1164788455.9324899
15541,659899433.994187
15542,960261924.353066
15543,404479939.96605945
15544,650023032.7566307
15545,464792272.31769323
15546,677688047.0829962
15547,819092845.7558562
15548,566125072.0729506
15550,555974832.2811394
15551,618037576.852395
15552,816297950.5160828
15554,599263403.894752
15555,1202200670.1625617
15557,579792836.42827
15558,945770074.0066037
15559,920524613.9674981
15560,340827811.42863995
15561,820062915.7779819
15562,786009465.5606923
15563,498972156.20169866
15564,1409417449.9392426
15565,738398477.8470734
15566,415448467.56389
15567,715368531.091193
15568,712361527.5702562
15569,522103738.51630837
15570,409073235.8765567
15571,340646651.4104752
15572,397565409.7739348
15573,838977394.1824689
15574,472745411.1156664
15575,758540760.1703776
15576,493369992.7843624
15577,494790319.70021874
15578,899611883.4450614
15579,447477489.7087373
15580,876631505.5451889
15581,863373168.7275109
15582,438380793.17782253
15583,458159902.6063931
15584,330350715.17809576
15585,973089574.4340386
15586,482238860.53934795
15587,871114310.0704294
15588,709913672.471869
15589,518930070.1028546
15590,452466621.21228665
15591,402584870.2655306
15592,602430487.5880722
15593,699808383.8880169
15594,543686201.5168425
15595,469832778.9803463
15596,809858430.4272258
15597,644955469.7323109
15598,1333645093.196716
15600,305879955.7572482
15601,1007830328.3945569
15602,651584331.2552551
15603,647958988.0882457
15605,519284706.01790977
15606,592122991.7407054
15607,407983127.24720746
15608,489610666.04671896
15609,485518095.1172435
15610,710675631.7354867
15611,372836425.8408562
15612,435016819.9391481
15613,564052794.5755693
15614,358979544.57338166
15615,396431533.1935749
15616,729674238.8153347
15617,586561775.8578186
15618,1015856217.1585618
15619,1539757492.1005516
15620,678490265.0797709
15621,584005559.5024576
15622,728830750.1965115
15623,830204702.0110961
15624,422737910.4987699
15625,719382826.1728181
15627,1619243221.196766
15628,830631387.2725738
15629,462681159.5415137
15631,446056760.6328126
15632,686192978.6167538
15633,647598169.4777384
15634,587557431.3283818
15635,348735935.08757114
15636,1246859444.7805123
15637,623020894.1481472
15639,1245701685.305428
15640,1103338065.7006767
15641,309685181.8130831
15642,717897674.9649314
15643,692005181.497303
15644,739073529.4811337
15645,1106339702.3733864
15646,338771118.3093978
15647,427158829.08640754
15648,602760240.2790788
15649,722135408.0522692
15650,792504095.2891968
15651,818326226.3285257
15652,630787945.756424
15653,886502812.3386734
15654,576821573.8754863
15655,1263956226.0250893
15656,1161357372.9135294
15657,703936549.7446252
15658,612936725.7420595
15659,1035495425.7451447
15660,338530673.9715295
15662,692988644.0217332
15664,724302399.1810887
15665,789599578.0273782
15666,704326439.9946787
15668,1418112143.2187698
15670,579107614.5951964
15671,495463113.08712965
15672,731244676.4963701
15673,955245893.8981507
15674,545029264.9286047
15675,428695995.70623106
15678,662407244.9085478
15679,498962173.39352
15680,525173929.49939716
15681,452456291.7017174
15682,533532179.0913873
15683,618742344.8938231
15684,573950930.6275192
15685,524414173.9283341
15686,377236709.10302305
15687,677887909.825141
15688,719298905.7773972
15689,462084381.50580806
15690,570662857.2930639
15691,468750358.4172791
15692,570340472.1193254
15693,629366042.6515542
15695,904937366.2503802
15696,626034222.0250814
15697,501040969.4928462
15698,1188158441.0841205
15699,862535663.7223881
15700,471853040.55587876
15701,398713540.46818537
15702,820727222.1610113
15703,1083005726.8968701
15704,499782272.8917816
15705,707338702.3396844
15706,846458985.9223207
15707,498848005.0011615
15708,636977556.2327226
15709,686123413.3830934
15710,652908874.3802317
15712,573715739.4034752
15713,467957321.46875995
15714,781119723.4526767
15715,830787817.951672
15716,526068446.9665784
15717,1528526349.945375
15718,363425266.08631533
15719,665351867.9573137
15720,724789771.371048
15721,508731261.2854071
15722,317405051.0433735
15723,665243046.2747554
15724,564839486.5853095
15725,313997782.4448405
15726,472420737.53788084
15727,715467457.0967842
15728,657089566.9650881
15729,616353989.2393395
15730,1093029867.6745274
15731,930021229.5398271
15732,1027466763.6919895
15733,622679681.5104457
15734,652787184.4239143
15736,531004214.2079759
15737,663200153.5373256
15738,384499212.9726171
15739,703614324.3124831
15740,936481887.7221326
15741,526049746.9282507
15743,421151848.8042505
15746,557666841.2947388
15747,574133258.2871698
15748,623896924.9409789
15749,437860333.454932
15750,434238255.7317844
15751,635166464.07766
15752,371439548.38755965
15754,745015790.9296607
15756,496951059.92820203
15757,527533966.00457156
15758,876448939.269592
15759,1092237986.3741412
15760,544314964.6951271
15761,1382778340.8550565
15762,833722346.3604864
15763,1224902593.8539703
15764,377036740.7665002
15765,457974438.81973934
15766,531083459.09575725
15767,406584134.49560726
15768,955707709.9470534
15769,340174100.13426936
15770,850873237.5352513
15771,916556315.4329749
15773,435519525.4373288
15774,480950615.68511045
15775,392685408.8774092
15776,370429506.5429028
15778,403989487.9462095
15779,771225418.4366015
15780,683088343.7412105
15781,467163022.9405746
15782,352031590.79400766
15783,390522538.2061074
15784,1044530055.7734247
15785,2242973701.159031
15786,486526631.7417314
15787,418983329.8697999
15788,634534370.3050302
15789,523729309.69764894
15790,321323070.6878249
15791,993425978.8300818
15793,614874407.2419931
15794,399817206.6042077
15796,461263935.74715424
15797,470165778.22443867
15798,553327605.635437
15799,1182296930.6342018
15801,570288486.9129466
15802,479113069.2117659
15803,562276238.3118887
15804,1575980863.1487546
15805,903251855.9589641
15806,763375414.3502923
15807,538007317.7416549
15808,777134819.516532
15809,612927167.2777321
15810,685402233.8681089
15811,692424676.5897149
15812,780206340.9364034
15813,486923494.66553545
15814,1124096092.0916188
15815,638467791.5801917
15816,453856678.90637094
15818,635156537.7195821
15819,656704266.2489406
15820,814276121.4828956
15821,612784222.121943
15822,1480779339.520147
15823,284222698.6818848
15824,540855761.9370472
15825,502056285.8362636
15827,340536665.9112637
15829,542622590.2975049
15830,1029124733.5684556
15831,581069978.0880246
15832,323742718.9347294
15833,605765999.269233
15834,327906169.9509698
15835,501781017.7210006
15836,706884692.0926982
15837,585721321.6456132
15838,363573067.7712235
15839,891176572.4247969
15840,722117803.7655013
15841,598474124.8079338
15842,482337407.55614114
15843,773110450.3209239
15844,1126899658.7725756
15845,1053123156.9964968
15846,615519282.6109608
15847,675328909.5769455
15848,668232945.9013422
15849,709640459.4632747
15850,713617825.7339631
15851,693262115.1140747
15852,632306643.8103881
15853,427595675.0791829
15854,471877070.8857813
15855,472610689.47923636
15856,444485261.2769353
15857,295213907.4699555
15858,248535059.4022858
15859,470572255.90783995
15860,446835560.9057977
15861,546744161.1820984
15862,287877348.64811283
15863,371094243.6964402
15864,332854886.54568803
15866,422347284.6198706
15867,1484415683.9422562
15868,702312828.4883169
15869,469635630.9644969
15870,1161674762.7129872
15872,779357238.8887984
15873,542472811.1729846
15874,491099087.7472747
15875,326938140.8459116
15876,500210844.39357764
15877,423339273.6740393
15878,602296241.132916
15879,796771279.8012062
15880,721909975.2546496
15881,606914414.2409908
15882,551393354.120736
15883,732125859.2584767
15884,1081461743.1290257
15885,883893131.614853
15886,793836202.1416011
15887,466504889.1483321
15888,629951678.6789389
15889,661958101.8423556
15890,378530775.87375075
15891,1071583975.1207845
15892,357303369.5271103
15893,459100798.4881407
15894,1538797976.2479575
15895,636719939.7494118
15896,1000086805.5317802
15897,790521158.8883269
15898,789959463.2212856
15899,737817219.4799824
15900,788333218.810803
15901,1013614342.6342906
15902,473483401.99423075
15903,399117865.1727932
15904,752686158.049002
15905,659178850.0189273
15906,724840779.8119107
15907,569889582.1028697
15908,562976603.4919038
15909,378607098.62627095
15912,751047790.3779211
15913,780368848.1202189
15914,766232999.7854548
15915,1313392587.6593366
15917,625166402.477423
15918,1385348201.9887192
15920,807280289.9900577
15921,583630498.6485736
15922,680286772.9076538
15923,847608047.7784643
15924,1113837939.0654159
15925,280861286.0699203
15926,667648283.4453697
15927,802568484.2314808
15930,831254259.9442667
15933,1377354679.2390358
15934,494540305.2106881
15935,1204353837.707927
15937,1411749179.568381
15938,767881249.9053439
15939,332816918.868634
15940,460734426.74207026
15941,1017607405.5380071
15942,376538947.81056786
15945,741472264.3404496
15946,515323445.31948936
15948,808920790.6137135
15949,389893322.5686321
15952,743590402.6580229
15954,482026400.2074025
15955,580194852.7077563
15956,936894543.0303631
15957,1388142902.051115
15958,524162053.4836066
15959,1324818159.7308898
15960,1367707683.0206778
15961,1367855169.6742556
15962,960985145.9551004
15963,278739685.32082987
15964,894315367.086442
15965,455146794.90176505
15966,525729494.89037365
15967,1793066304.4523582
15968,521115391.67604816
15969,496140425.33068466
15971,352683688.1152079
15972,785759671.4803429
15973,1380583433.5758626
15974,881871027.9732134
15975,963720933.3311827
15976,576771965.1897054
15977,700223865.8235754
15978,692822343.5078164
15979,594246763.3293728
15982,505898649.9676411
15983,488433928.56662023
15984,429885540.687983
15985,419099182.34235024
15986,441010042.4385046
15987,954496391.6956023
15988,326980951.3972657
15989,383890317.8377931
15991,709594686.350505
15992,420948851.06102407
15993,593522785.1485301
15994,479053273.74667794
15995,1586090160.5040946
15996,740575022.6327894
15997,715938767.9295208
15998,881609906.4537209
15999,740338994.5448035
16000,1603393166.9137647
16001,498407000.4615141
16002,715282914.4735296
16004,326508330.99516165
16005,350550008.24126095
16006,799652721.1721518
16007,1405790612.3730009
16008,1265533586.339082
16009,584394750.5836346
16010,774519393.0925394
16011,1016221693.6269354
16012,494534694.34815204
16013,887438128.3880844
16014,990855396.9837327
16016,1130933172.658895
16017,675355634.8154957
16018,828806032.5936759
16019,622910505.092625
16020,748410897.1857289
16021,570307188.9535
16022,613560491.7222857
16023,1110652805.5125272
16024,1707986968.2197807
16025,1175592342.4813268
16026,944257559.746433
16027,300803940.22345346
16028,1522543033.7718294
16029,434209155.24411535
16030,953525956.132358
16031,335526800.7900733
16032,680380427.2207788
16033,820160541.388916
16034,1001092731.3698529
16035,602776836.5369819
16036,388389011.1802801
16037,451866439.56501484
16038,475027818.91001236
16039,833278517.4105718
16041,2447819204.1693063
16042,639847484.9195553
16043,1219847686.8531775
16044,575037928.5332273
16045,833475065.9404031
16046,1277448565.9479673
16047,645153750.8538418
16048,502011618.34243155
16049,2138979214.4794242
16050,1435935798.1157696
16051,1088107733.3458214
16052,468497525.01885027
16053,1412174649.0890644
16054,1169252581.3796082
16055,674810641.1399614
16056,848270283.093111
16057,1067893899.5567963
16058,1426149074.714928
16059,587558349.5542648
16060,700755744.8362614
16061,919455120.6670021
16062,553517720.4983765
16063,1365013530.8993287
16065,1075993961.4732828
16066,887150498.3013984
16067,530555874.8623033
16068,847984737.8152331
16069,742857958.9019997
16070,896722385.1269107
16071,1521619952.8130388
16073,596924933.8659364
16074,358635888.6551224
16075,1912995146.4772966
16076,797072101.5639576
16077,435526747.7861725
16078,582406153.4643251
16079,1643240329.9980087
16081,2193676100.2762756
16082,1296822742.5489051
16083,2320929364.545142
16084,1515148410.1737869
16085,2166343723.3666334
16086,1316723004.1909628
16087,1448314481.4796793
16088,633005434.1483383
16089,711432532.2460964
16090,553403179.3711071
16091,574643748.8361255
16094,1856404554.3737605
16095,595008519.4262118
16096,468242974.3681507
16098,548619244.0618796
16099,478756306.79036355
16100,680348473.108108
16101,880023780.7299194
16102,726301075.9632838
16103,688382645.9782591
16104,1020860051.88028
16106,326620597.9441254
16107,703195550.0515797
16108,1158786771.4950192
16109,1220949966.3465002
16110,717657298.8251116
16112,1346504968.8187685
16113,391747457.72151715
16114,781982910.2758235
16115,613339220.1748482
16116,344963565.847941
16117,420679411.73501587
16118,1162913967.3440208
16119,472225351.61479867
16120,450772168.7282975
16121,496933364.5970686
16122,514011745.5543375
16123,637730940.7995601
16124,287039554.5402195
16125,528748592.6107583
16126,745754901.1677997
16127,949937314.280085
16128,735190336.2134125
16129,340779226.5984237
16130,514525763.5661132
16131,769180859.3332088
16132,986553145.1712749
16133,720384243.035866
16134,723930300.3339089
16135,533587724.58393073
16136,811881902.4682746
16139,685021912.7077863
16140,514364228.1798539
16141,1081840315.4210103
16142,1534044028.2360187
16143,367650433.34301853
16144,774019877.7568554
16145,450056468.8851359
16148,739142502.6104127
16149,954950518.7607971
16150,427582808.53722334
16152,1604877069.3035007
16153,684751648.755465
16154,1010814097.2816293
16155,772189502.2492567
16157,861407854.2397479
16158,710109753.7908425
16159,860067547.1275053
16160,459176387.3062649
16162,813807275.8915083
16163,1223497513.521587
16164,1739892185.5418055
16165,1412988718.4193356
16166,553940909.1103753
16167,538340467.9298674
16168,558013001.8979737
16169,1146892947.3899722
16170,558174383.1605929
16172,559266908.9924947
16173,475321507.3307204
16174,388345947.85387206
16175,522041175.1541103
16176,655892029.7861731
16177,1162365592.0484593
16178,668187296.8487124
16180,1616390408.0278854
16181,432000667.185369
16182,851373923.5956511
16183,435919271.81505615
16184,642324686.3657044
16185,712010865.4414663
16186,1129370513.83717
16187,501760479.3618159
16188,833525712.2583954
16189,859457244.6161494
16191,585459018.6672056
16192,659353610.7814331
16193,522856137.98189086
16194,1020694512.9207821
16196,884354518.7387763
16198,566008838.6397569
16199,673910798.9021353
16200,1296235107.294383
16201,337024214.31648064
16202,1082633494.8199987
16203,432180817.05610394
16204,488496654.4226544
16205,1283455989.2108278
16206,613663356.6639211
16207,499957538.66184944
16208,1200191816.8155107
16209,1463422943.51121
16210,696275602.8442342
16211,1043369595.1641135
16212,936947424.2138982
16214,962305105.6287154
16215,868295632.5955018
16216,1447466311.8506122
16217,876982485.5483977
16218,1482630842.8844583
16219,454562570.55995995
16220,622867750.577423
16221,1518076384.8156419
16222,1943210931.5121586
16223,1301166165.9437127
16224,1077519378.4879508
16225,621276736.2315484
16226,447918600.2519684
16227,665591749.8811048
16228,355503593.37019783
16229,568857671.1804135
16230,665889095.4853176
16231,870171286.8668221
16232,845981784.6834571
16234,996082837.2474632
16235,529977554.76754725
16236,546209584.3325943
16237,390883523.7521787
16238,422891466.27751166
16239,1215074287.4764502
16240,740717700.8307846
16241,507291232.53446287
16242,446380218.23482704
16243,1417545020.8283558
16245,372538484.7787769
16246,867075825.9602066
16247,531708832.06355834
16248,2332519882.58748
16249,277566224.05818754
16250,583748921.9845024
16251,864419168.4359099
16252,862586166.4745253
16253,542699455.507152
16254,846398882.750202
16257,581253786.1005548
16258,1215041723.8175273
16259,982171808.9960515
16260,1602345708.4726424
16261,2009266699.461068
16262,536720568.6690628
16263,432509969.9983604
16265,814838162.8214802
16266,459496108.507352
16268,752670110.2396237
16269,258255280.42417917
16270,419737412.55431575
16271,537142029.2628044
16272,957361294.5781894
16273,450048776.403304
16275,506858324.1916552
16276,453833718.5281314
16277,391900523.7918038
16279,303449244.5776531
16280,671187285.8814899
16281,718076881.4065372
16282,1410061694.3583505
16283,466558453.6180496
16284,334090103.2857827
16285,496772584.8073594
16286,334301024.7920042
16287,439562096.5285526
16288,311245755.4160243
16289,798433685.2850684
16290,499797137.8685749
16291,664492958.8529665
16292,618479727.2335639
16293,394669041.13276345
16294,473955906.0020545
16295,854551389.5476062
16296,388689276.2437272
16297,1121356167.4542015
16298,304038089.6318133
16299,748064252.7955837
16300,1014589121.8248129
16301,1028029700.9976739
16302,1091174166.8404868
16303,965368417.8207439
16305,486240080.7908615
16306,823948268.6520522
16307,1354273106.4224732
16308,505104855.5460878
16309,508668072.9018471
16310,456386036.37243587
16311,533689814.7149576
16312,1075488189.3811326
16314,1503642266.1113229
16316,1297195629.3610137
16317,676699339.4723593
16318,535400522.9851823
16319,512058134.531285
16320,1172695068.2377708
16321,466336522.3905927
16323,1283181442.751915
16324,454258256.01895
16326,488918843.2044731
16327,416812579.4665475
16328,742425892.129513
16329,1088542004.1507783
16330,682364179.177589
16331,574517489.290096
16332,476576770.9913908
16333,398743515.59210664
16334,470347307.87568176
16335,996734733.9395415
16336,662497997.4301738
16337,499975853.7047688
16338,410402273.6774118
16339,487288482.94947845
16340,465605713.25455636
16341,544817978.7107224
16342,1149375166.3003483
16343,679348315.2167953
16344,764774241.9381864
16345,703459884.3736601
16346,389588836.12207395
16347,839019928.5571661
16348,775675034.2392418
16349,525676272.211716
16350,879282798.7899055
16351,820265125.7740003
16352,925252688.0348399
16354,581095612.5191244
16355,660908727.3054875
16356,790341491.2734823
16357,666036079.5594437
16358,1168818953.4765387
16359,242358033.28383067
16360,566003773.0868592
16361,1451447702.9697735
16363,613952831.9814141
16364,715751367.3938363
16365,305507581.83810925
16366,570321481.5005932
16368,823243863.4030185
16369,1958091413.6934092
16371,1957588949.6726944
16372,402098729.8071413
16374,540613524.7343236
16375,537477989.3799148
16376,504114648.77899826
16377,688987716.7038655
16378,493513102.2785281
16379,545249545.8799407
16380,527353875.8815378
16381,858331638.609095
16383,636188444.1162724
16384,578533274.0580425
16385,861074299.6926811
16386,678493032.9566756
16387,391282066.46557516
16388,471309057.0602133
16389,717523331.7348455
16390,472363953.91524506
16391,400097749.65868914
16392,390751191.7716177
16393,438046628.1202932
16394,624634808.241712
16395,1270316038.362401
16396,2089983650.638689
16397,443620229.0184685
16398,482919268.149015
16401,664164743.2726783
16402,1543795945.0001566
16404,2079902471.2158692
16405,384236598.82221806
16406,2435343432.129305
16409,459585250.11228037
16410,874449375.9985613
16411,915272609.1826591
16412,1192204650.692234
16413,1166069149.8818564
16414,600195742.3479786
16415,1918305068.720789
16416,1560400888.248101
16417,934055706.9379079
16420,577043990.7216204
16421,991631194.6723611
16422,812254954.0435343
16424,1144601188.4572177
16425,453963294.6826862
16426,609035978.1546602
16427,989562126.3318205
16428,1351721134.1454008
16429,1519186367.3584585
16430,1211021586.3046534
16431,910523766.6659281
16432,493952555.755086
16433,480828751.5917319
16434,630665564.944848
16435,448855556.6411955
16438,1327648058.5289283
16440,649685666.3506508
16441,716405406.0856501
16442,1447988180.987657
16443,1258159130.3468957
16444,1081271186.3533726
16445,683929544.595664
16447,790213010.5334556
16448,1545060527.9617825
16449,1055244472.9478663
16451,1039867477.4424282
16452,890059957.6153107
16453,497227748.3250512
16454,1392750995.6134007
16455,252503937.95097923
16456,1190426538.0454228
16457,340918749.2649963
16458,499791024.1352008
16459,537922222.4293246
16460,566938294.0966022
16463,545667078.3441323
16464,670939991.8374109
16465,1124473696.2084177
16466,1621065043.287848
16467,689997192.8734791
16468,1648088405.6680992
16469,682294342.064887
16470,593975889.9481685
16471,2764001116.642823
16472,606486349.3172722
16473,513507719.8501439
16474,518503885.17945313
16475,596286060.6100311
16476,463488073.34056836
16477,415108289.83555704
16478,895763284.1285758
16479,808504724.0257158
16480,714798636.0192006
16481,359920487.2358785
16483,675912316.3830978
16484,1364496901.3120332
16485,363507846.1029787
16486,843011539.8033117
16487,714253614.6641213
16488,1879975323.544203
16489,886557980.0046319
16490,1208848303.1271055
16491,1344182950.6862478
16492,1295597645.3051584
16493,773265492.2799627
16494,1385548897.5473378
16495,1258984791.248832
16496,1625654347.5235739
16497,1114742730.5840955
16498,211423112.32525635
16499,707344883.5438337
16500,773800133.2657683
16501,494750374.95278233
16503,585552319.5061927
16504,811777390.9125519
16505,464636621.25886834
16506,383586812.6689261
16507,713894090.8878473
16508,624011413.9242456
16511,526345214.6819762
16513,580231968.3027592
16514,705751740.5397265
16515,818664995.5881757
16516,634078918.6164937
16517,491518498.8239348
16518,1027364042.4385337
16519,846031767.6863704
16520,794021262.0141579
16521,561552188.8809974
16522,649505041.9601574
16523,663383118.5601506
16524,871593072.4059203
16525,660269959.7134498
16526,817550081.7716094
16527,1756281997.343042
16528,910660135.94242
16529,718925512.6598941
16530,541244461.4678023
16531,1093312260.2778971
16532,473340100.4783094
16533,392406867.6777303
16534,1053336207.1839383
16535,464513765.5412211
16536,466365347.2047887
16538,738248924.4872569
16539,448881878.9663797
16540,1093148869.022558
16541,813602989.6088006
16542,397651022.19972104
16543,478153428.28107226
16544,726454570.6386094
16545,469142908.5898033
16546,532553886.227764
16547,558361937.5275483
16549,504974513.35804164
16550,402541014.7125475
16551,780108868.8840147
16553,602417789.8393387
16554,1043170747.4416308
16555,762179072.5415831
16557,710541824.7342888
16558,848466184.9576892
16559,1048955290.9063909
16560,365183444.1426174
16561,1129860035.070784
16562,1326221649.6054726
16563,716133139.8825854
16564,829227267.8934518
16565,714985150.5127863
16568,662852839.7921023
16569,1204781486.3188896
16570,504252403.8612566
16572,476763916.33997065
16573,981929664.9639052
16574,552743158.3110718
16575,743600194.831534
16576,436854846.29659635
16577,688317530.0507988
16578,761980926.6075702
16580,923161845.6449555
16581,773179928.7848086
16582,273409644.9042844
16583,462411048.26835465
16584,765280274.5645795
16585,758778272.8257022
16586,965081812.9716299
16587,668035248.2643975
16588,721946064.9336311
16589,642346639.1747804
16590,385786162.8183899
16591,748335308.9353073
16592,1614966733.2905836
16593,335748950.95707864
16594,733594438.3555081
16595,524919589.8016121
16596,1583500334.4945374
16597,350273205.23348206
16598,634091344.89455
16599,680168901.5697128
16600,666920128.7177024
16601,1750481055.5111387
16603,1722996133.2358437
16604,1105781274.30777
16605,519586865.7455796
16606,438254073.26421046
16607,879630234.1345607
16608,519161219.113246
16609,652965846.0511544
16610,612818501.4253901
16611,543735301.161138
16612,617891913.7061107
16614,838896691.8174013
16615,794775814.2012091
16616,1108392117.4313002
16617,465687178.9784961
16618,925743100.0070103
16619,312960954.68168557
16620,593194773.740627
16621,1016030447.5399278
16623,644121723.4356136
16624,536229101.81360435
16629,1523854595.1748896
16630,1169120640.6290388
16632,1080086293.4980047
16633,563584513.0739902
16634,1808657679.507852
16636,390028709.9022399
16637,514936922.8531347
16638,1130351831.206251
16639,1486538120.2268586
16640,1190364253.6802204
16643,1190598003.4397104
16644,597346392.1803536
16646,662295285.556538
16647,581252853.5973833
16648,1443231162.754812
16650,1107022162.7188058
16651,764149905.5420496
16652,450742385.1821712
16654,980173251.718591
16655,690891908.2642823
16657,542981162.9150459
16659,719127161.3926681
16660,415501086.54162395
16661,878999585.7103893
16662,829804512.5395073
16663,680195296.4454112
16665,343230945.1585132
16666,1100602651.592448
16667,777573725.2368681
16669,341105610.5727601
16670,562294448.4057928
16671,458185993.74361545
16673,780560398.4349611
16674,687378185.5921043
16675,1072498129.534819
16676,882906787.2325792
16677,414792895.36840427
16678,539346552.7051601
16681,930227086.8255464
16682,468315638.0032773
16683,1300030034.2623768
16685,946782324.3057754
16686,960684294.7760941
16687,1277277259.8917177
16688,328454352.450138
16689,489540565.26856685
16690,304617549.4377976
16691,665981002.6660688
16692,1501163566.3758793
16694,622970908.8823651
16695,1753957483.8156896
16696,898997622.146699
16697,619360271.7264777
16698,929764311.5727646
16700,757919670.4416426
16701,980463170.3698025
16702,425678857.9251302
16703,514143567.8785502
16704,571233545.4846385
16705,893282457.6532757
16707,501784566.12277675
16709,2305224289.7585306
16710,1970250467.2611861
16711,178699345.361949
16714,379262407.09260964
16716,1354377908.6596267
16717,393207332.0044221
16719,740921033.2335472
16720,445269523.0430037
16721,550712233.3454887
16722,1308859411.076027
16723,488886352.8556797
16725,581615176.968577
16726,474689654.2895406
16727,572869409.7745856
16728,650530468.6573211
16729,946352776.0753889
16730,960436078.8747269
16731,568157266.0142678
16732,269721255.37971514
16733,722027287.3609416
16734,591308589.231764
16735,1548996629.1619167
16736,660260718.7388358
16737,1100162161.3616538
16738,373853438.07554185
16739,892461087.0741519
16740,546924017.9491764
16741,290902504.3497187
16743,794023171.8929734
16744,1621219653.5267093
16745,327160930.2978992
16746,651004724.7319714
16747,482362202.95298696
16748,264168456.067462
16749,586775716.0470849
16750,555387073.0100693
16751,331125009.2817012
16753,289267191.4394177
16754,791327124.2728662
16755,703528492.9451612
16756,420721380.508805
16757,831484858.210501
16758,362100228.7422492
16759,363208429.8468659
16760,325383456.5651782
16761,1030554055.6665429
16762,726580505.695456
16763,510630465.0798242
16764,450345516.89667547
16765,1148867951.2526002
16766,1359094319.0484266
16767,313769007.11766136
16768,309439173.9861166
16769,1198104784.5170424
16770,412328761.859301
16771,1125442052.8547375
16773,475037145.18226737
16774,335988922.95224744
16775,1409507616.7389438
16776,842103990.3639776
16777,403026417.64161575
16778,689989937.1419309
16779,398330210.0542662
16780,1577435491.0127397
16783,450914026.8155214
16784,1564587212.520531
16786,1406815552.082087
16788,552797296.7041595
16789,380598337.6189997
16791,880825093.2650214
16792,1281402638.4226995
16793,695805261.7116696
16794,596253140.5094688
16795,512920724.75355
16796,2391065207.7992806
16797,603888966.8815507
16798,831569964.7766925
16800,476740336.8341674
16801,528497028.0942529
16802,664799975.6890107
16803,824084026.4518399
16804,1239746317.7238722
16805,566310532.964108
16806,614451451.161472
16807,394331297.19529563
16810,428916631.57933885
16811,512984182.8797095
16812,344682179.2889904
16813,808110674.1919844
16814,399990420.2843369
16816,621158916.7526696
16818,617396296.4105172
16819,872718771.3683372
16820,472971258.44239753
16821,452043123.57146585
16822,546797212.1607877
16823,1999673987.168665
16824,529752661.383934
16825,1362139264.3453243
16826,377089055.80892897
16827,529799544.42302233
16828,1145495162.1512227
16829,536628165.10658836
16830,412204142.2571547
16831,868674010.8909839
16832,384669119.47937405
16833,930068133.9724426
16834,683146002.9114919
16835,561868628.6678133
16836,1289971811.2716224
16837,468418173.60503733
16838,974208574.5516304
16839,1382186599.9351113
16840,588389941.0755271
16841,876463095.8090234
16842,540524647.329083
16843,848930758.6141412
16844,496015204.47430414
16845,664185920.149287
16847,1313547679.61603
16848,570560612.1031861
16851,669779322.0994942
16852,413371123.1246549
16853,1252010439.5293016
16854,752548188.7821335
16855,404796867.6974865
16856,644376167.1560557
16857,817897174.9779568
16858,1922194212.9569542
16859,860632157.3637009
16860,578960003.0828664
16862,594148656.6898744
16863,962002050.3218389
16864,964271892.029024
16865,669118882.2449974
16867,566625648.6672869
16869,601506201.1293956
16870,545615523.6331694
16872,561963862.673527
16874,715065668.5008352
16875,809257033.9451135
16876,655710385.2927021
16878,692718093.9773085
16879,715659756.4990736
16880,266603136.23115814
16881,679778421.7873656
16882,486962034.0188817
16883,996082197.5038257
16884,724671597.2896898
16885,579538691.9925696
16888,643936723.8059261
16889,580690678.9802275
16890,494853736.61030483
16891,366715002.3501121
16893,1508198519.1249733
16894,632985068.0979235
16896,1604568998.5893283
16897,689580855.1119732
16898,807572989.5196651
16899,367573953.8845942
16901,456834520.68431693
16902,925971187.6121625
16904,695164139.4241984
16905,1316011988.027888
16906,738299951.7298448
16908,715578662.903889
16909,429635804.6437088
16910,827494924.6343985
16912,581001257.2479476
16913,641321969.8044325
16915,507545177.02191764
16916,364460140.5223436
16917,542076938.8577006
16918,495838435.8591649
16920,257399195.7531542
16921,483855363.92881626
16922,420398754.8403301
16924,1457662065.3463871
16925,726085186.1982241
16926,477522844.5436759
16927,524050777.82956797
16928,552766931.4251881
16929,511443941.2506801
16930,627516292.5005021
16931,837549232.6683413
16933,615821667.1794081
16934,1221596940.5756695
16935,998002869.1051774
16936,672621541.803931
16937,668963402.9400637
16939,362974622.0406892
16940,632349206.3928258
16941,348677452.3387631
16942,390655719.19596434
16944,954956047.4179407
16945,487285222.03040093
16946,415280641.1721472
16947,745071168.2857771
16948,682561386.0349101
16949,609873519.2752147
16951,587542328.5107772
16952,302517696.1205843
16953,556843221.2652506
16954,1243116884.4524622
16956,951861504.8555946
16957,661217826.6208842
16958,528396872.19853324
16959,959861643.2270918
16960,334673471.98932815
16961,449678465.42761886
16962,1077454672.8194253
16963,1604445015.1225457
16964,531609561.4299364
16965,613094728.5104697
16966,530618988.11737657
16967,380121170.1258615
16968,794434775.7260082
16969,566007715.2866716
16970,1467501809.7123647
16971,422786645.34906495
16973,759344300.4751965
16974,459624270.3980208
16975,484101527.0043276
16976,1356378226.6843126
16978,808601094.4756136
16980,596683407.6720314
16981,539090694.0019538
16982,611780752.125892
16983,618342955.9787575
16984,946522112.3797073
16985,637782311.5773075
16988,700009109.877719
16989,604558309.0284591
16990,501168529.4098942
16991,755709340.2868559
16992,527747118.8151536
16993,687817037.6742642
16995,1225397425.4919014
16996,672020124.1425858
16997,488062185.12945753
16998,946372271.3890104
16999,1131484731.3783157
17000,368705168.86410314
17002,458333208.6997733
17003,351320687.0264478
17004,404619030.56232184
17005,490451093.43968344
17006,311072825.174671
17007,345213849.846996
17008,227694492.13227504
17010,582523776.5787337
17011,808442984.8824918
17012,734119227.4438373
17013,542970396.5864381
17014,355814078.03459907
17015,307083258.442895
17016,1531526980.761559
17017,574589537.3621033
17018,577165957.300375
17019,617414407.3880386
17020,827042881.5498114
17021,1424771867.561075
17022,581947916.192339
17023,616997868.105318
17025,729490904.4928172
17026,384070389.871707
17027,467602104.53756934
17029,854775348.7323443
17030,510758321.11508954
17031,533113537.1215325
17033,378792663.98945516
17035,398744867.1863898
17036,631217262.7635921
17038,478067694.35913175
17041,877958302.6899264
17042,738433191.5458586
17043,714797763.5846212
17044,358026890.79764265
17046,472399453.10518944
17049,317762319.4478555
17050,1626686321.9937477
17051,2718256604.875003
17052,494125371.59180284
17053,416145247.80063856
17054,352238973.14275146
17055,421308671.7168938
17056,768072511.4469148
17057,639720695.1049397
17058,517856305.4124176
17059,1371395696.8671498
17060,1874471315.5792205
17061,1306775551.0645368
17062,1025906480.1159531
17063,468817993.8159741
17065,398364347.38147444
17066,480577947.7396031
17067,457713037.888803
17068,877509777.5708517
17069,687433239.5741537
17072,824386298.4731897
17074,434074768.1261658
17075,491711135.51069045
17076,1626604437.8058238
17077,475402013.82408166
17078,699526933.4467444
17079,589990500.4047137
17080,349798793.1721774
17081,1014348201.1589527
17082,1012729967.2614778
17085,537029411.0642523
17086,261068959.4117965
17087,490598968.0152351
17088,438171887.22279775
17089,447798471.398214
17091,397489841.81540745
17092,1203267698.0901492
17093,939477117.8475274
17094,297177639.4960956
17096,645861487.1990505
17097,509656587.99274427
17100,667562406.1864661
17101,463287234.49460477
17103,319347386.83947533
17104,391146769.46956456
17106,365625140.2236216
17107,377996129.92592156
17110,553690346.4442813
17111,1655124431.1312306
17112,809318254.304554
17113,876758560.938128
17114,654526520.9795177
17116,493584750.0973708
17117,1249976358.6270833
17121,709852583.9838514
17122,2403821699.150708
17123,415776296.45840734
17124,320643817.01782924
17125,397672081.1367673
17127,685254398.411328
17128,315602271.01443934
17131,825354275.138303
17132,608154328.435133
17133,1002160686.213908
17134,565760570.9181839
17135,379950865.3953225
17136,687467140.2361784
17137,413480273.02239996
17138,730212287.7726734
17139,661450232.9404224
17140,2735895614.6905274
17141,649477677.621399
17142,375747910.6107227
17144,944876362.9336064
17145,552757264.6513575
17147,542923696.983685
17148,621293737.3683792
17149,508362965.1243061
17150,1487940787.094728
17151,853270540.3933381
17152,455547877.139735
17154,656815446.2933145
17155,577522670.8978722
17156,727373487.635789
17158,1028396500.7455446
17159,513293411.84390676
17160,1187632785.3552492
17162,620163425.9246061
17163,715810613.692419
17164,454454243.1710988
17165,830091325.9154992
17166,563325053.418216
17167,489878856.3744571
17168,314845588.14201397
17169,504622352.3050452
17170,2779482323.987899
17171,559038319.039918
17172,660516786.5227687
17173,537655567.2089287
17174,535253172.0139971
17175,448645190.5343116
17176,654307142.4996675
17177,702872790.4042649
17178,715446048.8526119
17181,455584788.92690694
17182,588313170.7834271
17183,295551399.74517417
17184,520481752.14955825
17185,850188143.7463701
17186,430607661.8741063
17188,394120403.9863242
17189,572246376.4968185
17190,1029874805.0726279
17191,1514483971.488223
17192,954360415.3995641
17193,421075798.33725333
17194,457582778.2829835
17195,471893679.6292921
17196,412668953.98502177
17197,397929228.6150125
17198,484219308.3517249
17199,306812170.07754236
17200,2529680575.3871174
17202,494689076.1339341
17203,445520636.6349555
17204,591128563.2650179
17205,243420249.8081151
17208,523286394.4749179
17209,1202047714.6800501
17210,1342110089.716138
17211,873698771.7944688
17212,599290915.7399287
17213,510570484.4561045
17215,544324990.0348914
17217,587899806.4344054
17218,672847589.538962
17219,575359886.0416942
17220,1355827485.133324
17221,700984952.1565561
17222,776120282.9141191
17224,571021594.4894401
17226,420925206.9983522
17227,591441047.7571108
17228,1929705498.2475219
17229,517671910.1372331
17230,686444794.597622
17231,908707391.0232117
17232,991618025.1866041
17233,788951628.9451169
17234,365714297.51587933
17235,414724189.16585046
17237,546338988.0732616
17239,523117982.5872054
17240,388382120.0220975
17242,490451631.42289364
17243,521351823.72844225
17244,346955084.5926141
17245,467471522.92641735
17246,944058895.9049073
17247,614833325.1935489
17248,477890916.1181745
17249,789784258.5825863
17250,474072950.62327504
17251,526740151.9347541
17252,318231177.4554958
17253,849540736.2479222
17254,362487675.26642144
17256,631363858.683196
17257,421756995.0226127
17258,1197652960.0602534
17259,808065822.790408
17260,610194549.6175636
17261,1612795460.9175882
17262,404249330.1476702
17263,470195380.32216644
17264,617973377.025123
17265,421588959.74770504
17266,261114746.92527705
17267,447033879.7235397
17268,437046415.70938003
17269,2382548625.1545258
17270,757855214.6950089
17272,744157284.7002664
17273,323950630.8185916
17274,864257875.271586
17275,458668656.09721076
17276,364239263.9821286
17278,524910816.1693542
17279,530477135.62502897
17280,242020210.4045355
17281,709189122.2560513
17282,662035692.8111048
17284,800779669.5069404
17285,1199945570.4940581
17286,698351673.2971908
17287,793220790.7095984
17288,475162706.1998731
17289,979851465.4704167
17290,497239117.2358249
17293,600478231.6604358
17294,514604108.2140721
17295,380913334.53977907
17296,697851562.1923702
17298,604300922.3580403
17300,582488703.3350039
17301,265917546.63165778
17302,759993801.0135753
17303,911426727.012596
17304,610270919.9619298
17305,551701561.6513114
17306,915609567.2824974
17307,356602523.85411215
17308,497151360.6020526
17309,1016848854.3946605
17310,339123665.9076204
17311,708887261.1532885
17312,448004312.53784585
17313,554419848.1369686
17314,504986917.1902439
17315,835098599.0844786
17316,1134036970.8681073
17317,399678863.33079076
17318,650456296.9213899
17319,558552827.0881277
17320,319655760.5852896
17321,770061510.1686921
17322,489677438.9540995
17324,774533249.0076282
17325,1516596652.8297548
17329,1012661534.1531605
17330,434793112.3125106
17331,705556373.37978
17332,748407847.3943667
17333,1092203470.307077
17335,641398968.9493071
17336,817342175.0835373
17339,463133401.2281535
17340,458573544.9317945
17341,737578829.9909221
17342,685753478.191217
17343,322016247.42590016
17344,624874307.303845
17345,468040727.5931972
17346,512151092.503167
17347,603720326.9874276
17348,439846268.8628947
17349,285457922.8587376
17351,707804882.9894476
17352,972582966.8360268
17353,1065044036.1413503
17354,449887890.9586332
17355,489176226.69672596
17356,708609049.073827
17357,515797121.6089469
17358,827336783.2746961
17359,1710812294.4006252
17360,321846606.99660873
17361,688150953.6350044
17363,538944260.9039125
17364,555613696.0103229
17365,416135049.57227856
17366,345498615.5741849
17367,580340966.1384497
17368,702488198.3810016
17371,487363885.1230609
17372,643227739.6852441
17373,570650199.8146851
17375,791483465.7152892
17376,412137989.63577014
17377,1396238117.1012552
17378,885073170.8931899
17379,619606572.5548558
17380,319246474.6993227
17381,595919828.8848894
17382,566503615.9955939
17383,726249223.4113755
17384,459296158.2611612
17386,794755063.1794273
17387,889827487.833512
17389,547159335.898206
17390,1038548237.1976706
17391,421125417.1069117
17392,487297127.8715186
17393,727445311.1943057
17395,871806079.1055292
17396,731362424.9088892
17397,687017311.698816
17398,624567508.35758
17399,1270520916.5830553
17400,651264539.242214
17402,634229710.5674549
17403,583648906.4878426
17405,2699091009.7116857
17406,498331854.45252675
17408,1042484394.0742435
17409,944601918.2217666
17410,1356895907.7387424
17411,570800228.6637038
17412,568356537.0235316
17413,791395344.5652609
17415,630429320.4481664
17416,644257961.8541019
17417,615087874.5517119
17418,874697086.1859962
17420,584490292.5099689
17423,413605672.547648
17424,460175777.60396606
17425,626452866.3514407
17426,706273690.2356738
17428,533137959.54859763
17429,1180518725.3496935
17430,642414118.8303727
17432,575258329.0509974
17433,847749973.9591247
17435,655145116.935977
17436,383009789.4458159
17437,371248617.8066809
17438,837375277.168095
17439,1778344658.0162668
17440,512271820.0803013
17441,1055959155.7359717
17442,323407169.736017
17444,763207012.9544369
17445,486055974.4798939
17446,427709379.93571717
17447,888459660.470829
17448,1621875807.0431767
17449,739622049.9763442
17450,607634408.1544497
17451,764965461.0990961
17452,773122170.6096349
17453,1322904709.8933334
17455,465774210.2908903
17457,460807668.66995203
17458,561400848.6237863
17460,643447092.4198519
17461,595300771.0967062
17462,1215477920.8997984
17463,853096499.6682293
17467,344060883.7078059
17469,652369853.7547492
17470,448505425.34507227
17472,872856624.7159817
17473,1901948262.8403294
17475,773945688.615128
17476,679917098.7973094
17477,406324646.97336835
17478,907661392.1327219
17479,310080307.0876884
17480,769278686.5247607
17481,1584571478.3815575
17482,924407437.2239981
17483,631294402.9265387
17485,786208359.8867226
17486,529161726.45093995
17487,813194715.5191767
17488,1280045618.404642
17489,922461693.3725011
17490,714066910.7401735
17491,441862330.61780286
17492,477864258.53355044
17496,2000006512.671088
17497,354275046.4840589
17498,722794604.2004683
17499,635105059.6118143
17500,584039800.0652329
17501,597635846.9486871
17502,1200269850.5331523
17504,358678322.74675053
17505,307480415.4090421
17508,1133292673.9887836
17509,293552709.64072037
17511,404028869.3637749
17512,309977028.79199666
17513,1394981904.9579387
17514,656040025.6810275
17515,744134175.4365238
17516,766231553.83349
17517,455695166.14622974
17518,597618627.3792967
17520,412129530.1485751
17521,1536712195.3057432
17522,959010490.0156343
17523,634944259.3042138
17524,889730883.1209539
17525,1138593653.065343
17526,979348486.3301615
17528,446935028.798723
17529,818535231.9194177
17530,648467470.408986
17531,616194159.803537
17532,370958851.7836133
17533,525896188.0262828
17535,787217403.5338492
17536,663720168.6076025
17537,525283910.4218652
17539,533406567.41918194
17540,2023105125.6916993
17542,458172426.07673484
17543,450092815.78632486
17544,663561136.4296411
17545,421924609.05353284
17546,765063981.6789039
17547,657207602.0042728
17548,733526988.7701942
17549,734231465.9389546
17550,481991136.631769
17551,329690250.29125005
17552,379343119.54298794
17553,745637625.25118
17554,503435410.4912948
17555,961607020.5068597
17556,304925815.900255
17557,1407550444.868131
17558,1672746180.3127344
17559,524817146.59803665
17560,748879976.3286413
17561,1148614273.1376302
17562,1313529144.68781
17563,457951121.2939676
17564,526501695.3547008
17565,516994652.6308029
17566,518053603.1493846
17567,810117291.028976
17568,588788683.6453595
17569,531502145.6029553
17571,791341908.7598535
17572,631499914.7476379
17573,824745048.7247535
17574,665999671.9106097
17575,564723840.7549505
17576,728505807.3817799
17578,419345964.66361624
17579,654260758.958863
17580,726557127.6344625
17581,446682045.22561616
17582,453751069.26332074
17583,511640245.41962177
17586,584294145.208928
17587,427180002.7255038
17588,676489691.1713858
17589,327593994.0961543
17590,919551360.5983623
17591,736064098.8568021
17592,435718806.37521297
17594,443361504.0426765
17595,497697089.60585463
17596,410237703.27666545
17597,602700311.748874
17598,816196117.5078503
17599,1192073989.8776076
17600,639107550.4687108
17601,623106601.2142521
17602,766361316.4740248
17603,337471833.0330192
17604,327840654.68716556
17605,413635884.92184126
17606,504628020.938461
17607,491253439.18586767
17608,757074000.3425245
17609,528656039.5469721
17610,406776463.67489076
17611,391211419.00998336
17613,625092544.0826948
17614,1087867546.4342153
17615,464078210.0152925
17617,388037109.0336674
17619,560077950.7199049
17620,829177970.8208086
17622,649615912.2947384
17623,1542308290.0719147
17625,1120800775.700349
17626,515890713.9843936
17627,459873444.6104945
17628,336496361.78419477
17632,419040467.0687183
17633,994451412.1099699
17634,1450491310.6920376
17635,618243623.8193494
17636,883709868.8437862
17638,1091474211.7287505
17639,1276422136.523857
17641,702632269.5573461
17642,629421336.8052342
17643,749688339.0014708
17646,493399914.1766224
17647,637178926.7765987
17648,524287680.3801045
17649,596068070.0113356
17651,528884004.1775458
17652,708543295.8813205
17654,1307752069.178836
17655,285670894.40355587
17656,417002166.61836064
17657,1003327908.493982
17658,574320738.6554965
17659,726794243.1366932
17660,1017186135.628232
17661,582598175.4794903
17662,564172845.5828527
17663,448880907.9658677
17664,427800650.2404655
17665,1122504133.1581523
17668,701160990.0359985
17669,881576463.938147
17670,570236796.605875
17671,478514639.1711463
17672,495369186.3970879
17673,892809866.2061448
17674,1101125064.6557515
17675,797665875.7567649
17676,600943769.1854365
17677,599069646.6760975
17678,514578575.6172737
17679,866685322.2965916
17681,589576221.0967624
17682,2341329500.676838
17684,429594065.72707516
17685,728235258.8710712
17686,513601798.8258824
17687,305268992.5334841
17688,486410756.3957716
17689,602607579.3796334
17690,657918542.0495272
17691,633633986.4577358
17692,468821438.97081083
17694,381112789.69375116
17695,949405274.9571724
17696,441086712.4935811
17697,225778205.72344187
17698,369745126.8390654
17699,507800873.1567945
17700,763625721.2944777
17701,515233324.69831085
17702,1452622130.2254841
17703,454812280.8933485
17704,508039477.35994387
17705,757037471.6406378
17706,536844113.80781734
17707,1144621383.8078442
17708,361647992.75789243
17709,553685111.6333177
17711,2185441969.624295
17712,798146457.911505
17713,372889488.1969718
17714,445744652.4425698
17717,631788547.4562664
17718,416465734.6938618
17719,449546133.5341983
17720,734912417.9003544
17721,984529529.0756453
17722,422208531.8468117
17723,613806757.7203249
17725,1028825456.8660954
17726,712508007.0576464
17727,458291488.3922241
17728,421920217.8633741
17729,594628500.2127337
17730,634602385.161644
17732,693293983.1607579
17734,757148434.6389354
17736,1535930609.689161
17737,819454773.5731633
17738,856934623.3151654
17739,441459709.47722715
17740,761877444.417324
17741,559478160.665736
17743,558630890.1793517
17744,962215427.4086571
17745,833471882.9081126
17746,668388666.703512
17747,626156127.4969592
17748,491695267.0014233
17749,629320596.8282063
17750,1511959423.1303825
17751,719685854.806651
17752,358873026.50184584
17753,571314363.5576172
17754,483826846.0817087
17755,1482839609.5121439
17756,889124800.3275489
17758,470794922.3081263
17759,327178580.69435966
17760,387293691.2494793
17761,723232453.4513347
17764,2283834367.777481
17765,940501461.4504782
17767,876719812.2919097
17768,390773878.8313726
17769,1272430633.6539907
17770,443658165.5053339
17771,667147893.9524449
17774,393133491.7719603
17775,631006625.0523038
17776,1353893489.0878603
17777,1329008958.615879
17778,468571715.562305
17779,555662106.6284205
17782,1292343948.425493
17783,371959737.7031146
17784,511848182.5989125
17785,1346013228.8955467
17786,234739843.0731915
17787,859631739.3281465
17788,820559772.4150343
17789,472780967.78354424
17790,889612375.826578
17791,609811401.3133556
17792,380465957.21669453
17794,1536723928.1438656
17795,612320232.076135
17796,337143332.6262198
17797,363266331.3449777
17798,507723466.51397365
17799,711190949.2849288
17800,706003572.9589254
17802,437985551.60312873
17805,577704688.0029354
17806,550156214.47474
17807,564673914.3512979
17808,350465091.86706436
17810,422960629.4952459
17812,692943901.3904276
17813,675009791.8013022
17814,1039154917.4661205
17815,740625822.7929605
17816,1971047146.8247697
17817,794528104.9660927
17818,455156452.42491096
17819,1057259141.0912267
17820,470424657.5666543
17821,396786553.53540814
17822,1798503032.245925
17823,929930141.9740738
17824,396116972.70103467
17825,726251035.470037
17827,391415797.25243
17829,667242214.9298519
17830,973968287.2249247
17831,696086239.1756662
17833,1121808286.685679
17835,433280636.94969565
17836,561744275.1546122
17837,2356834575.118103
17838,409616473.9191811
17839,508581780.40285826
17840,493863167.3348343
17841,545090447.7012471
17844,751243600.574986
17845,1554330845.1404223
17846,1894339115.3507848
17847,1281175517.2534926
17849,394925702.6255967
17850,932390676.2693479
17851,324253873.2759156
17852,357909965.4638859
17853,638213460.1995361
17854,528171599.556304
17855,544678267.9039801
17856,524455151.2507551
17857,467967385.2920582
17860,290368540.14466166
17861,1138564817.8759813
17862,388398264.4677327
17863,614685317.720218
17864,743874843.2999978
17866,470811402.6020909
17867,463578594.93579054
17868,507228577.5961621
17869,381945967.2618525
17870,424880598.68302363
17871,838197818.8385167
17872,337512956.787748
17873,400201487.3973714
17874,479544077.24710447
17875,899348663.608324
17876,504597130.4517939
17877,317513929.11807334
17878,496860487.4221592
17879,335241318.61909103
17880,571169215.0835716
17881,782346244.0512233
17882,911055580.4069954
17883,466680610.5875903
17884,1003244721.5567225
17886,593807978.2507952
17887,487262133.52652955
17888,1658399452.742947
17890,386420418.64774823
17891,623881959.5027585
17892,848038612.2779425
17894,627358205.5919074
17895,460305267.56451064
17896,340810918.96101516
17897,506910932.2890562
17898,409423998.2111369
17899,364310813.4998697
17901,597553548.8765293
17902,1326857735.9327517
17903,363144993.12732154
17905,480513080.1869152
17907,499190916.1595232
17908,318750897.5084389
17909,1099753066.9885783
17910,487881023.78648955
17911,377316020.221724
17912,399303735.590245
17913,431934458.0040394
17914,384756006.40982866
17916,395778389.0513339
17917,1501366500.2014093
17918,1569839776.0360827
17919,1804807215.609207
17920,933357816.89617
17921,1290081066.5557601
17922,823882771.5578564
17923,667998320.456711
17924,825668974.4579012
17925,1039600490.426642
17926,666563631.14163
17927,1296729165.120319
17929,1018901190.7201452
17930,1072613471.5572526
17931,699627004.6156769
17932,642304169.9877117
17933,404921162.0151688
17934,607136354.3867193
17935,473820904.2067692
17936,617482021.248576
17937,557953778.4331828
17938,319099914.642795
17939,436020105.2428011
17940,877021266.1544267
17941,584187235.4007223
17942,1080938590.7698326
17943,454572638.07212317
17944,619348412.19498
17945,412081912.9758871
17946,389150758.03716075
17949,457103072.00131655
17951,552563794.2786568
17952,768362553.7241158
17953,371035822.10121423
17955,451686410.82849824
17956,852196604.5807469
17957,1320964364.334054
17958,340373159.2656008
17959,534930997.84600526
17960,520701293.5207319
17963,415404972.4337076
17964,853231957.4991599
17965,508273136.63360906
17966,535655948.4132088
17967,695493086.1970612
17968,729220990.2910162
17969,1152401243.6823559
17970,510689379.66953975
17972,1020117283.5408432
17973,639706671.4948908
17974,1028418453.8870541
17975,606584332.452105
17976,575833222.8744258
17977,441688560.3010422
17978,316828862.5191471
17980,859811675.2652943
17981,486226229.76443326
17984,1686546634.534564
17986,424253000.81588614
17987,678038740.4456496
17988,730283630.6701463
17989,1048736021.009143
17990,703928883.7428484
17991,819557474.4905306
17992,380063940.86662865
17993,522861877.6299335
17994,240387048.64627036
17995,355050283.1687042
17996,434021398.3637209
17998,597211306.2454011
17999,696019853.8818113
18000,380459854.30022347
18001,1226180985.405746
18002,471389258.5891897
18003,461200359.1246532
18004,630084603.4230696
18005,525874895.19780123
18006,702384364.7877426
18007,411469836.93226963
18008,290656288.12965506
18009,609543574.8476342
18011,516178057.14391863
18012,1149158797.2646174
18014,473368529.6896539
18016,318663628.4973878
18018,698342246.9889365
18019,803411923.2399461
18020,367533552.9909336
18021,693867578.3956648
18022,447638385.991236
18023,389010587.07000935
18024,2177690143.6744113
18026,476066606.2651762
18027,454456735.931961
18028,1205099428.991232
18029,488374644.7306398
18030,771900886.8829441
18031,648415394.5938598
18032,677347122.5175533
18033,519788959.70253015
18034,607239200.9723108
18035,388975178.7541909
18036,1273146737.4347763
18037,744931502.7506601
18038,590938991.9108692
18039,353752162.367172
18041,895224785.7413142
18045,698675307.5395048
18047,916025271.5475428
18048,450217913.1407129
18049,459328862.7430465
18051,254183547.74213615
18052,511039313.88203967
18053,295585787.9104095
18054,372421133.70007837
18056,259726211.59841663
18057,382209344.8560677
18059,1119551262.641138
18060,854189037.3208386
18061,555509706.1527219
18062,660396148.0052166
18063,323848601.6957179
18064,631876307.8393656
18065,789008486.7702733
18066,425565506.7509655
18067,509173557.2580005
18068,319780358.9182855
18069,774077812.4562274
18070,349697966.7511003
18072,499030632.00069404
18073,425849225.6703681
18077,314545583.37437624
18078,692974597.9040022
18079,903368777.1174041
18080,681006092.70481
18081,658225050.0129769
18082,851551648.0000229
18083,664392454.6832722
18084,501436027.0059298
18085,501952195.7364203
18089,271201686.0436623
18090,508185607.9068919
18091,751865873.0177333
18092,325583379.70072484
18094,580108326.9142301
18095,470968504.0305373
18096,334737548.7820886
18097,517145825.1977172
18099,727959901.4519842
18101,734286761.0674257
18102,395047589.35650915
18103,338578504.079772
18104,440064440.17415124
18105,392762947.9783913
18106,614785720.3982939
18107,800526892.5155479
18108,383085198.8092385
18109,466426627.79846346
18110,706517479.2518864
18111,3010266509.619739
18112,793942773.3965603
18114,652909294.3985714
18115,879732959.6554629
18117,735702878.5088654
18118,676834161.0700853
18119,613485561.7374042
18120,588429765.0462097
18121,304756828.8511752
18123,1287243771.459278
18124,905197542.190656
18125,965835410.760271
18126,665843423.5770661
18127,1127196979.435423
18129,352598540.4190189
18130,378000327.1874264
18131,483003565.422922
18132,327864473.1499937
18133,441677147.5945731
18134,1355105379.7634997
18135,377686775.27438754
18136,576758027.753866
18137,369232931.81832385
18138,315787550.7741226
18139,346607886.9878107
18140,285960321.5218543
18142,354753138.5968787
18145,875023376.6689285
18147,605637197.0384073
18148,789309029.2896734
18149,912769430.8274555
18150,332163691.38997877
18152,582969293.2121922
18153,478277648.9687082
18155,937899121.3529333
18157,607026571.6707033
18158,480804141.9509573
18159,424000355.8623295
18160,397461573.9075586
18161,699197664.0564983
18162,693321368.5442886
18163,1145503653.890966
18164,290355173.0670511
18165,805172861.0716089
18166,607089969.9405915
18168,280874731.90422726
18169,561509421.9424784
18171,499588440.8039633
18172,457103218.5830724
18173,339727701.99101865
18174,668986287.792871
18175,554024297.502736
18176,386827741.0185416
18177,782516338.7464049
18178,787751396.1420425
18179,932541307.8768914
18180,715601753.0946033
18181,487707137.87701094
18182,345068418.30944586
18183,567502732.0814183
18184,378466758.0287487
18185,290717417.4607362
18186,268889241.80757046
18187,404736912.7983986
18191,457985770.52274853
18193,686960480.3675072
18194,571808036.4311376
18195,516706602.5556509
18196,574853084.5550592
18198,436531779.68414676
18199,709210168.2285562
18200,573181884.0357991
18201,349188949.39480466
18202,534462613.6016079
18203,662725118.5335343
18204,496868393.8545063
18205,757715964.817814
18206,542119572.9461896
18207,436245286.74784017
18208,832534482.9947885
18209,350354746.25430346
18211,1105972624.0979486
18212,1611503737.563684
18213,509220824.6151793
18215,471193404.44931006
18216,1397850115.359276
18217,322509875.6412456
18218,515122764.1586689
18219,479709729.57731265
18220,1153699210.657477
18221,413255868.53341126
18222,363414154.00945294
18223,293477753.78554434
18224,765476237.958099
18225,405848644.5158555
18226,239071421.02449888
18227,275620762.70761627
18228,389174140.1496284
18229,441723783.0901886
18230,666156382.9550798
18231,443802321.83803964
18233,452884337.0032231
18234,414731877.35176814
18235,579464093.2643682
18236,424720593.82865405
18237,342699018.26716614
18238,228303011.49586523
18239,393126920.7735841
18241,507137108.05268943
18242,394067365.8215822
18243,665199470.8167473
18244,326617129.3760548
18245,411328322.7395587
18246,601328521.8361627
18248,728696910.3285487
18251,655189051.3878863
18253,471020382.8903389
18254,225951043.97147343
18258,362079812.96125233
18260,439293115.1845447
18261,445282618.7463643
18262,1111239799.6304772
18264,429630855.8564482
18265,486571630.27632177
18266,372197919.1421902
18267,1345290791.5884655
18268,1667828028.8635206
18269,564524335.2802336
18270,579554060.9814519
18271,310259792.6584869
18272,749701233.2932028
18273,242035490.56219587
18274,317709059.81357265
18275,507591097.4398006
18276,512353891.7155744
18277,513771398.4405664
18278,1494594990.001727
18279,651677998.5709333
18280,843206467.5649012
18281,544561118.1464559
18283,576313627.7885823
18284,1125297857.2488434
18285,753700767.3598529
18286,544438854.8843114
18287,781960273.0263311
18288,357224973.88743854
18290,404146415.88436043
18291,414230693.7428926
18293,896339144.7284415
18296,1189995214.2688284
18297,694909526.8831098
18299,557707285.9498619
18300,281664100.1909482
18301,514027214.30079573
18302,1690479635.9605303
18303,564832167.1132085
18304,611201425.7582291
18305,485337508.70641464
18306,1112917247.0856853
18307,537867874.4963113
18308,801800648.2034836
18309,1238159584.7719991
18310,521881220.7268311
18311,609597407.1156269
18312,452219238.0349232
18313,511988133.4077431
18314,607883845.7760546
18316,536799653.1384587
18317,503301685.23910743
18319,542998128.2251172
18320,387791118.43081635
18321,679399418.9000522
18322,281525417.2179471
18323,331744989.89314944
18324,400146016.7069051
18326,774003487.9740306
18327,287648909.85274476
18328,381825868.70540464
18329,654475739.719506
18330,545214984.4207441
18331,420868695.61519706
18332,604166311.8903563
18333,322717651.092379
18334,399127752.17355067
18335,727873337.749651
18336,553612882.8537093
18337,634923514.3200747
18338,571819180.9902006
18339,439845298.3646933
18342,376267870.9580791
18343,404999441.9622954
18344,1095616991.7440493
18345,1051532125.9096304
18346,618568292.0916736
18347,424529284.90575147
18348,807713702.0638862
18349,906842209.7359481
18350,586314200.9083545
18351,558843667.3486935
18352,566269033.0146428
18353,296502464.90828115
18354,678098501.2813518
18356,528346287.71730214
18357,610640879.9717704
18359,1316785310.5520043
18360,207185093.9311636
18362,533154218.98069113
18363,576016367.6324315
18364,347011723.74203444
18366,612206351.1744664
18368,918634624.6572837
18371,1473661186.3661985
18373,1245525674.006784
18374,553202555.2022564
18375,492434852.610065
18376,606353223.6917505
18377,343770168.29187095
18378,410324435.5096514
18379,441001602.3143449
18380,607750901.1780132
18381,282982450.8377106
18382,542359446.110718
18383,460870046.1574956
18384,448256007.82424724
18385,338801724.3641314
18386,406489066.3182458
18387,364193230.86770976
18388,747015121.5024636
18389,422929214.4502289
18391,757534551.0547535
18392,600732087.7936842
18393,332141267.5404745
18395,388758391.6577805
18396,834869093.2721142
18397,397174284.57783943
18398,708787459.8681959
18400,376544600.36020017
18401,571910155.6751255
18402,520064367.26571906
18403,256462943.3408004
18404,278209932.2390627
18405,334145772.4812366
18406,688632416.613838
18407,446721224.6402043
18408,666953824.5560118
18409,481314488.74582386
18410,1179635472.9333935
18411,667755220.4953905
18412,596477503.8016382
18415,1093214603.2079577
18416,882802804.140835
18418,441999977.27240556
18419,394865215.67927146
18420,399342287.9425064
18421,471461293.7474389
18422,1076302899.0319448
18423,814188209.5397158
18424,405430253.1905756
18425,672864639.7889191
18426,587531181.7123003
18427,359305340.2631476
18428,465906256.29507285
18429,324882845.19924635
18430,376620469.65167946
18431,657157434.5350379
18433,983006606.9076335
18434,346890127.822286
18435,283355826.54128903
18437,2125261342.8792586
18438,749110776.831349
18439,607736822.4454556
18441,491186969.17567235
18442,377512269.3863497
18443,440299726.08807874
18444,511507742.1989888
18446,444052547.56114626
18448,523463686.9472989
18449,437368631.7847835
18450,544049338.4372284
18451,1022621244.6299803
18452,959524603.3372631
18454,308946500.8849827
18455,592778116.7012076
18456,323809731.3718351
18458,427311074.2645478
18459,1129127787.2949932
18461,379090709.69476783
18462,470380052.8312286
18463,647340475.944634
18464,734706343.411436
18467,407123251.56491095
18471,717981693.3478783
18472,816394006.5864019
18473,1357640102.9669545
18474,369921190.26382875
18475,412919382.80191016
18477,1344117170.4559538
18479,796226178.4661696
18480,468388179.38109434
18481,1221409528.2594795
18482,888358509.8930836
18483,677533125.927226
18484,650290569.6992159
18485,385326505.5569221
18486,559962284.8075707
18487,529205677.2909618
18488,1279584614.055684
18489,1102323488.3761683
18490,1217042359.4524808
18491,811338635.594932
18492,1404442950.8322031
18493,394287912.0535245
18494,719899310.9837413
18496,489823007.42056674
18497,678342955.8921794
18498,578491894.8037283
18499,856010485.2540125
18500,716159122.4653614
18502,542945631.2445078
18503,386755020.88113195
18506,606398995.2925315
18507,908843114.69087
18508,429898346.47520363
18509,561979736.0982045
18510,428699626.4262598
18511,470795963.386933
18512,805262158.5486535
18513,371302434.64946437
18514,636304140.2514278
18515,424556583.0446725
18516,482823462.074786
18517,404942873.22503656
18518,364704529.9099495
18519,457701633.718581
18520,290173999.00814545
18521,546429363.9472445
18522,550191515.8485565
18524,649954095.1460141
18525,704350945.8201706
18526,594839139.0319549
18527,331821245.88437766
18528,787882229.0559701
18529,292389574.98515457
18530,1013506043.0464151
18531,387758895.4014028
18532,824879408.7692692
18533,558428446.1694019
18534,692288399.0685619
18536,655700540.4302369
18537,414698651.740232
18538,532314964.71071523
18539,770739176.3391906
18540,598459452.3187134
18541,246496062.15367958
18542,388767770.37700886
18543,390010535.6540965
18544,931712952.5268216
18545,627140318.671742
18548,1722852790.7295353
18549,662753927.2122397
18550,713956690.5123358
18551,679165071.6601628
18552,798847866.4878014
18553,392957845.38873255
18554,438728545.0582629
18555,559956078.7455839
18556,455863978.88673526
18557,501993046.5978644
18558,462046521.2001667
18559,359497708.6208609
18560,779380368.775924
18562,528909986.50993186
18563,280876882.7742658
18564,1126080938.5393143
18565,1004828121.3916143
18566,1323435908.5772479
18568,379440390.46787643
18569,1022344640.3550805
18571,328070855.15359
18575,1048281284.5000701
18576,398086758.0108408
18577,417334814.15419966
18578,1135141008.5947936
18580,588574720.1063539
18581,380698470.31030905
18582,343171089.20403004
18583,450549456.2821589
18584,1591274133.1283553
18585,463491031.226647
18586,535062513.7580081
18587,367909141.0920082
18588,496636352.3535842
18589,385861384.18263876
18590,531754982.33469784
18592,288606074.46075964
18593,378189013.6061296
18594,999472423.2311447
18595,533080019.65826833
18596,654360780.8112384
18597,910817490.1631888
18598,364608169.0842999
18599,923150991.6447717
18600,728509314.1772387
18601,832136577.9021151
18602,519820424.8820753
18603,518776708.6249999
18604,511448842.805639
18605,544955217.6063995
18606,333062044.5505562
18607,661893714.9661754
18608,226774891.76029646
18609,475239758.78700686
18610,698178846.0916489
18611,688130033.4691391
18612,460320359.4446335
18614,425456132.058284
18615,326188641.0441705
18616,463831052.6053331
18617,871761635.6029608
18619,530649737.41245836
18620,1386435752.3067338
18621,870473420.1198889
18623,505542114.22862786
18624,497857659.20148104
18625,413950597.9047536
18626,725545139.5603266
18627,608695449.6963822
18628,431683082.61971533
18629,707213501.6811011
18630,611829717.2892436
18631,914236615.5904361
18632,666598317.6879011
18633,406529585.3114293
18634,350299791.6329635
18636,418986961.2989292
18638,522615250.1232606
18639,425897032.52009594
18640,443396076.59759057
18641,815964109.9962649
18642,451994651.76870364
18644,442254975.7452018
18646,372734766.83919156
18647,310214539.839952
18648,571330869.7362267
18649,646176760.0958524
18650,448078163.17343086
18651,338021036.8110455
18652,955978133.2555497
18653,420093675.3092362
18655,529679005.34046644
18656,537933455.9849403
18657,573355537.7542561
18659,589996703.8778514
18660,263784618.247454
18661,1127091382.2707355
18662,1024875735.5774062
18663,766897449.3751532
18664,257035860.38457918
18665,609825997.7971185
18666,720330913.0407034
18667,440593736.2257288
18671,1149973972.9542701
18672,827550484.8550395
18673,459417929.6885704
18674,646259591.9508991
18677,1158691678.7120235
18679,680671255.0494827
18680,372839882.2169599
18681,332347770.17430884
18682,1035865098.1410546
18683,841682614.9289175
18684,789482899.3637751
18687,511616712.5464493
18689,723467630.0052478
18691,499879815.88604283
18693,670522230.336132
18695,655745755.351343
18697,477687440.80244344
18698,741249969.9448597
18701,337161025.66923505
18703,440936091.435482
18704,255409039.9050122
18706,504489075.56185496
18707,489448019.3829237
18708,594218745.5437222
18709,1011825658.0273364
18710,278275754.20659
18711,450861952.0648936
18714,592877599.3580403
18715,507741703.56819713
18717,372393248.16570294
18718,877080220.4103706
18719,829712189.0453264
18720,1083956760.6754045
18721,528456168.01570684
18723,390473707.1461073
18724,529610602.9620131
18726,286195397.872773
18728,558691228.4584916
18729,572020938.2783548
18730,698733616.3790365
18733,478850551.5189818
18734,683324489.7513518
18737,290721079.09977204
18738,435690624.8334348
18739,1826551617.1003845
18741,738969044.8516501
18742,845473900.5198311
18743,553403023.225751
18745,388734043.55533516
18746,562091120.7457451
18748,370534856.52167916
18749,677174981.3578942
18750,358916672.36966896
18751,433691398.8469528
18752,925351545.7018026
18753,669479007.0534006
18754,276283494.3261958
18756,780333931.6640856
18757,679640357.8375485
18758,665839296.3353854
18759,488404417.5213893
18760,533376869.4779642
18761,597412457.0275707
18764,456214570.085797
18765,630889304.8968408
18766,763700805.6682864
18767,367215450.9838824
18768,1340598416.862145
18769,743411631.9509304
18770,498908918.4392355
18771,928069653.2134337
18773,420376891.2276921
18774,476197430.9822607
18775,376250695.2595682
18776,721007697.066269
18777,1067778881.0450116
18778,441548338.0733541
18780,368272329.3157153
18782,400857739.537987
18784,500037458.3094073
18785,492026553.84855324
18788,700421525.804047
18790,651920976.6731641
18792,293365257.12262607
18794,586318310.7735229
18795,517605523.5580378
18796,358054303.4134589
18797,369483486.16574925
18800,571349247.73516
18802,601475570.1914122
18803,621619623.2296124
18804,410951061.4436121
18805,195642721.7511024
18807,560587960.116571
18808,567329302.446897
18809,702473385.9517797
18810,535647062.9656007
18811,935261024.0937287
18813,332474964.4592342
18814,447660929.33314955
18815,813263413.4052703
18816,319131498.3617317
18818,660945228.2633014
18819,615929751.4539821
18820,338079706.8345299
18821,214478397.73224914
18822,734278804.4515194
18823,279939742.75144905
18824,353464282.8627898
18826,490029574.5244352
18827,353185096.0046619
18828,339334408.9719858
18829,485566284.80878186
18830,650634755.320146
18831,1057761239.2004116
18832,572885313.5175879
18833,490828326.31008685
18834,1436907694.2958157
18836,412763827.43330276
18838,562595208.8971758
18839,379967423.39184123
18841,495253614.7983677
18842,314395164.4306965
18843,1006259867.3531511
18844,694457361.9274925
18847,501188504.24471444
18848,549604801.8572835
18849,543299500.1835662
18850,606654366.6435997
18852,515198416.86642146
18854,618130038.8747513
18855,404579337.9802741
18856,654633398.8710024
18857,544915156.0027443
18859,608356165.5389035
18860,1396369427.337096
18862,319451164.7842918
18863,571415048.1514597
18864,653977733.1737546
18865,363810459.2059725
18866,838603478.4440992
18867,752684584.23324
18869,376433216.2202886
18872,471032600.20408875
18875,495624809.70822066
18876,1075717984.373893
18877,664828091.6850951
18878,346635418.78083354
18879,369874637.56398326
18880,238586415.9011121
18881,756060263.426065
18882,467551828.2741958
18883,1668132529.9056797
18885,647462811.5203049
18886,832662665.0464382
18888,546811878.4861388
18891,494222120.78603995
18892,389382554.3488793
18893,693044357.6239698
18894,483299882.68071795
18895,252323909.57715768
18896,429552499.44897455
18897,435703814.33903474
18898,633451463.5009532
18899,418156308.0405785
18900,601196584.6519897
18901,466640698.71501684
18903,589884713.750713
18904,486579206.1514877
18905,520475829.0289574
18906,400707464.0912968
18907,1110453893.648009
18908,618502993.3355604
18909,515621255.9144589
18910,628637854.9864012
18914,580539317.5123658
18915,474901803.5773653
18916,443058745.7696826
18918,556414861.0908158
18919,430700243.42166626
18922,372040678.16872317
18923,679917095.7897706
18924,416617597.6233999
18925,334753362.9876969
18926,1110891889.8610187
18928,789424274.0400397
18929,502835647.20815456
18930,583731551.6567305
18931,356678287.7938099
18933,538940969.4239237
18934,227461643.0771635
18935,371546315.0776127
18936,433265236.3505784
18937,863124520.0640353
18939,1240021288.7859724
18940,663025707.3400469
18941,1442986071.340345
18942,663379596.0283786
18943,468240701.3901262
18944,399627735.66868645
18946,294982703.40856856
18948,248373100.42451894
18950,216313982.96817264
18952,651024300.7498382
18953,487865487.62964433
18956,429275680.14927566
18957,1155716729.8824096
18958,654895022.7409307
18959,375927787.6374975
18960,375565675.4303947
18961,463073510.58407456
18962,538954066.7014673
18963,543925108.0391686
18964,340090689.6062996
18965,535981950.1893105
18966,1142947712.9408803
18967,605658714.9808406
18968,403799233.48381615
18969,454673930.8504963
18970,439601393.4653755
18972,236383833.40985373
18973,916665840.6971883
18974,532471408.5196496
18975,485260575.356785
18976,373203813.01812077
18977,1449131772.2654634
18979,675463712.6931036
18980,1013954858.803735
18982,237648799.17145544
18983,2012266990.5042126
18985,352007289.89013124
18986,303198478.3416693
18989,882785016.2569925
18990,560139050.2292209
18991,367354969.3480527
18992,413393897.53217
18993,467212383.6989903
18995,700754810.6477194
18996,384932327.4222018
18999,417559913.3834895
19000,600046822.0345184
19002,979346105.7237092
19003,212130921.16178414
19004,517575960.128079
19005,681442693.3535771
19007,1295370928.8124774
19008,858456564.048653
19012,545212257.5581135
19013,363263662.0927861
19014,528741307.1588308
19015,914789054.2890491
19017,906285887.1928773
19018,698741977.1283859
19020,483821680.388541
19022,836679785.5494393
19024,458641100.2339807
19025,564422513.775434
19027,464331211.2666527
19028,580375100.6059188
19029,974871193.8371432
19030,316217993.40621287
19031,367275838.97921795
19032,800369555.6444316
19033,416840773.6864486
19034,388693703.4819257
19035,970123254.5690043
19036,748601608.101143
19037,545359189.6480926
19038,1004173826.0695263
19039,696714418.0218513
19041,351155332.3603506
19042,940493809.3488849
19043,511811714.19932055
19045,1189800958.6272304
19047,815451564.5425122
19048,758330375.9014288
19049,929704007.7035441
19050,805925269.0091114
19051,798668983.6685963
19052,372270981.28223354
19054,409004762.6025384
19055,419981171.32912564
19056,972231302.2634562
19057,212869571.00187707
19058,501463207.2572393
19060,427501587.28204453
19062,606627394.4862386
19063,928877113.6848663
19066,522972231.0571301
19067,1344495624.5153635
19068,340952693.8358612
19069,420360745.10610914
19070,487783393.64544046
19071,359569671.2891034
19072,698322518.035278
19073,1207128544.4580214
19074,507551835.28172237
19078,892504188.484843
19079,267511624.48719302
19080,411360318.82643396
19083,315606841.2752416
19084,356065107.56160235
19085,253889270.17002168
19086,287905541.18834054
19087,636413498.0430446
19088,316910795.136076
19089,398900034.1158497
19090,678941183.9448603
19091,605624035.9012083
19093,378757244.6970244
19094,296762763.3594743
19095,724297424.0258055
19096,517255384.7172905
19097,286287693.75777894
19098,877926295.7615669
19099,883661602.52923
19100,596307399.322504
19101,409287041.78954583
19102,522475771.5088198
19104,473546518.3585656
19106,1244495603.7633624
19108,572470417.0482993
19111,226707220.53883332
19113,577680392.8524932
19114,249909467.29841807
19115,687265671.1221794
19116,601587901.2245935
19117,406979888.82752633
19118,651782886.2303095
19121,399348376.01265585
19122,523537448.1358743
19123,546061460.5584564
19124,435923807.2950868
19127,886093139.3034719
19129,152178455.04144448
19130,934656583.7944292
19134,372309582.173014
19135,857922786.7112736
19136,395048550.6007051
19137,379731412.5500828
19138,532087620.17338365
19139,485215769.23298496
19140,937254989.097879
19142,289397821.15468705
19143,482582259.94684017
19144,517966030.561209
19148,525917330.79703414
19150,1044716117.3831735
19151,751678427.6545265
19153,345430501.8680691
19154,234742675.1403619
19158,336266117.92373455
19159,776342149.8437574
19160,467589708.8578755
19162,773953104.9085782
19163,589665499.9708006
19164,227340356.66112497
19165,519890437.57536805
19166,534402626.4880372
19167,706860799.343619
19168,523643491.11991465
19169,911826998.5962678
19171,734112422.943525
19173,343561490.36649346
19175,1028794506.0494514
19176,869872083.871913
19177,302429618.51146895
19179,317049347.5427175
19180,401859181.7659838
19181,525576740.7909492
19182,1656481197.4417026
19183,328836806.3672479
19184,514022618.6285083
19185,784898475.8503451
19186,491531799.0918012
19187,610285435.5786965
19188,538027736.6272485
19189,407289714.30657715
19192,945397128.5254278
19193,276949964.414551
19194,1410891802.4762058
19195,306752963.9988885
19198,480104795.7966081
19200,422701944.65474385
19201,535752000.38527834
19203,1115265220.7125404
19204,800026440.5813166
19205,1166693889.9272783
19206,1530415258.9391944
19207,308928251.766058
19211,364254262.2636453
19212,233542921.61798498
19213,501048454.87727296
19214,330793116.9226263
19216,678158712.2321266
19217,691149051.9992864
19218,199048698.76447728
19220,432032293.6865088
19222,1322087428.5534048
19224,593329849.9177488
19226,1012645270.2243413
19227,734649691.4293462
19228,422116618.8232098
19229,694815538.0167665
19230,868104137.4741799
19231,964303237.8835033
19234,372582675.096115
19235,636519605.2789562
19236,638788808.7811607
19237,584833344.0223519
19239,586302365.8766977
19240,456060599.1936544
19242,521363741.738318
19244,531125514.87525785
19245,1369966800.4074974
19246,205256601.27276534
19247,328675686.5929862
19248,682887952.6512356
19250,565692438.9099307
19251,357834228.30256057
19252,427511836.8370905
19254,525028395.3135856
19255,359196884.7575456
19256,508275879.4714709
19257,542343423.514511
19258,394606273.76836574
19259,1505026518.6339364
19260,547326121.7668395
19261,358081855.6164626
19262,536291969.9596759
19263,500761141.48316616
19264,388913392.9011143
19266,273167516.07426655
19267,194856479.81232905
19270,844471424.3945639
19271,682634033.6330365
19272,530507135.65029997
19273,714062837.4606714
19274,373503071.88800615
19275,436530889.61414284
19277,596213702.6153688
19278,306008541.0483415
19279,330227649.75409317
19280,240192619.78148183
19281,721156991.4468973
19282,1041256272.8209583
19283,417446030.14187735
19284,1716168767.1759634
19285,464342632.2642692
19286,439891972.80605143
19287,757470809.4751387
19288,369349839.4998093
19289,395581236.0797206
19290,628289001.0598311
19291,514577561.31296957
19292,1051267346.8368527
19293,727556005.0021014
19294,383228664.09351593
19295,504582505.0329964
19296,459282452.9553174
19297,478802205.6538805
19298,731983993.5544498
19299,300676894.1535387
19300,385312058.03245574
19301,866247474.9116893
19302,374188432.3596444
19303,287757628.5576027
19304,863402359.645661
19305,434583740.12798655
19306,1058726934.7043827
19308,542856089.630729
19309,1009741734.0765343
19310,844882037.5326251
19311,354611955.3027121
19312,279855959.27307075
19313,557538813.8354443
19314,553265112.181078
19315,965017708.5360386
19316,1082466733.5982862
19317,449462128.9611647
19318,686487377.5396767
19319,799770045.9821916
19320,426948608.556842
19321,906041308.6905785
19322,491810084.80492973
19323,226798322.2522875
19324,268304810.55500504
19326,572060106.3340385
19327,450524299.42720085
19328,438546020.2507398
19329,472678772.4672311
19330,641064028.8283657
19331,291844603.30728054
19333,614999056.4057262
19334,538126382.5925325
19335,320777246.2398928
19336,801298635.7235297
19337,654495296.1350973
19338,367957673.698554
19339,258936982.36663312
19340,973182399.7787478
19341,1188189876.977046
19343,380562540.8408801
19344,883561136.8477609
19345,556292878.9991167
19347,725943260.0067004
19348,743423699.6348668
19349,581977238.9703475
19350,356686683.2105842
19351,482806103.4407978
19352,275654425.3112741
19353,754746278.2848049
19354,587227278.6329279
19355,685320638.5637302
19356,380707008.0167497
19357,402563952.45391715
19358,1215489068.8137677
19359,316016245.563262
19360,926759361.1921483
19362,315369048.35964155
19363,321566533.69410634
19364,293788889.0265973
19365,860642634.0354306
19366,334421090.51500183
19368,535867892.8985698
19369,266934202.76395547
19370,861013985.500774
19371,686538632.2481177
19372,1282546346.4024441
19373,434773271.7205737
19376,820843063.8582782
19378,631843071.5871451
19379,638267826.8096254
19381,451778311.91435367
19382,571689952.1124924
19383,723559712.2173141
19384,592836115.2857071
19385,398668603.557466
19386,698006499.5677656
19387,500586721.16647786
19389,286155942.4286804
19390,703638672.9664929
19391,460096884.1646253
19392,430816071.59930164
19394,517813520.36134803
19396,238240229.67794925
19397,708552845.7876934
19398,914659684.5893931
19399,968206805.0729073
19400,752036991.6541935
19401,638232770.1060629
19402,330259928.8457303
19403,580515072.543527
19404,327125639.3292122
19405,1029873446.213077
19406,451942860.69812846
19407,391342606.8396481
19408,495828358.37027836
19410,429056549.0427412
19411,653057874.6641265
19412,1000845202.35748
19413,518039507.17361784
19414,762981057.8789324
19415,373369317.62827766
19416,494993078.0128677
19417,295218862.03516835
19418,896550802.3518151
19419,214888883.99851805
19423,403289240.78978723
19425,607109252.6005942
19426,699422071.9348869
19427,352179256.96033597
19428,560221593.4648478
19429,359946695.31097925
19432,637816186.9164625
19433,750428290.2795377
19434,665668453.700075
19435,660651302.258823
19438,866112620.5005413
19439,379897810.74907863
19441,311764449.0635377
19442,819025863.5575511
19443,1281673490.5666966
19445,438744452.303571
19446,419304324.6932219
19448,463719581.4800811
19450,642218265.8107235
19451,443387190.4771316
19452,264678102.7094162
19453,329828999.4159621
19455,434873153.2656303
19456,337010297.8822399
19457,475258095.63268137
19458,339597327.9983877
19459,323727812.8020851
19460,497332035.90816903
19461,680087541.9238985
19462,778197888.8387235
19463,397170040.80368644
19465,414542970.2987524
19466,624683457.1052636
19467,1004419334.0239214
19468,841307835.8987314
19470,428712762.28749335
19471,565704520.5667443
19472,449732722.74751765
19474,617246102.6385577
19475,434926677.82782257
19476,430684334.14448893
19477,1667145728.501844
19478,371569445.2462452
19482,478671659.416385
19483,681786546.3248372
19485,534852313.1980784
19486,478340021.58136237
19488,617972189.6424285
19489,316504641.7483615
19490,226592875.1223347
19491,494382657.6561893
19492,928932958.4895325
19494,1293928697.3835733
19495,693272112.8146098
19496,308641592.5601829
19497,506214688.4874705
19498,425519970.3830838
19502,317140905.179655
19503,506149463.63632536
19506,809177018.1268398
19508,479005987.4421788
19509,924134753.6188308
19510,835361004.0196052
19511,261991632.14128125
19513,643846393.7053512
19514,405302270.17017037
19515,362217597.7100101
19516,286283379.1714368
19517,889968225.6249206
19518,213065827.76026985
19519,327211442.56451845
19521,717415224.488046
19522,697989305.091575
19523,508635972.6834754
19524,401247862.156754
19525,292987410.0789853
19526,378960724.8829677
19527,498305959.5921645
19528,305420338.6823958
19529,175202356.30944797
19532,413532542.98279494
19534,344950063.1357775
19538,476932317.4029282
19539,298580094.5346493
19543,312264203.3270153
19545,745341850.704253
19546,312755623.3082291
19547,462773531.20223206
19548,860113551.9447929
19550,1160612897.4723842
19551,964891092.4578298
19552,956649275.1448898
19554,1063383712.2831488
19556,1188262780.8802946
19557,1392004183.3010805
19558,1176213357.4600787
19559,947129983.2675725
19560,1265246484.234811
19561,914505973.452441
19562,321550238.7559749
19563,328537302.08245814
19565,489620339.24215657
19566,330468021.8802234
19567,368550188.83391225
19569,994282293.686443
19570,603411439.6325791
19571,527711155.2728502
19572,465252746.9809605
19573,439817702.40122676
19574,249795644.36279693
19576,482823272.5015622
19577,505386208.80803275
19578,493961322.2264297
19579,634294721.1237602
19582,511668243.4694797
19583,616607597.9488964
19584,681907397.631217
19585,358710616.0132643
19586,171097636.44451523
19587,357684769.18259704
19589,211872441.57454494
19590,410671870.0052656
19594,441145211.4611167
19595,564946785.4790316
19596,339785493.44784117
19597,524533227.81969076
19598,1006488323.3927696
19599,287591448.44929725
19601,1059380302.7608494
19606,1681884204.2891881
19607,269688922.2781892
19609,817972892.0225713
19611,535554107.4476318
19613,894909460.693733
19614,292364785.05364275
19616,638892679.6790849
19617,748611635.224169
19619,469647331.0657475
19620,742196106.2640835
19621,472312029.36454713
19623,400314109.83606815
19624,517479027.0674914
19625,588791626.8708237
19627,519114759.2227928
19628,377701250.2914101
19629,316166863.26751924
19632,469006425.13953084
19634,612798622.625676
19635,437755507.06744003
19636,988619803.0619692
19637,707697674.6311704
19638,1246494491.7749565
19639,1177406451.166425
19640,823242908.0421375
19641,1508631111.9542708
19642,799255990.0927099
19643,593481011.882065
19644,895918480.6752114
19645,349303193.5923285
19648,1023511583.5975484
19649,685368684.8690147
19650,399416146.8918874
19651,794846189.4609774
19652,1310376737.5993068
19653,405245038.22921854
19654,572813240.0928704
19656,933429631.4445252
19657,1676463183.247685
19658,962697197.1313846
19661,330874369.0782613
19662,563659413.4821739
19663,397568531.70680237
19664,359591728.30396146
19667,713328123.1531614
19668,528824512.039116
19669,1002653848.3668002
19671,457662455.9234231
19672,424893381.7769713
19673,684797385.7504525
19674,325194477.89768326
19675,551428447.1305597
19676,424067555.5277991
19677,595006556.5362314
19680,344554644.80008936
19681,406791431.219998
19684,241550269.24033463
19685,296693735.331888
19686,398587818.8993121
19688,880211941.1610337
19690,391856661.0598712
19691,370250658.4742663
19693,328091422.8878458
19694,1559313413.0262868
19695,684764425.7226707
19696,363704918.56389505
19697,361687899.2063229
19698,320253171.27490366
19699,815961269.5965
19700,427510212.5960127
19702,391205853.5953691
19703,421767099.73201877
19704,319872536.1782035
19706,479928136.9602312
19707,602017252.7191005
19709,414221627.73483044
19710,570239671.2884756
19711,421677876.3535511
19713,409671806.1812596
19714,421590300.1959064
19716,401401691.38770133
19717,505725957.22969663
19718,825334803.6969557
19720,1226199597.7458038
19721,469244248.0581011
19722,883320499.3265759
19723,410868338.8794729
19724,1164193317.7603433
19725,610061622.2628603
19727,671492242.128686
19728,1154623741.7683
19729,495884502.58192325
19730,792782843.0908839
19731,289905972.23516816
19732,353122440.8712939
19733,1175760447.5961032
19734,827644960.1822585
19735,683395450.0472414
19738,731930494.5990589
19740,403138644.21486974
19742,486907496.78025234
19743,530785045.33007365
19744,1502540753.6064467
19745,436386845.433997
19746,179642899.5792327
19747,545805104.3645376
19748,272171130.02213216
19749,473089026.02799517
19750,1207431114.085706
19751,314066616.96448517
19752,607000679.0396531
19753,424047523.8827741
19754,382284425.9540141
19755,354171780.4836661
19757,393353751.5685111
19758,328851860.2412205
19760,318231197.0494286
19761,457013571.0824832
19764,622228369.9880537
19765,314514780.6788283
19766,265863808.00193766
19767,374465107.04162735
19768,388533157.3822429
19769,370042685.7538297
19770,333415672.3803609
19772,428777835.62413883
19773,258497876.79633757
19775,654294035.9948995
19776,716664333.4530834
19778,1087257124.145598
19779,803312892.289289
19780,891588417.630613
19782,494729782.8084213
19784,437646619.055453
19787,1464599884.0996408
19788,305152394.76112187
19789,754467592.0463853
19790,572075510.8150023
19791,510615045.39649534
19792,416968590.660025
19795,1133223249.7561018
19796,452913769.40398943
19797,314178853.6193261
19798,360634899.7336899
19799,333282289.0991989
19800,457369454.7121521
19801,511997477.08666235
19802,358496752.25881046
19803,245396904.36302963
19804,868138603.2667633
19805,421834694.4155824
19806,1646378642.52639
19808,664415634.3332275
19809,688480954.5217663
19811,345479562.0979459
19812,472963026.07859635
19817,400643956.24237317
19818,746424223.8154026
19820,774430163.7663414
19822,370534445.5690349
19823,650610226.4092296
19824,411799111.63245374
19826,1001723793.1384679
19827,985967820.5313404
19828,644208798.1271412
19830,748521176.9533879
19831,608117246.9056072
19832,1222250563.7273223
19833,1363604242.4653432
19835,485689677.5184482
19836,362197845.7887223
19838,871405776.7836792
19839,1007143632.332812
19840,1424845888.4581506
19841,996585666.7689912
19844,437702622.84623504
19845,571090803.480858
19846,699134541.5191519
19847,770337938.8972976
19848,457510330.81656885
19849,456459823.4904721
19850,491463747.0187353
19851,301693051.9881326
19852,323424813.3686124
19853,290373180.6414909
19854,884809324.8803432
19856,596833770.8355569
19857,190389354.0800693
19858,338755182.1814645
19861,315917188.95814073
19863,655257635.7677993
19864,579786770.1870397
19865,542155262.0256308
19867,741191709.5947379
19869,625134752.2938981
19871,546866707.7911844
19872,534137911.32002425
19873,368065730.3547854
19874,1203651997.4346838
19877,707026005.3850186
19878,437449410.25873536
19880,547626421.1709499
19881,727911731.5831255
19882,309652458.9691979
19884,325880836.43896973
19887,731273993.8078251
19888,798621472.7715939
19890,404196885.9948205
19892,731933067.5037737
19893,480825368.59921056
19894,850639085.779223
19895,283092731.8286557
19896,426358682.08913183
19898,474864689.8453748
19899,217317397.39325264
19902,366527584.45070654
19903,658271436.9500588
19905,759152098.6810188
19906,618001698.8084333
19907,661676553.5371658
19908,377201614.66883475
19909,456050213.7505786
19910,277402273.5929018
19911,945174065.0311587
19912,494148087.82552725
19914,660158672.7057376
19915,312950410.5697569
19916,462658046.5566819
19918,341632343.74369127
19923,769188360.997527
19925,365666300.1430194
19926,312082019.0799548
19927,208462379.07576716
19928,243360747.94190276
19930,547567620.1731967
19931,680562029.2320148
19933,368599214.5623326
19934,381751720.59656084
19939,441521582.7024203
19940,1079812515.6942132
19941,1047455820.4999685
19945,385251168.5778744
19946,879262771.7592397
19949,416379819.32174295
19950,307866834.03838557
19954,1428897658.2233107
19957,293711117.08582175
19958,468316789.2193115
19959,325269167.3476539
19960,796603862.4762938
19962,207845611.94648552
19963,318979550.7883682
19964,656184047.1150587
19965,411443565.1716952
19966,504660378.06299675
19967,592555030.1264801
19968,249259761.08928934
19969,203237125.80714798
19970,309596693.9497599
19971,423701114.9958941
19972,577424679.9896263
19973,986386197.8194118
19974,717483462.6017061
19975,246436512.58989358
19976,1106838610.05848
19977,452377303.15913707
19978,488226581.9996247
19979,276888809.0173773
19983,738810441.9790883
19984,476713182.14842486
19986,544852396.9816909
19987,1785187541.9131558
19988,311928045.70709085
19989,464673980.0039489
19990,429821211.4729006
19993,642569799.0740386
19994,407086944.92127067
19995,818557020.7430663
19996,380741837.0979325
19998,297651327.85336375
20000,431439568.6840786
20001,456654146.3900971
20003,823193341.0242213
20004,387120323.90130335
20005,570094176.8399607
20009,908879684.0240855
20012,575773462.4768574
20014,497124705.0779457
20015,300362569.8320325
20016,355965354.8990628
20017,255822080.10727334
20018,302459634.09124297
20019,202439763.16587952
20020,315796455.8140873
20022,247419522.0343623
20023,326073644.1271902
20024,349687656.60948884
20025,1240216881.8102837
20026,1594848782.273066
20027,529672843.6609683
20029,299501466.31206673
20030,681225883.4557118
20031,330180026.3897852
20033,795891088.8034245
20034,481959542.55103976
20035,427435997.89799696
20036,516866756.1823718
20037,217796861.1061165
20038,369873041.24622756
20040,329678275.0352801
20041,304052262.2079263
20043,549158463.3489628
20044,513274837.0686604
20045,254075221.30390373
20046,468672570.6184179
20047,289213651.1338163
20049,262322624.75948018
20050,483142880.5904204
20051,471059993.8247923
20052,837356390.6565179
20053,696079351.0463994
20057,557400433.3742545
20058,606190267.3468318
20059,368824403.95297325
20060,620303731.7797246
20061,307160676.92219996
20063,303317866.6841247
20064,1148532962.7524028
20065,613937734.8427374
20066,736687133.2220004
20068,550611956.8502874
20069,517481399.8896855
20070,681268979.4654671
20071,602250598.8933268
20072,623364881.4574999
20073,1036851087.8774031
20074,1213981470.8906627
20075,1409216693.7269
20076,807763763.5384866
20077,787428014.4436016
20078,1019092573.4103692
20079,871382635.4267776
20080,1163142795.8786802
20081,890290482.1938449
20082,560645988.921013
20083,312878500.1370649
20084,803404403.6762109
20089,327414476.7555405
20090,346603215.2544446
20092,559186084.2151934
20093,545116760.7952777
20094,631873569.9588842
20095,667080839.7417346
20096,798786428.7545033
20097,877627214.610363
20099,257689165.19732565
20100,791089441.6233
20101,770877780.2297271
20102,360475947.6766961
20105,339701351.05017877
20106,224289696.3967206
20108,444083701.72795343
20109,356902238.29560715
20110,394785739.1779121
20111,494505089.9647114
20112,320797836.5286355
20113,1378260058.603254
20114,1007171509.8584836
20116,861249806.9922434
20117,845289226.609168
20118,536568888.1699964
20119,366511884.2291418
20120,450321695.92368925
20121,640244895.2358836
20122,386656168.71628225
20123,510140412.8005166
20125,751464892.4950463
20126,595957105.912522
20129,850228312.5791601
20130,487633419.0695071
20132,485479014.66306967
20134,303452041.23007476
20135,399619638.3863605
20136,419137644.5879079
20140,418334135.0701969
20142,275524939.1382728
20143,621438607.9688257
20145,345788936.9499367
20146,470574629.53783107
20148,430456499.75159794
20151,479299194.7429144
20152,430211443.56449366
20154,389579069.02876866
20157,741656357.677839
20158,1052679135.3645315
20159,446055555.8191456
20161,703627612.8706691
20163,644853949.2568057
20164,943925324.269843
20165,275075773.25348234
20166,233797674.2724551
20167,573400906.8875227
20168,878469356.3361571
20171,902492958.7593856
20172,544510067.4162241
20173,444618626.5768085
20175,1139787731.5353243
20178,345747113.2656268
20179,568759876.4683045
20181,594984044.4891899
20182,302694581.89643884
20183,258241995.95950243
20185,332394846.4731917
20188,322544173.77593553
20189,246620426.46697295
20190,707650498.2889192
20192,509697028.5087179
20193,395099163.07723373
20194,323417065.6498789
20196,557571418.3647463
20197,507173533.4139455
20198,445157161.7938277
20199,678042594.7255571
20200,365828603.49572897
20202,275674265.38359445
20203,520182005.3060399
20204,1540704350.1945345
20206,862091587.270436
20207,1023701293.4083523
20210,345943773.51528424
20213,594309883.1067274
20220,1067846390.6520973
20224,792702255.1345277
20226,507903604.3193589
20227,1304207840.1236296
20231,231699314.95633087
20233,1149848832.8228805
20234,943232412.9830716
20235,741790657.2445031
20237,248776326.27508324
20239,260316036.79219916
20240,451203544.82487893
20241,540904419.4444834
20242,370442115.3186431
20243,203886238.81682932
20244,869505326.3376987
20245,944854908.3529661
20247,255378211.8078668
20248,485825054.88770324
20249,409604139.13015175
20250,192551487.27503395
20251,270617742.97573495
20252,539212450.0881276
20253,874000820.9506668
20254,966771861.3945348
20257,367293953.29832256
20260,696104947.6294957
20266,428225186.952475
20267,1153133581.6675422
20269,258813574.667066
20270,445347901.03529036
20273,565723010.2796147
20274,768599393.8618423
20276,320332771.69115317
20277,365095072.8774677
20279,369309976.2326248
20280,476809508.9419761
20281,519519234.7241603
20282,347018760.534732
20283,700530704.7213938
20284,428571997.9875288
20285,571891381.3260753
20286,272626521.99692696
20288,1070689935.4125689
20289,1617401872.7024534
20290,924728589.0121052
20291,405370890.0979847
20293,329919090.2630508
20296,372718154.2440979
20297,434843086.9087459
20298,309670452.09416807
20299,524879214.90530145
20300,730194837.4714109
20301,416169345.76067317
20303,338303976.2518521
20305,722677241.6944132
20307,483045011.3621313
20308,504848900.33190984
20310,353778728.01534486
20312,426852162.0215858
20314,363432588.5309376
20315,472608844.0930957
20316,915856547.7475586
20320,757626397.2473174
20321,362038264.80934924
20323,398838631.70632094
20324,356971645.4110919
20326,343646997.6669972
20327,383303828.4325159
20328,116525550.63615966
20329,402788806.9956982
20331,422977037.99629223
20332,510984726.1015622
20334,497813237.79105103
20337,768006591.3514676
20338,338456288.6768235
20339,463551116.2408819
20341,467829434.0124602
20342,723886255.5228215
20343,304565828.6523922
20345,665715403.8025494
20347,240513387.7659945
20349,1106136657.5840347
20352,490119832.8261237
20353,256154745.94980934
20355,836929840.6645074
20356,569028347.232148
20357,514441038.3633621
20358,525149130.37664866
20360,294749911.818187
20365,331685179.047633
20366,329938203.40833324
20367,939115626.741871
20368,165738803.0824953
20369,726019999.5184492
20370,700063200.0792863
20371,323305536.87906396
20372,811753662.5548315
20373,351872079.69131106
20374,979014634.2188952
20377,288175073.8755449
20379,529000303.72245264
20381,472138048.5963311
20382,372642709.2021442
20386,231572818.41841742
20387,396300920.0616282
20389,244128533.33243334
20390,480773619.19754785
20391,507145642.9865227
20393,1032172108.2179724
20394,345209514.1562825
20395,624216383.0436263
20396,490093609.5651675
20397,267619377.5534411
20398,469840737.18821865
20399,795177109.2363483
20400,461811002.6199299
20401,383808245.5202088
20402,222481057.1318238
20403,1875031938.90372
20404,112646230.90140633
20405,449092730.3185857
20406,211912204.96945742
20408,276679256.01583016
20410,457233047.1132599
20411,728614568.1825807
20413,337050430.31459576
20415,881157131.6840167
20416,530672262.69278204
20418,700975229.3101778
20421,245643857.22254258
20422,429151897.77468854
20423,513377996.2237703
20424,764431388.6333274
20425,686589381.8685108
20427,367669931.1454097
20428,865856214.3106877
20429,611926735.6985945
20430,494788073.0650497
20432,514287091.5434411
20434,366198914.14397085
20435,427176781.75732964
20436,311854761.5778546
20437,770815707.4628333
20438,464832234.1444555
20439,515858998.2932093
20440,580804398.1952229
20441,897140591.9703411
20442,548884699.0679073
20443,408476387.47402906
20444,549654823.9706707
20445,532835706.7554648
20446,523959102.48568165
20447,309820141.38216704
20448,365607624.86017203
20449,217359100.67226928
20450,334997815.90040714
20451,440827582.18708235
20453,429306210.5271039
20455,471832020.7575191
20456,471490125.5105573
20457,358703407.373037
20459,801783946.5117034
20461,554727719.0497226
20462,482513938.3306808
20464,256580270.51649076
20465,555531708.4584447
20466,377863236.78990597
20467,365010629.37045395
20473,420520881.1595329
20474,919790362.3204727
20475,283657143.7240569
20476,555323547.9140012
20477,399466988.2533624
20478,697647523.8399421
20479,471908962.1238959
20480,592643595.1602676
20481,716863738.1608298
20483,375427837.4241083
20486,496128548.9213904
20487,428812084.0011445
20488,419366389.93578434
20489,417068786.3967382
20490,591125157.7534283
20492,649349054.5546707
20493,474954142.5575539
20494,559441123.5016254
20496,481077421.75052994
20499,443865644.2981976
20500,888940888.8048458
20502,448555460.13273543
20503,488028862.118266
20504,501611152.9714183
20506,805845831.0534062
20508,572189819.4344523
20513,263239275.93758783
20514,534445335.5687485
20515,1701415761.2879596
20516,1605715408.5253313
20518,432364499.18689877
20520,587159141.7532125
20521,311903739.27971864
20522,605045325.4974403
20524,472126110.8848832
20525,567084785.6932187
20527,539813992.4968956
20528,405061741.8194484
20530,1625112070.535162
20532,302145598.1492779
20534,308550264.84606403
20536,351241041.7258274
20537,702455975.3259412
20539,424703503.4898225
20541,733733680.7080894
20543,692704772.8121122
20544,382323035.53616834
20548,660021307.3898038
20550,383088279.8595437
20551,655310784.9595715
20553,211646656.66575623
20554,220642428.4483444
20556,750673472.1022892
20557,476979206.4237441
20558,336165031.11804414
20560,621926632.7129946
20562,1401492380.880066
20566,500665314.6330751
20570,360190757.29103374
20571,760568499.9909656
20572,184110335.3726419
20573,498307392.0467678
20576,363225444.54506916
20577,1065189223.3575981
20580,454238445.2112222
20582,541299884.4526279
20587,504496662.54314345
20588,596573520.096644
20591,265356233.84646922
20592,564883318.8454123
20593,889174166.2340683
20594,243299893.78582802
20596,512753553.73370886
20599,517398059.90722024
20600,565822841.0254945
20601,421247119.67557716
20603,311357046.37114394
20604,871452874.6293617
20605,524631172.40718496
20606,291065763.3773312
20608,216329914.81673643
20609,548177859.2081813
20610,540075601.8944727
20611,439977421.7102059
20612,472382002.12617356
20613,612874825.8926073
20615,272586935.7450669
20616,169077474.6947389
20617,245804719.4580531
20618,444260722.22436845
20620,550291583.5287428
20622,322318297.5643505
20624,507382075.5892296
20625,442491950.1111907
20626,464649727.8185643
20629,312235385.77663064
20630,617562152.3544005
20632,666134589.3077241
20634,221715847.1079956
20636,495923739.9435497
20637,468507081.0327934
20643,381890626.4680381
20645,439671640.42271656
20646,323587734.4073633
20649,169598452.4995393
20650,335899727.67972434
20651,960705231.1592028
20654,290564563.9919206
20655,672852329.9946591
20656,242140145.69082862
20658,598540701.5444618
20659,389412819.3095154
20662,401968656.2414042
20663,395738948.0728611
20664,384075581.15533304
20667,512907791.94566315
20668,1157389280.4453824
20669,288246793.06054664
20670,426634100.972979
20671,727380726.4710894
20672,737083971.8292608
20673,224433967.75903618
20675,247398210.45417297
20676,591862268.5775766
20677,409282875.0054191
20680,302214859.91732097
20681,509392802.3745322
20683,596531569.8110499
20684,578875750.2123348
20685,351771275.6019865
20686,961203191.8536321
20687,440261200.6417915
20688,307413317.29903454
20689,299824632.52500916
20690,242291053.826404
20691,473754419.89892834
20692,278897320.20672274
20693,312475097.01655746
20695,357373111.43007696
20697,401278294.36945987
20699,322287861.05897844
20701,391419183.11895335
20704,261995267.45679814
20706,502043406.04206306
20708,407736719.73566043
20712,666756920.7368941
20714,442289464.8134857
20715,582324561.5162841
20717,375074005.48817885
20718,474884168.07471377
20720,602742525.1109805
20721,462933036.20718205
20723,627073005.9487426
20725,331100065.5198331
20726,444715125.0344319
20727,735269216.805344
20730,386477130.18799347
20731,924957309.2410884
20733,434272704.6828989
20734,609628734.942977
20735,278914162.91052586
20741,315088052.6824144
20743,431137259.7606267
20744,441734725.19834256
20747,568097238.0355585
20749,870791410.1558075
20750,587152535.8920476
20751,904425487.3008158
20753,375507228.0271725
20754,340337303.8847745
20756,791178573.141716
20758,183363348.60595188
20759,736114987.6559175
20760,703832725.231561
20762,399454007.5648976
20763,448639430.8575347
20765,464393272.489864
20766,714729149.0670639
20767,1108032146.201362
20768,763054163.3060333
20769,434784542.9842784
20771,384670308.04998845
20774,195914840.5822952
20775,356938721.61572325
20777,409539276.349004
20778,545322892.5888622
20779,652882546.5289342
20780,395188816.1611809
20782,255958308.38961744
20783,634947567.6514022
20788,504187804.4717612
20789,364753726.24914056
20792,251796169.86532557
20793,693273782.9434952
20797,452751186.0725179
20798,376823329.87610793
20802,419577837.27999663
20803,293706341.9678033
20804,267077529.30728266
20805,259908008.1428461
20811,348368790.3898597
20814,445434660.59726495
20815,353070433.8722576
20818,212393370.819855
20819,179347467.78036082
20820,391086407.2968987
20822,348723533.39300674
20823,240705108.39395642
20825,569665408.1506954
20826,359804212.7670158
20827,1569478305.5971334
20828,296138823.08501387
20830,296632872.5362305
20832,391183535.5405932
20833,586345288.88873
20834,157926632.09311467
20835,418821015.6763665
20836,265531919.0131391
20839,326610524.156315
20840,811559460.3044907
20841,551543862.5146866
20842,316823067.43880665
20845,285466074.13870054
20846,521853725.23566
20847,501402569.3509542
20848,243187826.95537674
20849,455093173.0711496
20852,790068504.3675425
20858,458386615.61353785
20860,655148164.3014573
20866,302319416.33312136
20870,626482855.3642566
20872,323615258.8671335
20873,260386804.36472076
20875,426624528.0037879
20879,233053117.6087309
20882,404091938.0069016
20883,789146674.9429182
20887,396284626.66059446
20888,315216887.32092774
20891,266932067.27513507
20894,1453263582.1919935
20896,384722648.6144198
20897,716712784.4455531
20898,302299432.5750177
20900,454239958.62328506
20901,422276104.26610756
20905,303985287.03653723
20906,571659842.045043
20914,409338959.7356735
20915,326506867.99297667
20916,283768976.9264543
20917,562558964.5820042
20918,186066739.17551947
20922,756472258.9419107
20923,508308182.9567419
20929,298971863.2991688
20930,250945850.1623023
20931,235944934.34467143
20934,505743839.1635769
20937,358006984.2652072
20938,599941279.1727517
20944,231822416.3622973
20946,251768787.39063746
20948,1677258519.656076
20951,168348716.95643786
20955,543490578.7179742
20960,322965302.1494002
20964,384259695.85567516
20965,479268995.1677816
20966,530474138.16102046
20967,152857503.18358847
20978,246237088.87336078
20995,308929795.5458006
20996,398144680.6350389
21003,325850248.1390727
21015,489794986.901536
21017,313041737.859854
21029,353986192.5659059
21031,938146839.2464262
21032,367018546.6241327
21033,359852022.90820944
21034,557693897.9432988
21035,402655043.23517865
21036,850321888.1732259
21037,673840975.0718511
21038,717853156.2968256
21044,414709039.46006656
21045,613867517.5952781
21046,405384011.9570652
21047,408137318.8427367
21048,316871674.0114659
21049,697055661.5216689
21052,358736896.38752985
21053,231515292.0904288
21055,364011133.1383021
21056,236910876.6892713
21058,335497993.9238926
21060,489939261.5903815
21061,864882738.7560534
21065,414511138.7529026
21066,1479205969.6080709
21067,403819340.3559092
21069,718857336.2357477
21070,668067677.2721784
21073,414187311.9875653
21074,377496350.2812317
21075,1048423786.2314289
21079,1013386858.355955
21080,509376251.2967633
21082,209856789.37517026
21085,321670523.7130008
21086,469663744.70307606
21087,669252215.5758225
21091,291358063.12419754
21093,396339994.2710414
21095,262624767.92086488
21096,500973359.21177745
21097,605334172.8086947
21100,206617837.73660174
21103,442087785.8902007
21104,317964753.21022224
21106,444989243.81936216
21107,448874465.39758533
21109,515808030.7783641
21110,387996424.58668226
21111,749380934.7756922
21112,454146942.1671046
21113,384213001.96297556
21114,279497771.9095935
21115,1011011717.9041901
21116,544138649.410696
21117,283411203.65726596
21118,664891124.6380997
21119,616310580.7915645
21120,345477280.4816899
21121,411771927.49672455
21123,586337858.7235134
21124,624094116.8948599
21125,1002404933.8743172
21132,256800468.13429618
21133,332722115.99847007
21134,192147157.48260713
21136,703399516.8156071
21140,756088651.9464872
21142,460027814.853172
21150,540776769.0259873
21152,554475245.4557137
21153,304588309.77820635
21155,415572688.92174923
21156,407906318.0745433
21157,739287380.7600443
21158,709543335.8942069
21159,686061999.3691324
21164,514676408.2802245
21166,313719007.4473995
21170,500703738.2146897
21171,487174189.7882254
21172,419858037.1386809
21173,172219517.69733897
21207,258071773.94445685
21208,565260948.784329
21211,807011644.3213682
21214,473701112.9527909
21215,335830424.71848315
21217,717340930.5021917
21218,583218630.8098283
21221,665604967.4127777
21223,250255776.01033667
21225,449676129.2960575
21226,268245008.36347544
21228,734068417.3584173
21230,278120344.777576
21231,255758244.3741818
21232,344790358.894211
21233,298068550.6913706
21235,116234145.89702265
21236,316329613.10899365
21237,385109507.7789017
21238,430901870.16526103
21239,333636505.86966085
21241,739094674.8654835
21244,280361444.63716215
21248,325716703.04407406
21249,300183059.63385695
21253,375013421.7521834
21255,290451708.0834146
21256,481845323.9138411
21257,583539120.7707623
21264,470677317.3060526
21265,316970077.19191074
21266,999014799.7445247
21268,399802321.4386646
21269,827601527.4688405
21275,433958575.3483646
21279,631726223.3695384
21293,355510308.0079741
21297,215629672.7138754
21305,302320803.1418218
21313,290535433.21028966
21316,502731650.6855353
21317,514202078.4824674
21324,308554694.84653753
21325,736830724.5073446
21339,454422290.8500511
21415,399120893.76544684
21420,395075863.14785004
21422,548688195.7801876
21428,383409961.97557956
21431,447915961.026597
